game_id,season,period,team_id,opp_team_id,is_home,start_sec,start_type,start_bucket,first_shot_sec,went_2for1,margin_start,team_pts,opp_pts,team_poss,opp_poss,got_second_poss,opp_got_second_poss,team_off_rtg,opp_def_rtg,net_pts
0022200001,2022-23,1,15,24,1,34.5,MADE_BASKET,33-36,30.2,1,-2,0,5,2,1,1,0,118.9,113.3,-5
0022200001,2022-23,2,15,24,1,34.8,DEAD_BALL,33-36,23.8,0,-14,3,0,1,1,0,0,118.9,113.3,3
0022200001,2022-23,3,24,15,0,41.3,LIVE_TOV,39-42,34.3,1,17,3,0,2,2,1,1,120.3,112.7,3
0022200002,2022-23,1,13,2,0,37.3,MADE_BASKET,36-39,16.8,0,-4,3,0,1,1,0,0,111.8,119.0,3
0022200002,2022-23,2,2,13,1,37.2,DREB,36-39,34.8,1,4,0,2,2,1,1,0,118.0,103.4,-2
0022200002,2022-23,3,2,13,1,33.4,MADE_BASKET,33-36,28.4,1,-1,0,2,2,1,1,0,118.0,103.4,-2
0022200003,2022-23,1,14,22,1,33.7,MADE_BASKET,33-36,19.7,0,-3,0,1,1,1,0,0,118.8,117.1,-1
0022200003,2022-23,3,14,22,1,42.4,MADE_BASKET,42-45,30.0,1,14,5,0,2,1,1,0,118.8,117.1,5
0022200004,2022-23,1,5,8,0,31.3,DREB,30-33,18.8,0,-1,2,2,1,1,0,0,111.3,113.6,0
0022200004,2022-23,2,8,5,1,44.0,LIVE_TOV,42-45,37.6,1,-10,4,0,3,2,1,1,110.4,118.5,4
0022200005,2022-23,1,21,5,1,34.4,MADE_BASKET,33-36,21.8,0,0,2,0,1,1,0,0,118.7,118.5,2
0022200005,2022-23,2,21,5,1,42.6,DREB,42-45,38.7,1,4,0,0,2,2,1,1,118.7,118.5,0
0022200005,2022-23,3,21,5,1,44.9,DREB,42-45,33.2,1,2,2,2,2,2,1,1,118.7,118.5,0
0022200006,2022-23,1,29,10,0,32.2,DREB,30-33,18.5,0,8,2,0,1,1,0,0,119.3,113.5,2
0022200006,2022-23,2,10,29,1,34.7,MADE_BASKET,33-36,15.5,0,-10,3,2,2,1,1,0,119.8,121.4,1
0022200006,2022-23,3,29,10,0,32.8,DREB,30-33,29.5,1,8,2,0,2,2,1,1,119.3,113.5,2
0022200007,2022-23,1,7,2,0,30.3,MADE_BASKET,30-33,11.1,0,-11,2,3,1,1,0,0,113.2,119.0,-1
0022200007,2022-23,2,7,2,0,40.8,MADE_BASKET,39-42,31.1,1,-23,5,2,2,1,1,0,113.2,119.0,3
0022200007,2022-23,3,2,7,1,33.7,MADE_BASKET,33-36,17.4,0,9,0,3,2,1,1,0,118.0,117.1,-3
0022200008,2022-23,1,12,1,0,33.4,DREB,33-36,9.9,0,-10,0,2,1,1,0,0,111.9,121.2,-2
0022200008,2022-23,2,12,1,0,44.7,DREB,42-45,33.0,1,-13,4,2,2,2,1,1,111.9,121.2,2
0022200008,2022-23,3,12,1,0,37.9,MADE_BASKET,36-39,16.9,0,-18,0,0,1,1,0,0,111.9,121.2,0
0022200009,2022-23,1,21,7,0,41.2,MADE_BASKET,39-42,37.0,1,-1,0,0,2,1,1,0,118.7,117.1,0
0022200009,2022-23,2,7,21,1,32.3,LIVE_TOV,30-33,29.8,1,1,0,0,1,1,0,0,113.2,107.9,0
0022200009,2022-23,3,21,7,0,32.6,DREB,30-33,14.8,0,-9,2,0,1,1,0,0,118.7,117.1,2
0022200010,2022-23,1,15,13,1,40.5,DREB,39-42,32.5,1,2,0,0,2,1,1,0,118.9,103.4,0
0022200010,2022-23,2,13,15,0,40.1,MADE_BASKET,39-42,33.3,1,-3,0,0,2,2,1,1,111.8,112.7,0
0022200010,2022-23,3,13,15,0,38.3,MADE_BASKET,36-39,25.6,0,-3,2,0,1,1,0,0,111.8,112.7,2
0022200011,2022-23,2,26,17,1,30.3,DREB,30-33,8.4,0,-6,2,0,1,1,0,0,113.0,120.1,2
0022200011,2022-23,3,17,26,0,40.3,DREB,39-42,33.6,1,-4,3,2,2,2,1,1,121.1,118.7,1
0022200012,2022-23,1,12,18,0,43.1,DEAD_BALL,42-45,28.6,1,4,2,2,2,1,1,0,111.9,118.0,0
0022200012,2022-23,3,18,12,1,32.4,DREB,30-33,13.6,0,-3,2,0,1,1,0,0,109.9,116.6,2
0022200013,2022-23,1,15,17,1,43.5,MADE_BASKET,42-45,36.2,1,13,0,2,2,2,1,1,118.9,120.1,-2
0022200013,2022-23,2,17,15,0,37.2,DREB,36-39,29.7,1,-7,3,3,2,1,1,0,121.1,112.7,0
0022200013,2022-23,3,15,17,1,31.0,MADE_BASKET,30-33,10.1,0,3,2,0,1,1,0,0,118.9,120.1,2
0022200014,2022-23,2,30,14,1,39.6,DREB,39-42,30.0,1,12,0,2,1,1,0,0,112.3,119.9,-2
0022200014,2022-23,3,14,30,0,35.0,DREB,33-36,28.9,1,-13,2,0,2,1,1,0,118.8,112.5,2
0022200015,2022-23,1,29,14,1,38.8,MADE_BASKET,36-39,23.3,0,4,3,0,1,1,0,0,119.3,119.9,3
0022200015,2022-23,2,14,29,0,40.7,MADE_BASKET,39-42,31.2,1,-5,2,2,2,1,1,0,118.8,121.4,0
0022200015,2022-23,3,14,29,0,33.2,LIVE_TOV,33-36,31.6,1,-1,0,2,2,1,1,0,118.8,121.4,-2
0022200016,2022-23,1,18,4,0,36.5,MADE_BASKET,36-39,21.5,0,4,2,0,1,1,0,0,109.9,123.9,2
0022200016,2022-23,2,4,18,1,41.4,MADE_BASKET,39-42,34.7,1,-9,4,2,2,1,1,0,117.5,118.0,2
0022200016,2022-23,3,18,4,0,36.8,MADE_BASKET,36-39,24.8,0,-8,2,0,1,1,0,0,109.9,123.9,2
0022200017,2022-23,1,14,24,1,44.9,MADE_BASKET,42-45,30.6,1,-4,0,0,1,1,0,0,118.8,113.3,0
0022200017,2022-23,2,14,24,1,35.8,MADE_BASKET,33-36,29.7,1,-14,0,0,2,1,1,0,118.8,113.3,0
0022200017,2022-23,3,24,14,0,33.0,DREB,33-36,30.6,1,14,3,0,2,1,1,0,120.3,119.9,3
0022200018,2022-23,2,28,13,1,42.7,MADE_BASKET,42-45,30.8,1,-5,4,2,2,1,1,0,117.8,103.4,2
0022200018,2022-23,3,13,28,0,36.2,DREB,36-39,24.3,0,8,2,2,1,1,0,0,111.8,116.2,0
0022200019,2022-23,1,18,9,1,41.9,DREB,39-42,28.8,1,2,3,2,2,1,1,0,109.9,118.2,1
0022200019,2022-23,2,18,9,1,42.6,DREB,42-45,31.4,1,7,3,0,2,1,1,0,109.9,118.2,3
0022200019,2022-23,3,9,18,0,33.0,DREB,33-36,18.4,0,-8,2,2,2,1,1,0,116.7,118.0,0
0022200020,2022-23,1,13,17,1,38.3,MADE_BASKET,36-39,33.0,1,-3,3,2,2,1,1,0,111.8,120.1,1
0022200020,2022-23,3,17,13,0,34.7,MADE_BASKET,33-36,18.7,0,-13,0,1,2,1,1,0,121.1,103.4,-1
0022200021,2022-23,1,23,22,1,42.1,DEAD_BALL,42-45,33.2,1,-6,0,2,2,1,1,0,112.7,117.1,-2
0022200021,2022-23,2,22,23,0,33.4,MADE_BASKET,33-36,21.5,0,11,1,0,1,1,0,0,117.1,118.1,1
0022200021,2022-23,3,23,22,1,38.2,MADE_BASKET,36-39,20.4,0,-17,3,0,1,1,0,0,112.7,117.1,3
0022200022,2022-23,1,22,11,0,40.8,DREB,39-42,26.4,0,-5,2,0,2,1,1,0,117.1,121.8,2
0022200022,2022-23,3,11,22,1,38.2,DREB,36-39,36.4,1,0,1,0,2,2,1,1,118.3,117.1,1
0022200023,2022-23,1,25,2,1,33.2,DREB,33-36,31.5,1,6,0,0,2,1,1,0,113.7,119.0,0
0022200023,2022-23,2,25,2,1,33.6,DEAD_BALL,33-36,28.7,1,5,2,0,2,1,1,0,113.7,119.0,2
0022200023,2022-23,3,2,25,0,32.6,DREB,30-33,20.0,0,-6,0,0,1,1,0,0,118.0,113.8,0
0022200024,2022-23,1,15,20,0,38.0,DREB,36-39,31.7,1,-2,0,0,2,2,1,1,118.9,114.8,0
0022200024,2022-23,3,15,20,0,36.8,DREB,36-39,30.4,1,-6,0,3,2,1,1,0,118.9,114.8,-3
0022200025,2022-23,2,14,4,1,34.8,DREB,33-36,15.1,0,1,2,0,1,1,0,0,118.8,123.9,2
0022200025,2022-23,3,14,4,1,43.4,MADE_BASKET,42-45,27.3,0,-1,4,2,2,2,1,1,118.8,123.9,2
0022200026,2022-23,1,2,23,1,35.3,DEAD_BALL,33-36,14.4,0,1,2,0,1,1,0,0,118.0,118.1,2
0022200026,2022-23,2,2,23,1,40.8,MADE_BASKET,39-42,28.5,1,-7,2,0,2,2,1,1,118.0,118.1,2
0022200026,2022-23,3,2,23,1,44.8,DREB,42-45,28.7,1,-9,0,4,2,1,1,0,118.0,118.1,-4
0022200027,2022-23,1,11,8,1,32.9,MADE_BASKET,30-33,14.3,0,-6,2,0,1,1,0,0,118.3,113.6,2
0022200027,2022-23,2,8,11,0,41.9,MADE_BASKET,39-42,33.1,1,-1,4,2,2,1,1,0,110.4,121.8,2
0022200027,2022-23,3,8,11,0,31.8,MADE_BASKET,30-33,8.3,0,-6,0,0,1,1,0,0,110.4,121.8,0
0022200028,2022-23,1,19,12,1,37.2,MADE_BASKET,36-39,22.9,0,1,2,0,1,1,0,0,123.8,116.6,2
0022200028,2022-23,3,12,19,0,37.8,MADE_BASKET,36-39,21.8,0,1,2,2,2,1,1,0,111.9,106.9,0
0022200029,2022-23,2,29,1,1,42.8,DREB,42-45,34.9,1,-9,3,0,2,2,1,1,119.3,121.2,3
0022200029,2022-23,3,29,1,1,42.4,MADE_BASKET,42-45,29.0,1,-10,0,0,2,1,1,0,119.3,121.2,0
0022200030,2022-23,1,22,29,1,33.6,MADE_BASKET,33-36,14.4,0,-8,1,0,1,1,0,0,117.1,121.4,1
0022200030,2022-23,2,22,29,1,39.6,DREB,39-42,33.2,1,0,2,0,2,1,1,0,117.1,121.4,2
0022200030,2022-23,3,29,22,0,40.6,MADE_BASKET,39-42,26.4,0,-4,5,2,2,1,1,0,119.3,117.1,3
0022200031,2022-23,1,28,19,1,37.3,MADE_BASKET,36-39,31.4,1,-5,2,0,1,1,0,0,117.8,106.9,2
0022200031,2022-23,2,19,28,0,45.0,MADE_BASKET,42-45,34.1,1,-3,4,2,2,1,1,0,123.8,116.2,2
0022200031,2022-23,3,19,28,0,39.9,DREB,39-42,34.5,1,-2,3,2,2,1,1,0,123.8,116.2,1
0022200032,2022-23,1,12,24,1,41.5,DREB,39-42,31.9,1,-6,0,0,2,1,1,0,111.9,113.3,0
0022200032,2022-23,2,12,24,1,34.4,MADE_BASKET,33-36,12.7,0,-13,3,0,1,0,0,0,111.9,113.3,3
0022200033,2022-23,1,1,19,1,42.1,MADE_BASKET,42-45,32.4,1,-1,3,0,2,1,1,0,112.4,106.9,3
0022200033,2022-23,3,1,19,1,39.2,MADE_BASKET,39-42,21.5,0,3,0,2,1,1,0,0,112.4,106.9,-2
0022200034,2022-23,1,12,21,1,40.5,DREB,39-42,32.4,1,4,0,2,2,1,1,0,111.9,107.9,-2
0022200034,2022-23,3,21,12,0,40.0,DREB,39-42,29.7,1,15,0,2,2,1,1,0,118.7,116.6,-2
0022200035,2022-23,1,6,18,1,41.6,DREB,39-42,23.9,0,4,0,3,1,1,0,0,117.2,118.0,-3
0022200035,2022-23,2,18,6,0,34.6,DREB,33-36,29.4,1,-14,2,0,1,1,0,0,109.9,109.2,2
0022200035,2022-23,3,6,18,1,41.7,MADE_BASKET,39-42,34.8,1,13,3,0,1,1,0,0,117.2,118.0,3
0022200036,2022-23,1,7,29,1,33.3,DREB,33-36,17.8,0,6,2,2,1,1,0,0,113.2,121.4,0
0022200036,2022-23,2,7,29,1,34.7,MADE_BASKET,33-36,14.0,0,4,0,0,1,1,0,0,113.2,121.4,0
0022200036,2022-23,3,29,7,0,34.9,DREB,33-36,17.6,0,2,0,2,1,1,0,0,119.3,117.1,-2
0022200037,2022-23,1,30,12,1,40.9,MADE_BASKET,39-42,34.3,1,3,2,0,2,2,1,1,112.3,116.6,2
0022200037,2022-23,2,12,30,0,30.8,LIVE_TOV,30-33,10.4,0,-13,2,0,1,1,0,0,111.9,112.5,2
0022200037,2022-23,3,30,12,1,35.7,DREB,33-36,31.9,1,14,0,0,2,1,1,0,112.3,116.6,0
0022200038,2022-23,1,29,20,1,39.7,MADE_BASKET,39-42,24.8,0,-5,1,2,1,1,0,0,119.3,114.8,-1
0022200038,2022-23,2,29,20,1,43.4,DREB,42-45,33.7,1,-2,3,3,2,1,1,0,119.3,114.8,0
0022200038,2022-23,3,29,20,1,37.8,MADE_BASKET,36-39,23.1,0,11,3,2,2,1,1,0,119.3,114.8,1
0022200039,2022-23,1,10,25,1,36.4,DREB,36-39,31.9,1,3,0,2,2,2,1,1,119.8,113.8,-2
0022200039,2022-23,2,25,10,0,32.6,MADE_BASKET,30-33,10.0,0,0,1,0,1,1,0,0,113.7,113.5,1
0022200039,2022-23,3,25,10,0,37.1,MADE_BASKET,36-39,20.4,0,-6,2,3,1,1,0,0,113.7,113.5,-1
0022200040,2022-23,1,1,3,1,35.7,MADE_BASKET,33-36,19.9,0,-4,2,0,2,1,1,0,112.4,118.0,2
0022200040,2022-23,2,1,3,1,41.2,DREB,39-42,36.2,1,0,0,2,2,1,1,0,112.4,118.0,-2
0022200040,2022-23,3,3,1,0,40.8,MADE_BASKET,39-42,19.4,0,-2,3,2,1,1,0,0,118.5,121.2,1
0022200041,2022-23,2,5,29,0,41.0,MADE_BASKET,39-42,36.7,1,1,0,3,2,2,1,1,111.3,121.4,-3
0022200041,2022-23,3,29,5,1,35.1,MADE_BASKET,33-36,9.2,0,1,0,3,1,1,0,0,119.3,118.5,-3
0022200042,2022-23,1,11,24,1,31.3,MADE_BASKET,30-33,6.6,0,-3,2,0,1,1,0,0,118.3,113.3,2
0022200042,2022-23,2,11,24,1,38.8,MADE_BASKET,36-39,31.9,1,-4,2,0,2,1,1,0,118.3,113.3,2
0022200042,2022-23,3,24,11,0,43.7,MADE_BASKET,42-45,30.4,1,-8,0,0,2,1,1,0,120.3,121.8,0
0022200043,2022-23,1,30,16,1,38.4,DEAD_BALL,36-39,32.1,1,0,3,2,2,1,1,0,112.3,110.0,1
0022200043,2022-23,2,30,16,1,44.6,LIVE_TOV,42-45,32.1,1,-1,6,2,2,1,1,0,112.3,110.0,4
0022200043,2022-23,3,30,16,1,35.1,DREB,33-36,31.4,1,-2,2,2,2,1,1,0,112.3,110.0,0
0022200044,2022-23,1,11,24,1,31.4,MADE_BASKET,30-33,18.9,0,-7,0,0,1,1,0,0,118.3,113.3,0
0022200044,2022-23,2,24,11,0,37.6,DREB,36-39,34.8,1,5,0,4,3,2,1,1,120.3,121.8,-4
0022200044,2022-23,3,11,24,1,40.3,DEAD_BALL,39-42,31.6,1,0,4,2,2,1,1,0,118.3,113.3,2
0022200045,2022-23,2,2,26,1,31.0,MADE_BASKET,30-33,21.2,0,-15,3,0,1,1,0,0,118.0,118.7,3
0022200045,2022-23,3,2,26,1,34.5,MADE_BASKET,33-36,29.0,1,-14,2,2,2,1,1,0,118.0,118.7,0
0022200046,2022-23,1,15,11,1,31.4,MADE_BASKET,30-33,13.4,0,-5,2,2,1,1,0,0,118.9,121.8,0
0022200046,2022-23,2,15,11,1,44.0,MADE_BASKET,42-45,26.7,0,-2,2,2,2,1,1,0,118.9,121.8,0
0022200046,2022-23,3,11,15,0,32.2,MADE_BASKET,30-33,29.6,1,-4,3,2,2,1,1,0,118.3,112.7,1
0022200047,2022-23,1,28,5,1,39.7,MADE_BASKET,39-42,33.3,1,-2,6,0,2,1,1,0,117.8,118.5,6
0022200047,2022-23,2,28,5,1,37.8,DREB,36-39,18.5,0,8,1,3,1,1,0,0,117.8,118.5,-2
0022200047,2022-23,3,28,5,1,39.4,MADE_BASKET,39-42,33.6,1,13,3,0,2,2,1,1,117.8,118.5,3
0022200048,2022-23,1,17,11,1,36.6,DEAD_BALL,36-39,29.2,1,-5,2,0,1,1,0,0,121.1,121.8,2
0022200048,2022-23,2,17,11,1,30.1,DREB,30-33,10.6,0,9,0,0,1,1,0,0,121.1,121.8,0
0022200048,2022-23,3,17,11,1,43.5,LIVE_TOV,42-45,34.2,1,6,5,0,2,1,1,0,121.1,121.8,5
0022200049,2022-23,1,27,14,1,38.8,MADE_BASKET,36-39,24.3,0,-2,3,3,1,1,0,0,114.0,119.9,0
0022200049,2022-23,2,27,14,1,42.5,MADE_BASKET,42-45,23.3,0,-3,2,3,2,1,1,0,114.0,119.9,-1
0022200049,2022-23,3,14,27,0,38.3,DREB,36-39,31.9,1,6,0,2,2,2,1,1,118.8,115.3,-2
0022200050,2022-23,1,8,17,0,40.7,MADE_BASKET,39-42,28.7,1,-3,0,6,2,1,1,0,110.4,120.1,-6
0022200050,2022-23,2,17,8,1,35.9,DREB,33-36,21.0,0,18,3,2,1,1,0,0,121.1,113.6,1
0022200050,2022-23,3,17,8,1,36.6,MADE_BASKET,36-39,32.1,1,16,0,0,2,1,1,0,121.1,113.6,0
0022200051,2022-23,1,6,23,1,30.3,DREB,30-33,9.5,0,-4,3,0,1,1,0,0,117.2,118.1,3
0022200051,2022-23,3,6,23,1,43.5,DEAD_BALL,42-45,38.9,1,-7,3,0,2,2,1,1,117.2,118.1,3
0022200052,2022-23,1,28,9,0,33.3,DREB,33-36,23.0,0,-2,0,0,1,1,0,0,117.8,118.2,0
0022200052,2022-23,2,9,28,1,39.4,DEAD_BALL,39-42,34.4,1,-4,3,2,2,2,1,1,116.7,116.2,1
0022200052,2022-23,3,9,28,1,39.7,MADE_BASKET,39-42,29.8,1,-7,5,0,2,1,1,0,116.7,116.2,5
0022200053,2022-23,1,24,27,0,37.3,MADE_BASKET,36-39,28.9,1,0,0,0,2,2,1,1,120.3,115.3,0
0022200053,2022-23,2,24,27,0,35.9,LIVE_TOV,33-36,34.4,1,1,2,0,2,1,1,0,120.3,115.3,2
0022200054,2022-23,1,21,20,0,40.6,MADE_BASKET,39-42,33.4,1,11,0,3,1,1,0,0,118.7,114.8,-3
0022200054,2022-23,2,20,21,1,36.6,DREB,36-39,21.2,0,-13,0,0,1,1,0,0,128.8,107.9,0
0022200054,2022-23,3,20,21,1,43.4,DREB,42-45,32.4,1,-19,0,2,2,1,1,0,128.8,107.9,-2
0022200055,2022-23,1,25,16,0,33.8,DREB,33-36,30.5,1,-4,3,2,2,2,1,1,113.7,110.0,1
0022200055,2022-23,2,25,16,0,38.3,MADE_BASKET,36-39,26.3,0,-9,2,2,1,1,0,0,113.7,110.0,0
0022200055,2022-23,3,25,16,0,39.5,LIVE_TOV,39-42,34.5,1,-6,4,4,2,2,1,1,113.7,110.0,0
0022200056,2022-23,1,29,4,1,36.8,DREB,36-39,26.7,0,-5,2,3,2,2,1,1,119.3,123.9,-1
0022200056,2022-23,2,4,29,0,41.2,DREB,39-42,34.8,1,11,0,3,2,1,1,0,117.5,121.4,-3
0022200056,2022-23,3,29,4,1,31.8,MADE_BASKET,30-33,8.0,0,-2,0,2,2,1,1,0,119.3,123.9,-2
0022200057,2022-23,1,15,22,0,40.5,DREB,39-42,31.5,1,-1,0,0,1,1,0,0,118.9,117.1,0
0022200057,2022-23,2,15,22,0,36.6,MADE_BASKET,36-39,30.4,1,-5,2,3,2,1,1,0,118.9,117.1,-1
0022200057,2022-23,3,15,22,0,35.5,DREB,33-36,23.1,0,3,3,0,1,1,0,0,118.9,117.1,3
0022200058,2022-23,1,17,21,0,42.5,DREB,42-45,36.0,1,12,5,0,2,1,1,0,121.1,107.9,5
0022200058,2022-23,2,17,21,0,34.0,DREB,33-36,23.8,0,9,0,0,1,1,0,0,121.1,107.9,0
0022200059,2022-23,2,2,26,0,31.2,MADE_BASKET,30-33,10.2,0,-15,0,3,1,1,0,0,118.0,118.7,-3
0022200059,2022-23,3,2,26,0,40.4,DREB,39-42,28.4,1,-22,2,2,2,1,1,0,118.0,118.7,0
0022200060,2022-23,1,2,6,1,38.3,MADE_BASKET,36-39,24.1,0,-3,0,0,1,1,0,0,118.0,109.2,0
0022200060,2022-23,2,6,2,0,38.2,DREB,36-39,35.9,1,-8,0,2,2,1,1,0,117.2,119.0,-2
0022200060,2022-23,3,2,6,1,33.4,LIVE_TOV,33-36,31.3,1,3,2,0,2,1,1,0,118.0,109.2,2
0022200061,2022-23,1,8,20,0,41.6,MADE_BASKET,39-42,26.0,0,-2,3,3,1,1,0,0,110.4,114.8,0
0022200061,2022-23,2,20,8,1,42.3,MADE_BASKET,42-45,34.2,1,-1,2,3,2,2,1,1,128.8,113.6,-1
0022200061,2022-23,3,8,20,0,31.3,DREB,30-33,20.0,0,-9,0,0,1,1,0,0,110.4,114.8,0
0022200062,2022-23,1,27,6,1,33.1,MADE_BASKET,33-36,9.1,0,-1,0,0,1,0,0,0,114.0,109.2,0
0022200062,2022-23,2,6,27,0,35.5,MADE_BASKET,33-36,13.9,0,9,2,0,1,1,0,0,117.2,115.3,2
0022200063,2022-23,1,17,22,0,37.3,MADE_BASKET,36-39,32.0,1,3,2,2,2,1,1,0,121.1,117.1,0
0022200063,2022-23,2,17,22,0,39.6,LIVE_TOV,39-42,30.3,1,-1,3,2,2,1,1,0,121.1,117.1,1
0022200063,2022-23,3,17,22,0,43.6,LIVE_TOV,42-45,34.5,1,-2,0,2,2,1,1,0,121.1,117.1,-2
0022200064,2022-23,1,13,26,1,44.4,DREB,42-45,32.2,1,-6,5,0,2,1,1,0,111.8,118.7,5
0022200064,2022-23,2,26,13,0,35.8,MADE_BASKET,33-36,30.1,1,0,0,1,2,1,1,0,113.0,103.4,-1
0022200064,2022-23,3,13,26,1,44.0,DREB,42-45,30.6,1,13,0,3,2,1,1,0,111.8,118.7,-3
0022200065,2022-23,2,7,21,0,32.2,DREB,30-33,26.4,0,17,0,2,2,1,1,0,113.2,107.9,-2
0022200065,2022-23,3,21,7,1,31.4,DEAD_BALL,30-33,9.7,0,-16,2,2,1,1,0,0,118.7,117.1,0
0022200066,2022-23,1,29,5,0,38.4,DREB,36-39,33.2,1,-3,2,2,2,2,1,1,119.3,118.5,0
0022200066,2022-23,2,5,29,1,36.0,MADE_BASKET,36-39,31.7,1,-5,3,0,2,1,1,0,111.3,121.4,3
0022200066,2022-23,3,29,5,0,34.8,MADE_BASKET,33-36,15.0,0,-3,0,2,1,1,0,0,119.3,118.5,-2
0022200067,2022-23,1,10,28,0,31.7,MADE_BASKET,30-33,9.0,0,13,0,0,1,1,0,0,119.8,116.2,0
0022200067,2022-23,2,10,28,0,34.0,MADE_BASKET,33-36,28.4,1,19,2,3,2,1,1,0,119.8,116.2,-1
0022200067,2022-23,3,28,10,1,42.6,MADE_BASKET,42-45,25.8,0,-12,2,1,2,1,1,0,117.8,113.5,1
0022200068,2022-23,1,2,8,0,40.2,MADE_BASKET,39-42,30.5,1,-1,2,3,2,2,1,1,118.0,113.6,-1
0022200068,2022-23,2,2,8,0,35.5,LIVE_TOV,33-36,30.7,1,-4,2,0,2,1,1,0,118.0,113.6,2
0022200069,2022-23,1,17,29,1,35.7,MADE_BASKET,33-36,20.2,0,1,3,2,1,1,0,0,121.1,121.4,1
0022200069,2022-23,2,17,29,1,35.0,MADE_BASKET,33-36,29.7,1,2,4,0,2,1,1,0,121.1,121.4,4
0022200069,2022-23,3,29,17,0,34.0,DREB,33-36,30.3,1,0,3,0,2,1,1,0,119.3,120.1,3
0022200070,2022-23,2,27,19,0,31.9,MADE_BASKET,30-33,9.4,0,-16,0,0,1,0,0,0,114.0,106.9,0
0022200070,2022-23,3,27,19,0,34.9,MADE_BASKET,33-36,13.4,0,-11,1,2,2,1,1,0,114.0,106.9,-1
0022200071,2022-23,2,22,20,0,37.5,MADE_BASKET,36-39,30.2,1,9,5,0,2,1,1,0,117.1,114.8,5
0022200071,2022-23,3,20,22,1,31.3,DREB,30-33,28.8,1,-9,0,1,1,1,0,0,128.8,117.1,-1
0022200072,2022-23,1,5,23,0,37.1,DREB,36-39,31.6,1,-7,2,0,2,1,1,0,111.3,118.1,2
0022200072,2022-23,2,23,5,1,45.0,MADE_BASKET,42-45,30.9,1,-1,6,2,2,2,1,1,112.7,118.5,4
0022200072,2022-23,3,5,23,0,36.7,MADE_BASKET,36-39,30.8,1,-4,5,4,2,2,1,1,111.3,118.1,1
0022200073,2022-23,1,18,15,1,38.0,DREB,36-39,25.3,0,11,0,0,1,1,0,0,109.9,112.7,0
0022200073,2022-23,2,18,15,1,37.3,MADE_BASKET,36-39,28.5,1,7,0,3,1,1,0,0,109.9,112.7,-3
0022200073,2022-23,3,18,15,1,32.7,LIVE_TOV,30-33,29.5,1,12,0,0,2,1,1,0,109.9,112.7,0
0022200074,2022-23,1,13,14,0,33.6,MADE_BASKET,33-36,19.4,0,1,2,0,1,1,0,0,111.8,119.9,2
0022200074,2022-23,2,14,13,1,42.6,DREB,42-45,29.0,1,-1,2,0,2,1,1,0,118.8,103.4,2
0022200074,2022-23,3,13,14,0,37.2,DREB,36-39,30.4,1,1,2,0,1,1,0,0,111.8,119.9,2
0022200075,2022-23,1,6,26,1,40.1,DEAD_BALL,39-42,27.3,0,3,0,0,1,1,0,0,117.2,118.7,0
0022200075,2022-23,2,6,26,1,37.7,DREB,36-39,27.1,0,1,3,2,2,1,1,0,117.2,118.7,1
0022200075,2022-23,3,26,6,0,33.8,MADE_BASKET,33-36,23.9,0,-5,2,0,1,1,0,0,113.0,109.2,2
0022200076,2022-23,1,2,14,0,40.1,MADE_BASKET,39-42,29.8,1,-7,3,0,2,1,1,0,118.0,119.9,3
0022200076,2022-23,2,2,14,0,34.9,LIVE_TOV,33-36,30.1,1,-2,3,0,2,1,1,0,118.0,119.9,3
0022200076,2022-23,3,14,2,1,41.6,MADE_BASKET,39-42,34.5,1,4,4,0,2,2,1,1,118.8,119.0,4
0022200077,2022-23,2,16,10,0,33.4,MADE_BASKET,33-36,8.1,0,-12,2,2,1,1,0,0,121.8,113.5,0
0022200077,2022-23,3,10,16,1,37.7,MADE_BASKET,36-39,33.0,1,16,1,2,2,2,1,1,119.8,110.0,-1
0022200078,2022-23,1,18,22,1,34.6,MADE_BASKET,33-36,8.7,0,-6,0,0,1,0,0,0,109.9,117.1,0
0022200078,2022-23,3,22,18,0,43.0,DREB,42-45,28.5,1,-20,0,2,2,1,1,0,117.1,118.0,-2
0022200079,2022-23,1,18,3,0,37.1,MADE_BASKET,36-39,29.4,1,-5,2,0,2,1,1,0,109.9,118.0,2
0022200079,2022-23,2,3,18,1,33.0,MADE_BASKET,33-36,17.2,0,9,2,2,1,1,0,0,118.5,118.0,0
0022200080,2022-23,1,26,4,0,39.1,LIVE_TOV,39-42,33.7,1,0,5,0,2,2,1,1,113.0,123.9,5
0022200080,2022-23,2,4,26,1,38.6,DEAD_BALL,36-39,30.1,1,-4,5,2,2,1,1,0,117.5,118.7,3
0022200080,2022-23,3,4,26,1,35.1,MADE_BASKET,33-36,31.8,1,1,3,2,2,1,1,0,117.5,118.7,1
0022200081,2022-23,1,25,20,1,42.4,MADE_BASKET,42-45,32.5,1,3,6,0,2,2,1,1,113.7,114.8,6
0022200081,2022-23,2,20,25,0,41.4,DREB,39-42,33.0,1,-12,0,2,2,1,1,0,128.8,113.8,-2
0022200081,2022-23,3,25,20,1,42.0,MADE_BASKET,42-45,27.2,0,15,2,1,2,1,1,0,113.7,114.8,1
0022200082,2022-23,1,12,23,1,44.8,DREB,42-45,33.0,1,-6,3,0,2,1,1,0,111.9,118.1,3
0022200082,2022-23,3,23,12,0,39.2,DREB,39-42,31.7,1,-2,0,0,2,1,1,0,112.7,116.6,0
0022200083,2022-23,1,29,10,1,33.4,MADE_BASKET,33-36,21.0,0,-10,2,0,1,1,0,0,119.3,113.5,2
0022200083,2022-23,2,29,10,1,36.2,MADE_BASKET,36-39,32.5,1,-9,2,0,2,1,1,0,119.3,113.5,2
0022200083,2022-23,3,29,10,1,42.1,MADE_BASKET,42-45,29.3,1,2,0,0,2,1,1,0,119.3,113.5,0
0022200084,2022-23,1,2,9,0,35.9,MADE_BASKET,33-36,28.3,1,-6,0,0,2,1,1,0,118.0,118.2,0
0022200084,2022-23,2,9,2,1,37.0,DEAD_BALL,36-39,31.0,1,9,4,0,2,1,1,0,116.7,119.0,4
0022200084,2022-23,3,2,9,0,39.8,MADE_BASKET,39-42,38.0,1,-9,7,3,3,2,1,1,118.0,118.2,4
0022200085,2022-23,1,16,5,0,37.8,DEAD_BALL,36-39,32.0,1,-4,6,3,2,2,1,1,121.8,118.5,3
0022200085,2022-23,2,16,5,0,44.4,DREB,42-45,41.7,1,11,4,2,2,2,1,1,121.8,118.5,2
0022200085,2022-23,3,5,16,1,39.7,MADE_BASKET,39-42,29.9,1,-23,0,4,2,1,1,0,111.3,110.0,-4
0022200086,2022-23,1,18,25,1,43.1,DREB,42-45,41.0,1,-2,2,5,2,1,1,0,109.9,113.8,-3
0022200086,2022-23,2,18,25,1,32.2,DREB,30-33,16.6,0,-4,2,3,1,1,0,0,109.9,113.8,-1
0022200087,2022-23,1,28,30,0,30.9,DREB,30-33,8.7,0,1,2,2,1,1,0,0,117.8,112.5,0
0022200087,2022-23,2,28,30,0,38.4,DREB,36-39,31.3,1,-4,4,4,2,1,1,0,117.8,112.5,0
0022200087,2022-23,3,28,30,0,42.0,MADE_BASKET,42-45,29.6,1,-3,3,2,2,1,1,0,117.8,112.5,1
0022200088,2022-23,1,2,4,0,35.4,DREB,33-36,30.9,1,-2,2,2,2,1,1,0,118.0,123.9,0
0022200088,2022-23,2,4,2,1,42.4,MADE_BASKET,42-45,28.9,1,4,1,0,2,1,1,0,117.5,119.0,1
0022200088,2022-23,3,2,4,0,38.8,DREB,36-39,26.8,0,-5,0,0,2,1,1,0,118.0,123.9,0
0022200089,2022-23,1,11,16,1,35.3,DREB,33-36,25.6,0,-2,2,2,2,1,1,0,118.3,110.0,0
0022200089,2022-23,2,16,11,0,31.5,DREB,30-33,28.4,1,4,2,0,1,1,0,0,121.8,121.8,2
0022200089,2022-23,3,16,11,0,44.1,MADE_BASKET,42-45,34.6,1,7,5,0,2,2,1,1,121.8,121.8,5
0022200090,2022-23,1,11,5,0,44.5,DREB,42-45,32.7,1,1,3,3,2,1,1,0,118.3,118.5,0
0022200090,2022-23,2,5,11,1,30.0,MADE_BASKET,30-33,6.8,0,-6,2,0,1,0,0,0,111.3,121.8,2
0022200090,2022-23,3,5,11,1,42.2,MADE_BASKET,42-45,34.1,1,-8,4,0,2,1,1,0,111.3,121.8,4
0022200091,2022-23,1,25,13,1,30.9,LIVE_TOV,30-33,10.2,0,6,0,0,1,0,0,0,113.7,103.4,0
0022200091,2022-23,2,25,13,1,39.7,DREB,39-42,34.3,1,11,2,2,2,1,1,0,113.7,103.4,0
0022200091,2022-23,3,25,13,1,41.9,MADE_BASKET,39-42,26.9,0,6,2,2,2,2,1,1,113.7,103.4,0
0022200092,2022-23,1,24,22,1,33.7,DREB,33-36,22.4,0,1,2,2,1,1,0,0,120.3,117.1,0
0022200092,2022-23,2,22,24,0,34.4,DREB,33-36,29.4,1,-7,0,3,2,1,1,0,117.1,113.3,-3
0022200092,2022-23,3,24,22,1,34.3,MADE_BASKET,33-36,29.3,1,-2,2,2,2,1,1,0,120.3,117.1,0
0022200093,2022-23,1,27,14,0,42.5,DREB,42-45,33.9,1,-11,4,3,2,1,1,0,114.0,119.9,1
0022200093,2022-23,3,27,14,0,37.3,LIVE_TOV,36-39,30.2,1,-12,2,2,2,1,1,0,114.0,119.9,0
0022200094,2022-23,1,13,28,1,39.7,LIVE_TOV,39-42,28.7,1,-8,2,0,2,1,1,0,111.8,116.2,2
0022200094,2022-23,2,13,28,1,30.8,MADE_BASKET,30-33,15.1,0,-6,0,2,2,1,1,0,111.8,116.2,-2
0022200095,2022-23,1,28,12,1,44.7,DREB,42-45,42.0,1,-2,0,4,3,2,1,1,117.8,116.6,-4
0022200095,2022-23,3,28,12,1,39.4,DREB,39-42,33.7,1,-13,0,2,2,1,1,0,117.8,116.6,-2
0022200096,2022-23,1,17,5,0,45.0,DREB,42-45,33.2,1,9,4,0,2,1,1,0,121.1,118.5,4
0022200096,2022-23,2,17,5,0,37.1,MADE_BASKET,36-39,28.3,1,10,4,0,2,1,1,0,121.1,118.5,4
0022200096,2022-23,3,5,17,1,30.9,DREB,30-33,17.4,0,-17,0,0,1,1,0,0,111.3,120.1,0
0022200097,2022-23,1,13,7,0,30.6,MADE_BASKET,30-33,9.6,0,-5,1,2,2,1,1,0,111.8,117.1,-1
0022200097,2022-23,2,13,7,0,32.8,DREB,30-33,22.8,0,-9,2,2,1,1,0,0,111.8,117.1,0
0022200097,2022-23,3,7,13,1,38.6,MADE_BASKET,36-39,30.6,1,8,3,2,2,1,1,0,113.2,103.4,1
0022200098,2022-23,1,7,24,0,31.7,MADE_BASKET,30-33,11.8,0,4,3,2,1,1,0,0,113.2,113.3,1
0022200098,2022-23,2,7,24,0,31.7,DREB,30-33,18.2,0,1,0,0,1,1,0,0,113.2,113.3,0
0022200098,2022-23,3,24,7,1,33.1,DREB,33-36,28.8,1,9,3,3,2,1,1,0,120.3,117.1,0
0022200099,2022-23,1,12,13,1,44.3,DREB,42-45,35.2,1,-4,0,2,2,2,1,1,111.9,103.4,-2
0022200099,2022-23,2,12,13,1,36.4,MADE_BASKET,36-39,24.3,0,-11,0,0,1,1,0,0,111.9,103.4,0
0022200099,2022-23,3,12,13,1,43.9,DREB,42-45,30.3,1,-9,2,3,2,1,1,0,111.9,103.4,-1
0022200100,2022-23,1,22,9,0,31.0,DREB,30-33,13.2,0,-7,0,2,2,1,1,0,117.1,118.2,-2
0022200100,2022-23,2,9,22,1,43.0,MADE_BASKET,42-45,30.6,1,4,0,3,2,1,1,0,116.7,117.1,-3
0022200100,2022-23,3,9,22,1,35.9,MADE_BASKET,33-36,22.3,0,5,2,3,1,1,0,0,116.7,117.1,-1
0022200101,2022-23,1,24,18,0,39.0,MADE_BASKET,39-42,32.5,1,2,2,0,1,1,0,0,120.3,118.0,2
0022200101,2022-23,2,18,24,1,35.0,MADE_BASKET,33-36,15.6,0,-15,0,0,1,1,0,0,109.9,113.3,0
0022200101,2022-23,3,18,24,1,36.7,MADE_BASKET,36-39,22.6,0,-9,0,2,1,1,0,0,109.9,113.3,-2
0022200102,2022-23,1,19,27,0,36.8,MADE_BASKET,36-39,32.0,1,1,1,2,2,1,1,0,123.8,115.3,-1
0022200102,2022-23,2,19,27,0,41.2,MADE_BASKET,39-42,31.5,1,5,4,0,2,1,1,0,123.8,115.3,4
0022200103,2022-23,1,23,29,1,43.6,DREB,42-45,31.4,1,4,0,3,2,1,1,0,112.7,121.4,-3
0022200103,2022-23,2,23,29,1,42.6,DEAD_BALL,42-45,30.0,1,5,5,2,2,1,1,0,112.7,121.4,3
0022200104,2022-23,1,23,29,0,34.9,MADE_BASKET,33-36,32.9,1,-2,2,4,2,2,1,1,112.7,121.4,-2
0022200104,2022-23,2,29,23,1,32.8,DREB,30-33,14.8,0,9,2,3,1,1,0,0,119.3,118.1,-1
0022200104,2022-23,3,23,29,0,38.3,MADE_BASKET,36-39,31.0,1,-1,3,0,2,1,1,0,112.7,121.4,3
0022200105,2022-23,1,15,20,1,44.1,DEAD_BALL,42-45,29.7,1,7,0,0,1,1,0,0,118.9,114.8,0
0022200105,2022-23,2,20,15,0,41.3,DREB,39-42,25.9,0,-1,4,0,2,1,1,0,128.8,112.7,4
0022200105,2022-23,3,20,15,0,38.2,MADE_BASKET,36-39,24.2,0,-4,2,2,2,1,1,0,128.8,112.7,0
0022200106,2022-23,1,21,3,0,33.9,DEAD_BALL,33-36,25.2,0,-3,2,3,1,1,0,0,118.7,118.0,-1
0022200106,2022-23,2,21,3,0,39.8,DREB,39-42,31.4,1,-13,2,0,1,1,0,0,118.7,118.0,2
0022200107,2022-23,1,7,11,0,40.1,DREB,39-42,24.0,0,4,2,0,1,1,0,0,113.2,121.8,2
0022200107,2022-23,2,7,11,0,31.6,MADE_BASKET,30-33,13.9,0,1,0,0,1,0,0,0,113.2,121.8,0
0022200107,2022-23,3,11,7,1,36.8,MADE_BASKET,36-39,19.3,0,-5,2,2,1,1,0,0,118.3,117.1,0
0022200108,2022-23,1,13,18,1,41.6,DREB,39-42,37.5,1,4,4,0,2,1,1,0,111.8,118.0,4
0022200108,2022-23,2,13,18,1,32.0,DREB,30-33,21.4,0,17,0,0,1,1,0,0,111.8,118.0,0
0022200108,2022-23,3,18,13,0,41.7,MADE_BASKET,39-42,26.3,0,-23,3,0,1,1,0,0,109.9,103.4,3
0022200109,2022-23,1,6,3,1,34.6,MADE_BASKET,33-36,17.1,0,-3,2,2,1,1,0,0,117.2,118.0,0
0022200109,2022-23,2,6,3,1,42.4,MADE_BASKET,42-45,29.1,1,-2,2,0,2,2,1,1,117.2,118.0,2
0022200109,2022-23,3,3,6,0,41.9,MADE_BASKET,39-42,22.8,0,-5,2,0,1,1,0,0,118.5,109.2,2
0022200110,2022-23,1,7,20,1,40.2,MADE_BASKET,39-42,30.5,1,-1,3,0,2,1,1,0,113.2,114.8,3
0022200110,2022-23,2,20,7,0,31.3,DREB,30-33,29.1,1,5,2,0,1,1,0,0,128.8,117.1,2
0022200110,2022-23,3,7,20,1,41.5,MADE_BASKET,39-42,23.2,0,1,0,0,1,1,0,0,113.2,114.8,0
0022200111,2022-23,1,23,25,0,36.8,DEAD_BALL,36-39,34.4,1,10,2,2,2,1,1,0,112.7,113.8,0
0022200111,2022-23,2,25,23,1,33.2,MADE_BASKET,33-36,29.2,1,-11,2,0,2,2,1,1,113.7,118.1,2
0022200112,2022-23,1,1,21,0,32.3,MADE_BASKET,30-33,19.9,0,6,2,2,2,1,1,0,112.4,107.9,0
0022200112,2022-23,2,21,1,1,38.6,MADE_BASKET,36-39,16.5,0,-12,2,1,1,1,0,0,118.7,121.2,1
0022200112,2022-23,3,1,21,0,32.0,DREB,30-33,15.2,0,16,2,3,1,1,0,0,112.4,107.9,-1
0022200113,2022-23,1,29,30,0,33.3,MADE_BASKET,33-36,14.3,0,-8,2,0,1,1,0,0,119.3,112.5,2
0022200113,2022-23,2,30,29,1,41.5,MADE_BASKET,39-42,30.1,1,9,0,2,1,1,0,0,112.3,121.4,-2
0022200114,2022-23,1,30,4,1,44.9,MADE_BASKET,42-45,33.7,1,1,5,0,2,1,1,0,112.3,123.9,5
0022200114,2022-23,2,4,30,0,30.6,DREB,30-33,14.2,0,-3,0,0,1,1,0,0,117.5,112.5,0
0022200114,2022-23,3,4,30,0,36.2,DREB,36-39,34.1,1,0,3,0,2,2,1,1,117.5,112.5,3
0022200115,2022-23,1,3,19,1,33.7,MADE_BASKET,33-36,22.3,0,-7,2,2,2,1,1,0,118.5,106.9,0
0022200115,2022-23,3,3,19,1,33.7,MADE_BASKET,33-36,18.1,0,-15,0,0,1,1,0,0,118.5,106.9,0
0022200116,2022-23,1,20,24,0,30.7,MADE_BASKET,30-33,9.5,0,3,0,0,1,0,0,0,128.8,113.3,0
0022200116,2022-23,2,24,20,1,43.9,MADE_BASKET,42-45,28.8,1,-10,3,3,2,1,1,0,120.3,114.8,0
0022200116,2022-23,3,24,20,1,34.9,LIVE_TOV,33-36,29.2,1,-9,0,3,2,1,1,0,120.3,114.8,-3
0022200117,2022-23,1,15,1,0,35.1,MADE_BASKET,33-36,9.3,0,-10,0,2,1,1,0,0,118.9,121.2,-2
0022200117,2022-23,2,15,1,0,30.4,MADE_BASKET,30-33,15.9,0,-3,0,2,1,1,0,0,118.9,121.2,-2
0022200117,2022-23,3,15,1,0,40.1,MADE_BASKET,39-42,23.1,0,-9,2,0,1,1,0,0,118.9,121.2,2
0022200118,2022-23,1,14,21,1,41.6,MADE_BASKET,39-42,31.7,1,-6,0,3,2,1,1,0,118.8,107.9,-3
0022200118,2022-23,2,14,21,1,40.3,DREB,39-42,31.9,1,0,3,0,1,1,0,0,118.8,107.9,3
0022200118,2022-23,3,14,21,1,44.1,MADE_BASKET,42-45,29.9,1,-4,2,0,2,1,1,0,118.8,107.9,2
0022200119,2022-23,1,16,8,0,37.5,DREB,36-39,31.6,1,-2,2,5,2,2,1,1,121.8,113.6,-3
0022200119,2022-23,2,8,16,1,40.4,DREB,39-42,25.8,0,13,0,3,1,1,0,0,110.4,110.0,-3
0022200120,2022-23,1,24,25,1,37.7,MADE_BASKET,36-39,33.9,1,6,0,0,2,2,1,1,120.3,113.8,0
0022200121,2022-23,1,2,9,1,38.5,LIVE_TOV,36-39,30.6,1,-5,2,3,1,1,0,0,118.0,118.2,-1
0022200121,2022-23,2,2,9,1,43.2,MADE_BASKET,42-45,30.0,1,6,2,2,2,1,1,0,118.0,118.2,0
0022200121,2022-23,3,2,9,1,42.2,MADE_BASKET,42-45,36.7,1,2,4,2,2,2,1,1,118.0,118.2,2
0022200122,2022-23,1,3,17,0,30.3,DEAD_BALL,30-33,9.1,0,1,3,2,1,1,0,0,118.5,120.1,1
0022200122,2022-23,2,3,17,0,40.6,DREB,39-42,34.2,1,3,5,3,2,1,1,0,118.5,120.1,2
0022200122,2022-23,3,17,3,1,36.2,MADE_BASKET,36-39,31.3,1,-6,2,2,2,1,1,0,121.1,118.0,0
0022200123,2022-23,1,5,14,1,32.6,DREB,30-33,30.7,1,12,0,3,2,1,1,0,111.3,119.9,-3
0022200123,2022-23,2,5,14,1,42.1,MADE_BASKET,42-45,38.2,1,7,2,2,2,2,1,1,111.3,119.9,0
0022200123,2022-23,3,5,14,1,38.6,DREB,36-39,30.3,1,11,2,6,2,1,1,0,111.3,119.9,-4
0022200124,2022-23,1,21,1,0,33.8,MADE_BASKET,33-36,29.0,1,12,1,0,2,2,1,1,118.7,121.2,1
0022200124,2022-23,2,1,21,1,43.1,LIVE_TOV,42-45,34.7,1,-18,2,3,2,1,1,0,112.4,107.9,-1
0022200124,2022-23,3,1,21,1,41.7,MADE_BASKET,39-42,32.0,1,-27,1,3,2,2,1,1,112.4,107.9,-2
0022200125,2022-23,1,6,5,0,39.2,DREB,39-42,36.4,1,0,4,0,2,2,1,1,117.2,118.5,4
0022200125,2022-23,2,5,6,1,40.1,MADE_BASKET,39-42,21.8,0,-8,1,0,1,1,0,0,111.3,109.2,1
0022200126,2022-23,1,6,13,0,38.8,DEAD_BALL,36-39,18.5,0,0,2,0,1,1,0,0,117.2,103.4,2
0022200126,2022-23,2,13,6,1,33.7,DREB,33-36,23.5,0,-1,0,3,1,1,0,0,111.8,109.2,-3
0022200126,2022-23,3,6,13,0,42.0,MADE_BASKET,42-45,28.5,1,3,0,3,2,1,1,0,117.2,103.4,-3
0022200127,2022-23,1,3,9,1,40.2,DREB,39-42,32.0,1,0,2,2,2,1,1,0,118.5,118.2,0
0022200127,2022-23,2,9,3,0,44.8,MADE_BASKET,42-45,29.3,1,4,4,2,2,2,1,1,116.7,118.0,2
0022200127,2022-23,3,9,3,0,42.6,DREB,42-45,30.1,1,6,0,0,1,1,0,0,116.7,118.0,0
0022200128,2022-23,1,9,30,0,32.1,DREB,30-33,13.6,0,-3,2,1,1,1,0,0,116.7,112.5,1
0022200128,2022-23,2,30,9,1,30.4,DREB,30-33,7.5,0,2,1,0,1,0,0,0,112.3,118.2,1
0022200128,2022-23,3,30,9,1,30.4,DREB,30-33,7.7,0,11,0,0,1,1,0,0,112.3,118.2,0
0022200129,2022-23,1,6,3,0,39.5,DEAD_BALL,39-42,36.3,1,-5,5,0,2,2,1,1,117.2,118.0,5
0022200129,2022-23,3,6,3,0,44.2,MADE_BASKET,42-45,32.2,1,-2,2,2,2,1,1,0,117.2,118.0,0
0022200130,2022-23,2,28,30,0,30.7,MADE_BASKET,30-33,7.3,0,-9,0,3,1,1,0,0,117.8,112.5,-3
0022200130,2022-23,3,28,30,0,40.5,MADE_BASKET,39-42,33.0,1,-13,2,0,2,1,1,0,117.8,112.5,2
0022200131,2022-23,1,26,10,0,39.2,DREB,39-42,37.0,1,9,2,3,2,1,1,0,113.0,113.5,-1
0022200131,2022-23,2,26,10,0,30.5,MADE_BASKET,30-33,6.1,0,5,0,0,1,1,0,0,113.0,113.5,0
0022200131,2022-23,3,10,26,1,34.9,MADE_BASKET,33-36,23.6,0,-16,0,2,1,1,0,0,119.8,118.7,-2
0022200132,2022-23,1,1,20,1,39.0,MADE_BASKET,39-42,23.0,0,-7,0,1,1,1,0,0,112.4,114.8,-1
0022200132,2022-23,2,1,20,1,34.0,MADE_BASKET,33-36,31.9,1,-9,2,2,2,1,1,0,112.4,114.8,0
0022200133,2022-23,1,30,5,1,43.6,DREB,42-45,29.1,1,-4,2,0,1,1,0,0,112.3,118.5,2
0022200133,2022-23,2,5,30,0,38.9,DREB,36-39,33.1,1,2,4,3,2,1,1,0,111.3,112.5,1
0022200133,2022-23,3,5,30,0,37.0,MADE_BASKET,36-39,33.5,1,2,2,0,3,2,1,1,111.3,112.5,2
0022200134,2022-23,1,29,7,0,44.9,LIVE_TOV,42-45,35.9,1,-4,0,3,2,1,1,0,119.3,117.1,-3
0022200134,2022-23,2,29,7,0,30.3,MADE_BASKET,30-33,13.6,0,-4,4,2,2,1,1,0,119.3,117.1,2
0022200134,2022-23,3,29,7,0,41.0,MADE_BASKET,39-42,29.9,1,-8,3,2,2,1,1,0,119.3,117.1,1
0022200135,2022-23,1,10,20,0,44.9,DREB,42-45,29.4,1,7,0,3,2,1,1,0,119.8,114.8,-3
0022200135,2022-23,2,10,20,0,42.9,MADE_BASKET,42-45,36.5,1,8,0,3,2,1,1,0,119.8,114.8,-3
0022200135,2022-23,3,20,10,1,36.6,MADE_BASKET,36-39,23.1,0,-3,0,2,1,1,0,0,128.8,113.5,-2
0022200136,2022-23,2,5,16,1,34.1,DREB,33-36,31.0,1,-1,2,2,2,2,1,1,111.3,110.0,0
0022200136,2022-23,3,5,16,1,42.0,MADE_BASKET,42-45,36.9,1,-9,0,2,2,1,1,0,111.3,110.0,-2
0022200137,2022-23,1,26,24,1,31.0,MADE_BASKET,30-33,6.1,0,-1,0,0,1,0,0,0,113.0,113.3,0
0022200137,2022-23,2,26,24,1,37.0,MADE_BASKET,36-39,28.7,1,8,3,0,2,1,1,0,113.0,113.3,3
0022200137,2022-23,3,24,26,0,36.5,LIVE_TOV,36-39,30.9,1,-8,0,2,2,1,1,0,120.3,118.7,-2
0022200138,2022-23,1,19,21,0,44.6,DEAD_BALL,42-45,27.4,0,4,4,0,2,2,1,1,123.8,107.9,4
0022200138,2022-23,2,19,21,0,30.2,MADE_BASKET,30-33,5.5,0,16,0,0,1,0,0,0,123.8,107.9,0
0022200138,2022-23,3,21,19,1,42.3,DREB,42-45,33.7,1,-18,2,3,2,1,1,0,118.7,106.9,-1
0022200139,2022-23,1,22,24,1,41.2,LIVE_TOV,39-42,34.9,1,7,2,2,2,2,1,1,117.1,113.3,0
0022200139,2022-23,2,22,24,1,36.2,LIVE_TOV,36-39,32.2,1,-2,4,2,2,1,1,0,117.1,113.3,2
0022200139,2022-23,3,22,24,1,34.0,MADE_BASKET,33-36,15.3,0,0,0,2,1,1,0,0,117.1,113.3,-2
0022200140,2022-23,1,19,18,1,44.6,DREB,42-45,29.6,1,11,2,0,2,1,1,0,123.8,118.0,2
0022200140,2022-23,2,18,19,0,43.4,MADE_BASKET,42-45,29.1,1,-16,2,0,2,1,1,0,109.9,106.9,2
0022200140,2022-23,3,18,19,0,37.0,MADE_BASKET,36-39,19.4,0,-15,0,0,1,1,0,0,109.9,106.9,0
0022200141,2022-23,1,15,1,1,37.9,DREB,36-39,30.8,1,6,2,0,2,1,1,0,118.9,121.2,2
0022200141,2022-23,2,15,1,1,43.9,MADE_BASKET,42-45,35.6,1,20,3,1,2,1,1,0,118.9,121.2,2
0022200142,2022-23,1,5,24,0,37.6,DREB,36-39,32.3,1,6,3,2,2,1,1,0,111.3,113.3,1
0022200142,2022-23,2,24,5,1,41.1,DREB,39-42,30.1,1,-20,2,3,2,1,1,0,120.3,118.5,-1
0022200143,2022-23,1,7,28,1,42.6,DEAD_BALL,42-45,26.2,0,-3,4,0,2,1,1,0,113.2,116.2,4
0022200143,2022-23,2,28,7,0,40.2,MADE_BASKET,39-42,31.2,1,9,3,3,2,1,1,0,117.8,117.1,0
0022200143,2022-23,3,28,7,0,41.4,DREB,39-42,30.5,1,17,3,0,1,1,0,0,117.8,117.1,3
0022200144,2022-23,2,6,10,1,31.2,MADE_BASKET,30-33,9.1,0,5,2,2,1,1,0,0,117.2,113.5,0
0022200144,2022-23,3,10,6,0,41.7,DREB,39-42,33.3,1,-2,0,3,2,2,1,1,119.8,109.2,-3
0022200145,2022-23,1,23,19,0,41.7,MADE_BASKET,39-42,32.4,1,-8,0,2,2,1,1,0,112.7,106.9,-2
0022200145,2022-23,3,23,19,0,30.4,MADE_BASKET,30-33,5.0,0,-20,0,2,1,1,0,0,112.7,106.9,-2
0022200146,2022-23,1,25,26,1,38.0,MADE_BASKET,36-39,30.4,1,-5,3,2,2,1,1,0,113.7,118.7,1
0022200146,2022-23,2,26,25,0,44.6,MADE_BASKET,42-45,32.9,1,-5,2,2,2,1,1,0,113.0,113.8,0
0022200146,2022-23,3,25,26,1,36.6,MADE_BASKET,36-39,20.1,0,3,2,3,1,1,0,0,113.7,118.7,-1
0022200147,2022-23,1,1,18,1,33.7,MADE_BASKET,33-36,19.3,0,-4,0,0,1,1,0,0,112.4,118.0,0
0022200147,2022-23,2,1,18,1,35.7,MADE_BASKET,33-36,28.7,1,-20,5,2,2,2,1,1,112.4,118.0,3
0022200147,2022-23,3,18,1,0,30.9,DREB,30-33,8.1,0,11,0,0,1,1,0,0,109.9,121.2,0
0022200148,2022-23,1,3,4,0,37.1,DREB,36-39,31.3,1,-4,0,2,2,1,1,0,118.5,123.9,-2
0022200148,2022-23,2,3,4,0,37.3,MADE_BASKET,36-39,18.6,0,-3,0,2,2,1,1,0,118.5,123.9,-2
0022200148,2022-23,3,4,3,1,30.5,MADE_BASKET,30-33,5.4,0,0,0,0,1,1,0,0,117.5,118.0,0
0022200149,2022-23,1,22,8,0,38.0,MADE_BASKET,36-39,27.4,0,-7,0,3,1,1,0,0,117.1,113.6,-3
0022200149,2022-23,3,22,8,0,44.8,MADE_BASKET,42-45,31.9,1,-17,3,3,2,2,1,1,117.1,113.6,0
0022200150,2022-23,1,14,30,0,36.5,MADE_BASKET,36-39,16.9,0,5,0,0,1,1,0,0,118.8,112.5,0
0022200150,2022-23,3,30,14,1,36.7,DEAD_BALL,36-39,30.3,1,-19,0,3,2,2,1,1,112.3,119.9,-3
0022200151,2022-23,1,24,7,1,32.2,DREB,30-33,19.7,0,-5,0,3,1,1,0,0,120.3,117.1,-3
0022200151,2022-23,2,24,7,1,41.7,MADE_BASKET,39-42,32.7,1,-7,3,0,2,1,1,0,120.3,117.1,3
0022200152,2022-23,2,28,24,1,42.3,MADE_BASKET,42-45,33.4,1,18,1,3,3,2,1,1,117.8,113.3,-2
0022200152,2022-23,3,24,28,0,41.3,MADE_BASKET,39-42,28.6,1,-16,2,0,2,2,1,1,120.3,116.2,2
0022200153,2022-23,2,24,12,1,42.2,DREB,42-45,31.3,1,9,0,3,2,1,1,0,120.3,116.6,-3
0022200153,2022-23,3,24,12,1,44.5,MADE_BASKET,42-45,32.7,1,-1,4,2,2,1,1,0,120.3,116.6,2
0022200154,2022-23,2,27,28,1,33.3,MADE_BASKET,33-36,13.0,0,1,3,2,2,1,1,0,114.0,116.2,1
0022200154,2022-23,3,28,27,0,39.3,DEAD_BALL,39-42,31.0,1,-2,0,3,1,1,0,0,117.8,115.3,-3
0022200155,2022-23,1,13,1,1,32.0,DREB,30-33,28.4,1,-4,0,0,2,1,1,0,111.8,121.2,0
0022200155,2022-23,2,1,13,0,33.1,MADE_BASKET,33-36,24.5,0,-4,0,2,2,1,1,0,112.4,103.4,-2
0022200156,2022-23,1,12,28,1,39.1,DREB,39-42,29.8,1,2,0,2,2,1,1,0,111.9,116.2,-2
0022200156,2022-23,2,12,28,1,39.0,DEAD_BALL,39-42,33.3,1,13,0,0,2,1,1,0,111.9,116.2,0
0022200156,2022-23,3,12,28,1,40.8,MADE_BASKET,39-42,30.1,1,12,0,2,2,1,1,0,111.9,116.2,-2
0022200157,2022-23,1,19,22,0,34.7,DREB,33-36,27.6,0,-2,1,2,1,1,0,0,123.8,117.1,-1
0022200157,2022-23,3,22,19,1,38.4,MADE_BASKET,36-39,25.0,0,-3,0,2,2,1,1,0,117.1,106.9,-2
0022200158,2022-23,1,23,28,1,39.1,LIVE_TOV,39-42,30.8,1,0,3,3,2,1,1,0,112.7,116.2,0
0022200158,2022-23,2,28,23,0,43.8,DREB,42-45,40.4,1,7,5,3,2,2,1,1,117.8,118.1,2
0022200158,2022-23,3,28,23,0,37.7,DREB,36-39,30.8,1,14,0,2,2,1,1,0,117.8,118.1,-2
0022200159,2022-23,1,12,11,1,37.4,DREB,36-39,33.3,1,-1,2,3,2,1,1,0,111.9,121.8,-1
0022200159,2022-23,2,11,12,0,39.6,DREB,39-42,21.8,0,12,2,2,2,1,1,0,118.3,116.6,0
0022200159,2022-23,3,11,12,0,38.4,MADE_BASKET,36-39,25.8,0,9,2,0,1,1,0,0,118.3,116.6,2
0022200160,2022-23,1,4,28,1,34.5,DREB,33-36,32.9,1,-3,0,2,2,1,1,0,117.5,116.2,-2
0022200160,2022-23,2,28,4,0,37.7,DREB,36-39,24.6,0,3,0,0,1,1,0,0,117.8,123.9,0
0022200160,2022-23,3,4,28,1,36.5,DEAD_BALL,36-39,24.4,0,3,0,2,1,1,0,0,117.5,116.2,-2
0022200161,2022-23,1,10,22,0,36.1,DREB,36-39,30.3,1,-5,0,0,2,1,1,0,119.8,117.1,0
0022200161,2022-23,2,22,10,1,35.4,MADE_BASKET,33-36,17.3,0,6,0,3,1,1,0,0,117.1,113.5,-3
0022200162,2022-23,1,4,27,0,35.2,DEAD_BALL,33-36,30.4,1,3,0,2,2,1,1,0,117.5,115.3,-2
0022200162,2022-23,2,27,4,1,44.3,DREB,42-45,39.0,1,8,2,5,2,2,1,1,114.0,123.9,-3
0022200162,2022-23,3,4,27,0,38.8,MADE_BASKET,36-39,33.2,1,-15,0,2,2,1,1,0,117.5,115.3,-2
0022200163,2022-23,1,13,3,1,43.7,MADE_BASKET,42-45,24.8,0,-12,2,0,2,1,1,0,111.8,118.0,2
0022200163,2022-23,2,3,13,0,35.4,DREB,33-36,15.8,0,3,0,0,2,1,1,0,118.5,103.4,0
0022200163,2022-23,3,3,13,0,35.4,DREB,33-36,22.4,0,15,2,0,1,1,0,0,118.5,103.4,2
0022200164,2022-23,1,28,18,1,36.2,DREB,36-39,21.5,0,9,2,0,1,1,0,0,117.8,118.0,2
0022200164,2022-23,2,28,18,1,32.7,LIVE_TOV,30-33,28.6,1,28,0,0,2,1,1,0,117.8,118.0,0
0022200164,2022-23,3,28,18,1,41.9,DREB,39-42,38.9,1,24,5,0,2,1,1,0,117.8,118.0,5
0022200165,2022-23,2,19,1,0,32.4,DREB,30-33,28.5,1,8,5,2,2,1,1,0,123.8,121.2,3
0022200165,2022-23,3,1,19,1,43.6,MADE_BASKET,42-45,31.7,1,-5,5,2,2,1,1,0,112.4,106.9,3
0022200166,2022-23,1,9,3,1,36.0,DREB,36-39,23.1,0,2,1,3,1,1,0,0,116.7,118.0,-2
0022200166,2022-23,2,9,3,1,42.1,MADE_BASKET,42-45,20.5,0,-10,3,0,1,1,0,0,116.7,118.0,3
0022200166,2022-23,3,9,3,1,36.4,LIVE_TOV,36-39,30.9,1,-9,2,0,1,1,0,0,116.7,118.0,2
0022200167,2022-23,1,28,15,1,32.2,DREB,30-33,15.0,0,6,3,0,1,1,0,0,117.8,112.7,3
0022200167,2022-23,3,15,28,0,35.9,DREB,33-36,29.2,1,-9,2,3,2,2,1,1,118.9,116.2,-1
0022200168,2022-23,1,5,11,0,43.3,DREB,42-45,31.3,1,-2,2,2,2,1,1,0,111.3,121.8,0
0022200168,2022-23,2,5,11,0,36.3,MADE_BASKET,36-39,23.0,0,3,3,0,1,1,0,0,111.3,121.8,3
0022200168,2022-23,3,11,5,1,34.1,MADE_BASKET,33-36,30.3,1,-5,2,2,2,1,1,0,118.3,118.5,0
0022200169,2022-23,1,15,2,0,42.9,DEAD_BALL,42-45,28.4,1,5,5,0,2,1,1,0,118.9,119.0,5
0022200169,2022-23,2,2,15,1,30.1,DREB,30-33,10.6,0,-12,0,0,1,0,0,0,118.0,112.7,0
0022200169,2022-23,3,15,2,0,44.5,MADE_BASKET,42-45,30.0,1,19,1,2,2,1,1,0,118.9,119.0,-1
0022200170,2022-23,1,4,3,0,30.8,MADE_BASKET,30-33,8.8,0,-7,0,0,1,1,0,0,117.5,118.0,0
0022200170,2022-23,2,4,3,0,35.3,MADE_BASKET,33-36,32.4,1,0,0,0,2,1,1,0,117.5,118.0,0
0022200170,2022-23,3,3,4,1,35.9,MADE_BASKET,33-36,27.8,0,2,2,0,2,1,1,0,118.5,123.9,2
0022200171,2022-23,2,1,14,0,35.8,DREB,33-36,29.9,1,10,4,4,2,2,1,1,112.4,119.9,0
0022200171,2022-23,3,14,1,1,43.4,MADE_BASKET,42-45,34.0,1,-12,6,0,2,1,1,0,118.8,121.2,6
0022200172,2022-23,1,24,9,0,44.4,DREB,42-45,31.7,1,-6,0,4,2,2,1,1,120.3,118.2,-4
0022200172,2022-23,2,9,24,1,37.9,DREB,36-39,31.7,1,15,2,2,2,1,1,0,116.7,113.3,0
0022200172,2022-23,3,24,9,0,38.9,DREB,36-39,29.4,1,-1,5,0,2,1,1,0,120.3,118.2,5
0022200173,2022-23,2,14,16,1,36.3,MADE_BASKET,36-39,20.4,0,6,0,3,1,1,0,0,118.8,110.0,-3
0022200173,2022-23,3,14,16,1,44.2,MADE_BASKET,42-45,29.6,1,-14,0,1,1,1,0,0,118.8,110.0,-1
0022200174,2022-23,1,17,8,0,31.3,MADE_BASKET,30-33,9.0,0,3,0,2,1,1,0,0,121.1,113.6,-2
0022200174,2022-23,2,8,17,1,37.9,MADE_BASKET,36-39,21.4,0,2,0,2,1,1,0,0,110.4,120.1,-2
0022200174,2022-23,3,8,17,1,30.8,DREB,30-33,16.6,0,8,0,0,1,1,0,0,110.4,120.1,0
0022200175,2022-23,1,30,28,0,42.4,MADE_BASKET,42-45,30.9,1,2,2,0,1,1,0,0,112.3,116.2,2
0022200176,2022-23,1,1,6,1,40.2,MADE_BASKET,39-42,22.7,0,2,0,0,1,1,0,0,112.4,109.2,0
0022200176,2022-23,2,1,6,1,39.7,DREB,39-42,25.5,0,13,3,3,1,1,0,0,112.4,109.2,0
0022200176,2022-23,3,1,6,1,33.8,DEAD_BALL,33-36,24.5,0,6,3,1,2,1,1,0,112.4,109.2,2
0022200177,2022-23,2,17,1,1,36.3,MADE_BASKET,36-39,29.8,1,5,2,3,2,1,1,0,121.1,121.2,-1
0022200177,2022-23,3,1,17,0,30.9,MADE_BASKET,30-33,10.1,0,-4,0,3,1,1,0,0,112.4,120.1,-3
0022200178,2022-23,1,13,10,1,34.7,MADE_BASKET,33-36,18.7,0,-5,0,0,2,1,1,0,111.8,113.5,0
0022200178,2022-23,2,10,13,0,38.1,MADE_BASKET,36-39,19.7,0,4,0,0,1,1,0,0,119.8,103.4,0
0022200178,2022-23,3,10,13,0,41.2,DREB,39-42,28.9,1,0,0,0,2,1,1,0,119.8,103.4,0
0022200179,2022-23,2,4,13,1,43.2,DREB,42-45,30.5,1,-9,2,3,2,2,1,1,117.5,103.4,-1
0022200179,2022-23,3,4,13,1,36.2,MADE_BASKET,36-39,30.2,1,-20,2,0,1,1,0,0,117.5,103.4,2
0022200180,2022-23,1,21,6,0,32.8,DREB,30-33,19.3,0,11,3,0,1,1,0,0,118.7,109.2,3
0022200180,2022-23,2,21,6,0,39.9,DREB,39-42,34.0,1,12,2,3,2,2,1,1,118.7,109.2,-1
0022200180,2022-23,3,21,6,0,32.8,MADE_BASKET,30-33,21.3,0,8,3,0,2,1,1,0,118.7,109.2,3
0022200181,2022-23,1,4,16,1,35.3,MADE_BASKET,33-36,25.0,0,-5,2,2,1,1,0,0,117.5,110.0,0
0022200181,2022-23,2,16,4,0,41.2,MADE_BASKET,39-42,31.3,1,5,2,3,2,2,1,1,121.8,123.9,-1
0022200181,2022-23,3,4,16,1,39.9,DREB,39-42,30.0,1,-8,3,2,2,1,1,0,117.5,110.0,1
0022200182,2022-23,1,12,7,1,38.7,MADE_BASKET,36-39,20.7,0,1,0,3,1,1,0,0,111.9,117.1,-3
0022200182,2022-23,2,12,7,1,45.0,DEAD_BALL,42-45,31.4,1,4,3,0,1,1,0,0,111.9,117.1,3
0022200182,2022-23,3,12,7,1,40.8,MADE_BASKET,39-42,36.5,1,8,0,6,2,1,1,0,111.9,117.1,-6
0022200183,2022-23,1,21,6,1,39.2,DEAD_BALL,39-42,24.9,0,6,0,0,1,1,0,0,118.7,109.2,0
0022200183,2022-23,2,21,6,1,34.3,DREB,33-36,32.3,1,18,0,0,2,1,1,0,118.7,109.2,0
0022200183,2022-23,3,21,6,1,44.8,MADE_BASKET,42-45,33.5,1,17,4,2,2,2,1,1,118.7,109.2,2
0022200184,2022-23,1,27,7,0,33.4,MADE_BASKET,33-36,16.6,0,2,2,0,1,1,0,0,114.0,117.1,2
0022200184,2022-23,2,7,27,1,41.1,MADE_BASKET,39-42,28.7,1,-6,2,0,2,1,1,0,113.2,115.3,2
0022200185,2022-23,1,8,12,0,31.7,DREB,30-33,17.7,0,8,5,3,2,1,1,0,110.4,116.6,2
0022200185,2022-23,2,8,12,0,39.1,DREB,39-42,34.7,1,16,2,7,2,2,1,1,110.4,116.6,-5
0022200186,2022-23,1,18,12,0,42.8,DREB,42-45,26.1,0,9,2,3,1,1,0,0,109.9,116.6,-1
0022200186,2022-23,2,12,18,1,33.6,DREB,33-36,31.3,1,-5,0,0,2,1,1,0,111.9,118.0,0
0022200186,2022-23,3,12,18,1,37.5,DREB,36-39,33.7,1,-2,2,2,2,1,1,0,111.9,118.0,0
0022200187,2022-23,1,3,30,0,30.2,MADE_BASKET,30-33,7.6,0,-13,2,3,1,1,0,0,118.5,112.5,-1
0022200187,2022-23,3,30,3,1,43.4,DREB,42-45,29.0,1,9,4,3,2,1,1,0,112.3,118.0,1
0022200188,2022-23,1,14,28,1,40.9,MADE_BASKET,39-42,31.0,1,-3,2,0,2,2,1,1,118.8,116.2,2
0022200188,2022-23,2,28,14,0,30.2,LIVE_TOV,30-33,27.2,0,20,2,2,1,1,0,0,117.8,119.9,0
0022200188,2022-23,3,28,14,0,31.3,MADE_BASKET,30-33,7.5,0,7,0,2,1,1,0,0,117.8,119.9,-2
0022200189,2022-23,1,6,9,0,31.1,DREB,30-33,16.2,0,5,0,1,1,1,0,0,117.2,118.2,-1
0022200189,2022-23,2,6,9,0,36.0,DREB,36-39,33.4,1,5,0,2,2,1,1,0,117.2,118.2,-2
0022200190,2022-23,1,18,11,0,34.6,MADE_BASKET,33-36,16.0,0,11,0,3,1,1,0,0,109.9,121.8,-3
0022200190,2022-23,2,18,11,0,44.2,DREB,42-45,29.7,1,16,2,2,1,1,0,0,109.9,121.8,0
0022200191,2022-23,1,12,22,1,31.6,DEAD_BALL,30-33,23.7,0,1,0,0,1,1,0,0,111.9,117.1,0
0022200191,2022-23,2,22,12,0,36.1,DREB,36-39,28.5,1,-8,6,2,2,1,1,0,117.1,116.6,4
0022200191,2022-23,3,12,22,1,41.4,DREB,39-42,29.8,1,9,1,2,2,1,1,0,111.9,117.1,-1
0022200192,2022-23,1,6,2,1,38.6,MADE_BASKET,36-39,33.4,1,3,6,0,2,2,1,1,117.2,119.0,6
0022200192,2022-23,3,2,6,0,34.0,DREB,33-36,29.7,1,1,4,0,2,2,1,1,118.0,109.2,4
0022200193,2022-23,1,24,28,1,39.9,MADE_BASKET,39-42,35.2,1,-10,0,0,2,1,1,0,120.3,116.2,0
0022200193,2022-23,2,28,24,0,43.5,DEAD_BALL,42-45,30.7,1,6,0,0,2,1,1,0,117.8,113.3,0
0022200193,2022-23,3,24,28,1,33.5,MADE_BASKET,33-36,29.6,1,-5,0,0,2,1,1,0,120.3,116.2,0
0022200194,2022-23,1,9,14,0,35.3,DREB,33-36,20.5,0,1,6,2,1,1,0,0,116.7,119.9,4
0022200194,2022-23,2,9,14,0,34.9,MADE_BASKET,33-36,15.9,0,2,2,0,1,1,0,0,116.7,119.9,2
0022200194,2022-23,3,14,9,1,43.5,DREB,42-45,29.7,1,0,5,0,2,1,1,0,118.8,118.2,5
0022200195,2022-23,1,3,29,1,42.4,MADE_BASKET,42-45,31.4,1,-6,4,0,2,2,1,1,118.5,121.4,4
0022200195,2022-23,2,3,29,1,41.9,DREB,39-42,39.3,1,-6,4,5,2,2,1,1,118.5,121.4,-1
0022200195,2022-23,3,29,3,0,35.9,MADE_BASKET,33-36,18.2,0,11,0,1,1,1,0,0,119.3,118.0,-1
0022200196,2022-23,1,25,28,1,41.2,MADE_BASKET,39-42,31.8,1,1,0,1,2,1,1,0,113.7,116.2,-1
0022200196,2022-23,2,28,25,0,33.9,DEAD_BALL,33-36,32.0,1,0,2,0,2,2,1,1,117.8,113.8,2
0022200196,2022-23,3,25,28,1,36.2,LIVE_TOV,36-39,31.3,1,0,4,0,2,1,1,0,113.7,116.2,4
0022200197,2022-23,1,4,28,0,32.1,DREB,30-33,28.3,1,-5,2,0,2,1,1,0,117.5,116.2,2
0022200197,2022-23,2,28,4,1,36.3,MADE_BASKET,36-39,32.0,1,4,2,0,2,1,1,0,117.8,123.9,2
0022200197,2022-23,3,4,28,0,40.0,LIVE_TOV,39-42,33.8,1,-5,2,2,2,1,1,0,117.5,116.2,0
0022200198,2022-23,1,10,20,1,44.4,LIVE_TOV,42-45,29.2,1,9,4,2,2,1,1,0,119.8,114.8,2
0022200198,2022-23,2,10,20,1,32.0,DEAD_BALL,30-33,20.5,0,12,0,2,2,1,1,0,119.8,114.8,-2
0022200198,2022-23,3,10,20,1,39.4,MADE_BASKET,39-42,33.0,1,20,2,0,2,1,1,0,119.8,114.8,2
0022200199,2022-23,1,22,27,1,43.6,DREB,42-45,28.9,1,-5,2,0,2,1,1,0,117.1,115.3,2
0022200199,2022-23,2,27,22,0,42.3,DREB,42-45,32.2,1,5,0,2,2,1,1,0,114.0,117.1,-2
0022200199,2022-23,3,27,22,0,36.9,LIVE_TOV,36-39,29.6,1,-7,2,0,2,1,1,0,114.0,117.1,2
0022200200,2022-23,1,27,23,0,43.3,MADE_BASKET,42-45,34.7,1,1,5,3,2,1,1,0,114.0,118.1,2
0022200200,2022-23,2,27,23,0,34.4,MADE_BASKET,33-36,14.2,0,-3,3,0,1,1,0,0,114.0,118.1,3
0022200200,2022-23,3,27,23,0,33.6,MADE_BASKET,33-36,18.4,0,-6,5,0,1,1,0,0,114.0,118.1,5
0022200201,2022-23,1,26,10,1,40.5,LIVE_TOV,39-42,36.5,1,-5,2,4,2,2,1,1,113.0,113.5,-2
0022200201,2022-23,2,10,26,0,39.4,DREB,39-42,32.3,1,-2,3,0,2,1,1,0,119.8,118.7,3
0022200201,2022-23,3,10,26,0,38.0,MADE_BASKET,36-39,23.0,0,4,0,2,1,1,0,0,119.8,118.7,-2
0022200202,2022-23,1,28,3,1,36.6,MADE_BASKET,36-39,29.1,1,0,0,2,2,1,1,0,117.8,118.0,-2
0022200202,2022-23,3,3,28,0,30.1,MADE_BASKET,30-33,8.4,0,8,2,2,2,1,1,0,118.5,116.2,0
0022200203,2022-23,1,29,28,0,36.8,LIVE_TOV,36-39,29.9,1,3,2,0,2,1,1,0,119.3,116.2,2
0022200203,2022-23,2,28,29,1,31.3,DREB,30-33,29.3,1,-17,4,2,2,1,1,0,117.8,121.4,2
0022200203,2022-23,3,28,29,1,43.3,LIVE_TOV,42-45,38.1,1,-10,5,1,2,2,1,1,117.8,121.4,4
0022200204,2022-23,1,30,17,1,42.9,MADE_BASKET,42-45,29.8,1,-6,0,2,2,1,1,0,112.3,120.1,-2
0022200204,2022-23,3,30,17,1,38.3,DREB,36-39,29.7,1,-26,2,0,2,2,1,1,112.3,120.1,2
0022200205,2022-23,1,15,25,1,42.5,DREB,42-45,29.1,1,3,2,2,2,2,1,1,118.9,113.8,0
0022200205,2022-23,2,15,25,1,35.6,MADE_BASKET,33-36,29.1,1,8,4,2,2,1,1,0,118.9,113.8,2
0022200205,2022-23,3,15,25,1,41.2,DEAD_BALL,39-42,19.0,0,-6,2,0,1,1,0,0,118.9,113.8,2
0022200206,2022-23,1,21,17,0,43.0,MADE_BASKET,42-45,30.7,1,-10,5,0,2,1,1,0,118.7,120.1,5
0022200206,2022-23,2,17,21,1,35.6,MADE_BASKET,33-36,17.4,0,6,0,0,1,1,0,0,121.1,107.9,0
0022200206,2022-23,3,21,17,0,35.0,LIVE_TOV,33-36,32.3,1,2,0,0,2,1,1,0,118.7,120.1,0
0022200207,2022-23,1,14,1,1,37.7,MADE_BASKET,36-39,19.8,0,-1,2,0,1,1,0,0,118.8,121.2,2
0022200207,2022-23,2,14,1,1,44.2,DREB,42-45,30.5,1,10,1,0,2,2,1,1,118.8,121.2,1
0022200207,2022-23,3,1,14,0,31.7,DREB,30-33,11.4,0,-3,0,2,1,1,0,0,112.4,119.9,-2
0022200208,2022-23,1,21,4,1,41.5,MADE_BASKET,39-42,33.3,1,-1,0,2,2,1,1,0,118.7,123.9,-2
0022200208,2022-23,2,21,4,1,33.3,DREB,33-36,18.3,0,-8,2,0,2,1,1,0,118.7,123.9,2
0022200208,2022-23,3,4,21,0,40.0,DREB,39-42,32.3,1,8,2,0,2,1,1,0,117.5,107.9,2
0022200209,2022-23,1,10,2,1,33.4,MADE_BASKET,33-36,15.9,0,0,3,0,1,1,0,0,119.8,119.0,3
0022200209,2022-23,2,10,2,1,31.8,DEAD_BALL,30-33,29.2,1,-4,3,0,2,1,1,0,119.8,119.0,3
0022200210,2022-23,1,24,13,0,36.4,MADE_BASKET,36-39,20.7,0,-3,0,0,1,1,0,0,120.3,103.4,0
0022200210,2022-23,2,13,24,1,38.8,MADE_BASKET,36-39,33.4,1,-3,2,0,2,2,1,1,111.8,113.3,2
0022200211,2022-23,1,7,27,0,33.1,MADE_BASKET,33-36,21.1,0,-6,2,0,1,1,0,0,113.2,115.3,2
0022200211,2022-23,2,27,7,1,33.8,MADE_BASKET,33-36,21.8,0,-4,0,0,1,1,0,0,114.0,117.1,0
0022200211,2022-23,3,27,7,1,30.0,MADE_BASKET,30-33,7.4,0,-12,0,1,1,1,0,0,114.0,117.1,-1
0022200212,2022-23,1,12,17,1,31.9,DEAD_BALL,30-33,18.1,0,4,2,2,1,1,0,0,111.9,120.1,0
0022200212,2022-23,2,17,12,0,39.6,MADE_BASKET,39-42,28.5,1,2,3,2,2,1,1,0,121.1,116.6,1
0022200213,2022-23,1,22,20,1,36.1,DEAD_BALL,36-39,34.1,1,6,2,2,2,1,1,0,117.1,114.8,0
0022200213,2022-23,2,22,20,1,38.8,MADE_BASKET,36-39,30.9,1,3,5,2,2,1,1,0,117.1,114.8,3
0022200213,2022-23,3,22,20,1,43.3,MADE_BASKET,42-45,31.6,1,8,5,3,2,1,1,0,117.1,114.8,2
0022200214,2022-23,1,7,19,0,33.6,DREB,33-36,16.3,0,-2,0,0,1,1,0,0,113.2,106.9,0
0022200214,2022-23,2,19,7,1,38.3,MADE_BASKET,36-39,33.8,1,3,2,0,2,2,1,1,123.8,117.1,2
0022200214,2022-23,3,7,19,0,31.3,DREB,30-33,19.6,0,1,0,2,1,1,0,0,113.2,106.9,-2
0022200215,2022-23,1,2,14,1,43.3,LIVE_TOV,42-45,36.1,1,3,3,0,2,1,1,0,118.0,119.9,3
0022200215,2022-23,2,14,2,0,39.7,MADE_BASKET,39-42,24.3,0,-13,2,2,1,1,0,0,118.8,119.0,0
0022200216,2022-23,1,24,3,0,40.8,DEAD_BALL,39-42,34.9,1,8,2,0,2,2,1,1,120.3,118.0,2
0022200216,2022-23,2,3,24,1,35.5,MADE_BASKET,33-36,16.5,0,-9,0,0,1,1,0,0,118.5,113.3,0
0022200216,2022-23,3,3,24,1,33.8,DREB,33-36,20.8,0,-5,0,0,1,1,0,0,118.5,113.3,0
0022200217,2022-23,1,2,11,1,39.2,DREB,39-42,31.9,1,-7,0,2,1,1,0,0,118.0,121.8,-2
0022200217,2022-23,2,11,2,0,33.7,MADE_BASKET,33-36,21.0,0,4,1,2,2,1,1,0,118.3,119.0,-1
0022200217,2022-23,3,2,11,1,34.6,DREB,33-36,26.3,0,-16,4,3,2,1,1,0,118.0,121.8,1
0022200218,2022-23,1,20,28,0,41.9,DREB,39-42,22.6,0,3,2,0,1,1,0,0,128.8,116.2,2
0022200218,2022-23,2,28,20,1,34.9,MADE_BASKET,33-36,29.8,1,-8,5,0,2,2,1,1,117.8,114.8,5
0022200218,2022-23,3,20,28,0,30.7,MADE_BASKET,30-33,8.7,0,7,0,3,1,1,0,0,128.8,116.2,-3
0022200219,2022-23,1,15,5,1,36.6,MADE_BASKET,36-39,30.8,1,-8,2,2,2,1,1,0,118.9,118.5,0
0022200219,2022-23,2,15,5,1,30.6,MADE_BASKET,30-33,9.8,0,-21,3,0,1,1,0,0,118.9,118.5,3
0022200219,2022-23,3,15,5,1,41.8,DREB,39-42,32.8,1,-16,3,0,2,1,1,0,118.9,118.5,3
0022200220,2022-23,2,28,13,1,45.0,MADE_BASKET,42-45,40.7,1,0,3,0,2,1,1,0,117.8,103.4,3
0022200220,2022-23,3,13,28,0,31.8,DREB,30-33,19.5,0,-3,0,0,1,1,0,0,111.8,116.2,0
0022200221,2022-23,2,2,30,0,37.2,MADE_BASKET,36-39,24.0,0,-9,0,2,1,1,0,0,118.0,112.5,-2
0022200221,2022-23,3,2,30,0,40.8,MADE_BASKET,39-42,28.6,1,-7,0,3,2,1,1,0,118.0,112.5,-3
0022200222,2022-23,1,15,3,0,44.8,DREB,42-45,43.1,1,-4,6,2,2,1,1,0,118.9,118.0,4
0022200222,2022-23,2,15,3,0,40.7,DREB,39-42,38.8,1,6,5,0,2,2,1,1,118.9,118.0,5
0022200222,2022-23,3,15,3,0,33.6,MADE_BASKET,33-36,14.1,0,10,2,0,1,1,0,0,118.9,118.0,2
0022200223,2022-23,1,6,16,0,41.5,LIVE_TOV,39-42,32.8,1,9,4,2,2,2,1,1,117.2,110.0,2
0022200223,2022-23,3,16,6,1,34.0,DREB,33-36,22.9,0,-19,2,2,1,1,0,0,121.8,109.2,0
0022200224,2022-23,2,28,17,1,43.6,MADE_BASKET,42-45,36.9,1,6,5,2,2,2,1,1,117.8,120.1,3
0022200224,2022-23,3,28,17,1,35.0,DREB,33-36,17.9,0,7,2,2,1,1,0,0,117.8,120.1,0
0022200225,2022-23,1,12,28,0,43.4,MADE_BASKET,42-45,39.7,1,3,0,6,2,1,1,0,111.9,116.2,-6
0022200225,2022-23,2,12,28,0,36.4,MADE_BASKET,36-39,31.9,1,-1,2,3,2,1,1,0,111.9,116.2,-1
0022200225,2022-23,3,28,12,1,33.7,DREB,33-36,17.3,0,1,2,0,1,1,0,0,117.8,116.6,2
0022200226,2022-23,2,4,27,0,42.4,DREB,42-45,32.0,1,-3,2,2,2,1,1,0,117.5,115.3,0
0022200226,2022-23,3,4,27,0,41.0,MADE_BASKET,39-42,29.1,1,-5,0,0,2,1,1,0,117.5,115.3,0
0022200227,2022-23,1,12,16,1,40.2,MADE_BASKET,39-42,35.8,1,-1,3,0,2,2,1,1,111.9,110.0,3
0022200227,2022-23,2,12,16,1,37.4,MADE_BASKET,36-39,20.2,0,-6,3,0,1,1,0,0,111.9,110.0,3
0022200227,2022-23,3,16,12,0,31.8,DEAD_BALL,30-33,17.6,0,-3,0,0,1,1,0,0,121.8,116.6,0
0022200228,2022-23,3,16,20,0,34.3,DREB,33-36,17.7,0,11,4,2,1,1,0,0,121.8,114.8,2
0022200229,2022-23,1,4,5,1,40.8,DREB,39-42,24.5,0,3,0,0,1,1,0,0,117.5,118.5,0
0022200229,2022-23,3,4,5,1,35.0,DREB,33-36,31.7,1,1,0,0,2,1,1,0,117.5,118.5,0
0022200230,2022-23,1,2,18,1,41.0,DREB,39-42,30.0,1,0,3,0,2,1,1,0,118.0,118.0,3
0022200230,2022-23,2,18,2,0,32.7,MADE_BASKET,30-33,23.0,0,3,0,2,1,1,0,0,109.9,119.0,-2
0022200231,2022-23,2,22,21,0,36.5,LIVE_TOV,36-39,25.7,0,15,3,4,2,1,1,0,117.1,107.9,-1
0022200232,2022-23,1,9,23,0,36.5,DREB,36-39,29.5,1,-7,0,0,2,1,1,0,116.7,118.1,0
0022200232,2022-23,2,9,23,0,43.0,MADE_BASKET,42-45,24.5,0,-7,5,0,2,2,1,1,116.7,118.1,5
0022200232,2022-23,3,23,9,1,34.2,LIVE_TOV,33-36,29.1,1,-3,0,0,2,1,1,0,112.7,118.2,0
0022200233,2022-23,2,24,10,0,35.4,DREB,33-36,33.7,1,5,3,0,2,2,1,1,120.3,113.5,3
0022200233,2022-23,3,10,24,1,33.9,DREB,33-36,18.4,0,-3,2,0,1,1,0,0,119.8,113.3,2
0022200234,2022-23,1,6,21,0,38.5,MADE_BASKET,36-39,18.0,0,-3,1,3,1,1,0,0,117.2,107.9,-2
0022200234,2022-23,2,6,21,0,32.8,MADE_BASKET,30-33,9.2,0,-5,5,1,2,1,1,0,117.2,107.9,4
0022200234,2022-23,3,6,21,0,39.7,MADE_BASKET,39-42,28.7,1,-14,2,3,2,1,1,0,117.2,107.9,-1
0022200235,2022-23,1,20,25,0,43.7,MADE_BASKET,42-45,33.7,1,1,2,4,2,1,1,0,128.8,113.8,-2
0022200235,2022-23,2,20,25,0,42.4,MADE_BASKET,42-45,29.0,1,-1,5,2,2,2,1,1,128.8,113.8,3
0022200235,2022-23,3,25,20,1,34.6,MADE_BASKET,33-36,28.7,1,-12,6,2,2,2,1,1,113.7,114.8,4
0022200236,2022-23,1,21,28,0,34.1,DREB,33-36,22.6,0,8,2,3,1,1,0,0,118.7,116.2,-1
0022200236,2022-23,2,21,28,0,40.3,MADE_BASKET,39-42,21.3,0,2,0,0,1,1,0,0,118.7,116.2,0
0022200236,2022-23,3,21,28,0,37.5,MADE_BASKET,36-39,33.3,1,0,6,2,2,2,1,1,118.7,116.2,4
0022200237,2022-23,1,11,27,0,44.4,MADE_BASKET,42-45,31.2,1,-2,4,0,2,2,1,1,118.3,115.3,4
0022200237,2022-23,2,11,27,0,44.0,LIVE_TOV,42-45,40.3,1,5,4,0,2,2,1,1,118.3,115.3,4
0022200238,2022-23,1,21,18,0,38.8,MADE_BASKET,36-39,23.4,0,2,0,0,1,1,0,0,118.7,118.0,0
0022200238,2022-23,2,21,18,0,43.9,MADE_BASKET,42-45,28.4,1,16,2,0,2,1,1,0,118.7,118.0,2
0022200239,2022-23,1,24,29,1,37.8,DREB,36-39,31.1,1,10,2,0,2,1,1,0,120.3,121.4,2
0022200239,2022-23,2,24,29,1,43.6,MADE_BASKET,42-45,31.0,1,24,2,2,2,1,1,0,120.3,121.4,0
0022200239,2022-23,3,29,24,0,33.0,DREB,33-36,13.7,0,-14,2,0,2,1,1,0,119.3,113.3,2
0022200240,2022-23,1,10,28,1,30.6,DREB,30-33,9.3,0,1,0,0,1,1,0,0,119.8,116.2,0
0022200240,2022-23,2,28,10,0,42.6,MADE_BASKET,42-45,37.3,1,-4,0,0,2,2,1,1,117.8,113.5,0
0022200240,2022-23,3,28,10,0,42.9,MADE_BASKET,42-45,35.4,1,-13,4,2,2,2,1,1,117.8,113.5,2
0022200241,2022-23,1,3,7,0,40.7,MADE_BASKET,39-42,26.0,0,-2,3,3,2,1,1,0,118.5,117.1,0
0022200241,2022-23,2,7,3,1,36.1,MADE_BASKET,36-39,19.2,0,-3,0,0,1,1,0,0,113.2,118.0,0
0022200241,2022-23,3,7,3,1,45.0,DREB,42-45,29.3,1,-3,4,0,2,1,1,0,113.2,118.0,4
0022200242,2022-23,3,4,22,0,36.6,MADE_BASKET,36-39,31.0,1,-27,3,2,2,1,1,0,117.5,117.1,1
0022200243,2022-23,1,11,20,0,37.8,MADE_BASKET,36-39,26.0,0,5,0,0,2,1,1,0,118.3,114.8,0
0022200243,2022-23,2,20,11,1,36.8,LIVE_TOV,36-39,34.6,1,-2,3,2,2,1,1,0,128.8,121.8,1
0022200243,2022-23,3,11,20,0,36.5,MADE_BASKET,36-39,26.2,0,5,3,3,2,1,1,0,118.3,114.8,0
0022200244,2022-23,1,25,22,0,39.9,DREB,39-42,29.0,1,5,0,0,2,1,1,0,113.7,117.1,0
0022200244,2022-23,2,22,25,1,34.8,MADE_BASKET,33-36,29.7,1,-14,4,0,2,1,1,0,117.1,113.8,4
0022200244,2022-23,3,25,22,0,41.0,LIVE_TOV,39-42,32.9,1,14,1,0,1,1,0,0,113.7,117.1,1
0022200245,2022-23,1,17,22,1,38.1,MADE_BASKET,36-39,28.7,1,0,2,3,2,1,1,0,121.1,117.1,-1
0022200245,2022-23,2,22,17,0,33.1,MADE_BASKET,33-36,12.6,0,2,0,0,1,1,0,0,117.1,120.1,0
0022200245,2022-23,3,17,22,1,33.4,MADE_BASKET,33-36,10.6,0,-8,2,3,1,1,0,0,121.1,117.1,-1
0022200246,2022-23,1,24,9,1,38.7,MADE_BASKET,36-39,29.8,1,6,2,2,2,2,1,1,120.3,118.2,0
0022200246,2022-23,2,9,24,0,38.1,MADE_BASKET,36-39,31.2,1,-14,5,0,2,1,1,0,116.7,113.3,5
0022200247,2022-23,2,30,22,0,38.9,MADE_BASKET,36-39,30.9,1,-11,0,3,2,2,1,1,112.3,117.1,-3
0022200247,2022-23,3,30,22,0,35.7,MADE_BASKET,33-36,31.6,1,-19,3,2,2,1,1,0,112.3,117.1,1
0022200248,2022-23,1,6,14,1,42.4,DREB,42-45,39.9,1,-7,3,3,2,2,1,1,117.2,119.9,0
0022200248,2022-23,2,14,6,0,43.9,MADE_BASKET,42-45,25.7,0,5,0,0,1,1,0,0,118.8,109.2,0
0022200248,2022-23,3,6,14,1,37.6,DREB,36-39,24.1,0,-11,0,2,2,1,1,0,117.2,119.9,-2
0022200249,2022-23,1,10,17,0,31.0,DREB,30-33,14.2,0,9,2,0,1,1,0,0,119.8,120.1,2
0022200249,2022-23,2,10,17,0,41.4,MADE_BASKET,39-42,33.2,1,5,2,3,3,2,1,1,119.8,120.1,-1
0022200249,2022-23,3,17,10,1,35.5,DREB,33-36,20.6,0,-6,0,0,1,1,0,0,121.1,113.5,0
0022200250,2022-23,1,12,6,0,44.5,DREB,42-45,29.9,1,-7,3,2,2,1,1,0,111.9,109.2,1
0022200250,2022-23,2,6,12,1,36.7,MADE_BASKET,36-39,25.0,0,-1,2,2,2,1,1,0,117.2,116.6,0
0022200250,2022-23,3,6,12,1,36.4,MADE_BASKET,36-39,31.0,1,-15,1,2,2,1,1,0,117.2,116.6,-1
0022200251,2022-23,1,26,28,1,37.0,DREB,36-39,28.9,1,-2,1,0,1,1,0,0,113.0,116.2,1
0022200251,2022-23,2,26,28,1,39.6,DREB,39-42,35.6,1,-1,1,2,3,2,1,1,113.0,116.2,-1
0022200251,2022-23,3,26,28,1,34.5,DREB,33-36,30.4,1,6,0,2,2,1,1,0,113.0,116.2,-2
0022200252,2022-23,1,26,27,0,42.0,DREB,42-45,36.9,1,3,2,2,2,1,1,0,113.0,115.3,0
0022200252,2022-23,3,26,27,0,39.6,MADE_BASKET,39-42,19.3,0,18,0,0,2,1,1,0,113.0,115.3,0
0022200253,2022-23,2,3,14,1,41.3,DREB,39-42,22.9,0,6,2,2,2,1,1,0,118.5,119.9,0
0022200254,2022-23,2,8,1,0,44.6,DREB,42-45,32.4,1,-4,0,0,1,1,0,0,110.4,121.2,0
0022200254,2022-23,3,1,8,1,30.1,DREB,30-33,7.9,0,0,0,0,1,0,0,0,112.4,113.6,0
0022200255,2022-23,1,3,22,1,39.6,DREB,39-42,30.0,1,-1,0,2,2,1,1,0,118.5,117.1,-2
0022200255,2022-23,2,3,22,1,43.7,DREB,42-45,28.3,1,5,2,0,2,2,1,1,118.5,117.1,2
0022200255,2022-23,3,22,3,0,43.0,MADE_BASKET,42-45,32.3,1,-12,2,3,2,1,1,0,117.1,118.0,-1
0022200256,2022-23,1,15,19,0,38.1,DEAD_BALL,36-39,30.3,1,0,3,6,2,1,1,0,118.9,106.9,-3
0022200256,2022-23,2,15,19,0,39.9,DREB,39-42,31.1,1,-12,2,0,1,1,0,0,118.9,106.9,2
0022200256,2022-23,3,19,15,1,38.8,MADE_BASKET,36-39,31.3,1,17,2,2,2,1,1,0,123.8,112.7,0
0022200257,2022-23,1,22,26,1,40.1,MADE_BASKET,39-42,26.0,0,0,0,0,1,1,0,0,117.1,118.7,0
0022200257,2022-23,2,26,22,0,38.6,DREB,36-39,26.2,0,-4,2,0,2,2,1,1,113.0,117.1,2
0022200257,2022-23,3,26,22,0,40.9,DREB,39-42,26.8,0,-13,2,0,1,1,0,0,113.0,117.1,2
0022200258,2022-23,1,28,2,0,34.6,MADE_BASKET,33-36,19.0,0,1,0,0,1,1,0,0,117.8,119.0,0
0022200258,2022-23,2,2,28,1,42.8,DREB,42-45,29.9,1,6,2,2,2,2,1,1,118.0,116.2,0
0022200258,2022-23,3,2,28,1,41.0,DREB,39-42,29.5,1,4,0,2,2,1,1,0,118.0,116.2,-2
0022200259,2022-23,2,10,21,0,42.8,DREB,42-45,29.3,1,1,5,0,2,1,1,0,119.8,107.9,5
0022200259,2022-23,3,21,10,1,37.4,LIVE_TOV,36-39,34.8,1,-6,2,0,2,1,1,0,118.7,113.5,2
0022200260,2022-23,1,27,9,0,33.3,MADE_BASKET,33-36,13.4,0,9,3,2,2,1,1,0,114.0,118.2,1
0022200260,2022-23,2,9,27,1,43.0,MADE_BASKET,42-45,33.0,1,-11,0,0,2,1,1,0,116.7,115.3,0
0022200260,2022-23,3,9,27,1,38.1,DREB,36-39,25.0,0,-6,0,2,1,1,0,0,116.7,115.3,-2
0022200261,2022-23,1,13,21,1,43.9,DEAD_BALL,42-45,34.7,1,3,2,0,2,1,1,0,111.8,107.9,2
0022200261,2022-23,3,13,21,1,40.6,MADE_BASKET,39-42,29.8,1,-2,2,0,2,2,1,1,111.8,107.9,2
0022200262,2022-23,1,10,4,0,35.4,MADE_BASKET,33-36,30.9,1,4,0,2,1,1,0,0,119.8,123.9,-2
0022200262,2022-23,2,4,10,1,38.4,DREB,36-39,35.6,1,-2,0,0,2,1,1,0,117.5,113.5,0
0022200262,2022-23,3,4,10,1,40.6,DREB,39-42,32.4,1,-4,6,2,2,1,1,0,117.5,113.5,4
0022200263,2022-23,1,14,24,0,39.7,DREB,39-42,31.8,1,13,3,2,2,2,1,1,118.8,113.3,1
0022200263,2022-23,2,24,14,1,40.4,MADE_BASKET,39-42,30.5,1,-21,2,0,2,1,1,0,120.3,119.9,2
0022200263,2022-23,3,24,14,1,33.7,DREB,33-36,29.7,1,-11,3,0,2,1,1,0,120.3,119.9,3
0022200264,2022-23,1,27,13,0,37.9,MADE_BASKET,36-39,25.8,0,-2,0,2,2,1,1,0,114.0,103.4,-2
0022200264,2022-23,2,27,13,0,43.3,DREB,42-45,40.6,1,-5,5,0,2,2,1,1,114.0,103.4,5
0022200264,2022-23,3,27,13,0,33.8,MADE_BASKET,33-36,20.5,0,4,0,0,1,1,0,0,114.0,103.4,0
0022200265,2022-23,1,21,2,1,41.7,DREB,39-42,33.5,1,-5,3,2,2,1,1,0,118.7,119.0,1
0022200265,2022-23,3,21,2,1,40.2,DREB,39-42,19.0,0,-6,2,2,1,1,0,0,118.7,119.0,0
0022200266,2022-23,1,7,8,1,38.9,DREB,36-39,26.3,0,-3,0,0,1,1,0,0,113.2,113.6,0
0022200266,2022-23,2,7,8,1,30.9,DREB,30-33,7.6,0,-5,2,0,1,1,0,0,113.2,113.6,2
0022200266,2022-23,3,7,8,1,37.5,MADE_BASKET,36-39,23.6,0,-17,0,0,1,1,0,0,113.2,113.6,0
0022200267,2022-23,1,17,22,1,42.3,MADE_BASKET,42-45,35.9,1,-2,5,5,2,2,1,1,121.1,117.1,0
0022200267,2022-23,2,17,22,1,34.5,MADE_BASKET,33-36,20.6,0,-17,2,0,1,1,0,0,121.1,117.1,2
0022200267,2022-23,3,22,17,0,34.8,DREB,33-36,20.4,0,21,0,0,1,1,0,0,117.1,120.1,0
0022200268,2022-23,1,17,30,1,39.2,MADE_BASKET,39-42,29.5,1,-3,5,1,2,1,1,0,121.1,112.5,4
0022200268,2022-23,2,30,17,0,43.7,DREB,42-45,36.5,1,0,2,0,2,2,1,1,112.3,120.1,2
0022200268,2022-23,3,17,30,1,37.6,MADE_BASKET,36-39,24.5,0,-4,0,2,1,1,0,0,121.1,112.5,-2
0022200269,2022-23,1,1,30,1,34.7,DREB,33-36,18.8,0,-3,0,3,1,1,0,0,112.4,112.5,-3
0022200269,2022-23,2,1,30,1,40.8,DREB,39-42,29.3,1,-1,4,2,2,1,1,0,112.4,112.5,2
0022200269,2022-23,3,30,1,0,33.5,MADE_BASKET,33-36,20.2,0,6,0,3,1,1,0,0,112.3,121.2,-3
0022200270,2022-23,1,10,19,0,30.6,DREB,30-33,8.2,0,9,0,0,1,1,0,0,119.8,106.9,0
0022200270,2022-23,2,19,10,1,38.6,MADE_BASKET,36-39,18.5,0,-14,0,0,1,1,0,0,123.8,113.5,0
0022200270,2022-23,3,10,19,0,31.7,LIVE_TOV,30-33,11.6,0,34,2,0,1,1,0,0,119.8,106.9,2
0022200271,2022-23,1,30,13,0,39.4,LIVE_TOV,39-42,31.8,1,14,0,0,2,1,1,0,112.3,103.4,0
0022200271,2022-23,2,30,13,0,32.0,MADE_BASKET,30-33,28.3,1,12,3,0,1,1,0,0,112.3,103.4,3
0022200271,2022-23,3,30,13,0,32.8,LIVE_TOV,30-33,29.3,1,11,0,2,2,1,1,0,112.3,103.4,-2
0022200272,2022-23,1,24,9,0,31.2,MADE_BASKET,30-33,7.2,0,0,2,0,1,1,0,0,120.3,118.2,2
0022200272,2022-23,2,9,24,1,31.4,MADE_BASKET,30-33,9.1,0,-13,0,3,1,1,0,0,116.7,113.3,-3
0022200272,2022-23,3,24,9,0,40.1,MADE_BASKET,39-42,32.8,1,17,3,3,2,1,1,0,120.3,118.2,0
0022200273,2022-23,1,17,2,0,41.4,DREB,39-42,30.2,1,6,3,2,2,2,1,1,121.1,119.0,1
0022200273,2022-23,3,2,17,1,31.9,DREB,30-33,30.4,1,-13,2,1,1,1,0,0,118.0,120.1,1
0022200274,2022-23,2,5,26,0,38.4,DREB,36-39,22.6,0,4,2,0,1,1,0,0,111.3,118.7,2
0022200274,2022-23,3,26,5,1,34.4,MADE_BASKET,33-36,28.4,1,2,3,0,1,1,0,0,113.0,118.5,3
0022200275,2022-23,1,7,25,0,44.6,MADE_BASKET,42-45,33.6,1,-5,0,2,2,2,1,1,113.2,113.8,-2
0022200275,2022-23,3,7,25,0,32.5,DEAD_BALL,30-33,20.0,0,-5,0,3,1,1,0,0,113.2,113.8,-3
0022200276,2022-23,2,4,26,0,34.5,DREB,33-36,31.1,1,2,1,3,2,1,1,0,117.5,118.7,-2
0022200276,2022-23,3,4,26,0,38.3,DREB,36-39,34.9,1,8,3,3,2,1,1,0,117.5,118.7,0
0022200277,2022-23,1,2,25,0,38.3,DREB,36-39,23.0,0,-4,2,2,1,1,0,0,118.0,113.8,0
0022200277,2022-23,2,2,25,0,39.0,DREB,39-42,30.6,1,2,2,3,2,1,1,0,118.0,113.8,-1
0022200277,2022-23,3,2,25,0,38.9,MADE_BASKET,36-39,34.6,1,5,2,3,2,2,1,1,118.0,113.8,-1
0022200278,2022-23,1,16,19,0,38.7,DREB,36-39,16.8,0,1,5,2,2,1,1,0,121.8,106.9,3
0022200278,2022-23,2,16,19,0,31.7,LIVE_TOV,30-33,28.7,1,9,2,2,2,1,1,0,121.8,106.9,0
0022200278,2022-23,3,16,19,0,39.4,MADE_BASKET,39-42,29.6,1,6,2,0,2,1,1,0,121.8,106.9,2
0022200279,2022-23,1,30,1,0,39.5,MADE_BASKET,39-42,32.5,1,2,2,2,2,1,1,0,112.3,121.2,0
0022200279,2022-23,2,30,1,0,39.4,LIVE_TOV,39-42,30.9,1,-2,0,3,2,1,1,0,112.3,121.2,-3
0022200279,2022-23,3,30,1,0,32.2,MADE_BASKET,30-33,9.7,0,-5,0,0,1,1,0,0,112.3,121.2,0
0022200280,2022-23,1,3,13,1,40.0,LIVE_TOV,39-42,31.9,1,2,3,0,2,1,1,0,118.5,103.4,3
0022200280,2022-23,2,3,13,1,44.3,MADE_BASKET,42-45,37.2,1,2,2,0,2,1,1,0,118.5,103.4,2
0022200280,2022-23,3,3,13,1,37.8,DREB,36-39,29.6,1,5,3,2,2,1,1,0,118.5,103.4,1
0022200281,2022-23,1,12,25,0,32.7,DREB,30-33,20.5,0,5,2,2,1,1,0,0,111.9,113.8,0
0022200281,2022-23,2,12,25,0,40.3,MADE_BASKET,39-42,33.6,1,-3,2,2,2,1,1,0,111.9,113.8,0
0022200281,2022-23,3,25,12,1,30.6,DREB,30-33,13.1,0,5,0,0,1,1,0,0,113.7,116.6,0
0022200282,2022-23,1,25,9,0,33.3,LIVE_TOV,33-36,24.6,0,4,2,0,1,1,0,0,113.7,118.2,2
0022200282,2022-23,2,9,25,1,34.9,MADE_BASKET,33-36,30.3,1,-12,0,0,2,1,1,0,116.7,113.8,0
0022200282,2022-23,3,25,9,0,36.5,MADE_BASKET,36-39,31.0,1,15,2,0,2,1,1,0,113.7,118.2,2
0022200283,2022-23,1,25,27,1,34.5,DEAD_BALL,33-36,29.5,1,-1,2,2,2,1,1,0,113.7,115.3,0
0022200283,2022-23,2,27,25,0,42.4,DREB,42-45,31.1,1,-4,2,0,2,1,1,0,114.0,113.8,2
0022200283,2022-23,3,27,25,0,32.5,LIVE_TOV,30-33,28.7,1,1,3,0,2,1,1,0,114.0,113.8,3
0022200284,2022-23,1,15,14,1,30.7,MADE_BASKET,30-33,6.3,0,-2,2,0,1,1,0,0,118.9,119.9,2
0022200284,2022-23,2,14,15,0,41.0,MADE_BASKET,39-42,36.0,1,-4,2,0,2,1,1,0,118.8,112.7,2
0022200284,2022-23,3,14,15,0,42.0,MADE_BASKET,42-45,37.3,1,-8,0,3,2,1,1,0,118.8,112.7,-3
0022200285,2022-23,1,13,10,0,32.1,DREB,30-33,18.2,0,-3,0,0,1,1,0,0,111.8,113.5,0
0022200285,2022-23,2,10,13,1,43.3,DREB,42-45,35.6,1,2,4,0,2,1,1,0,119.8,103.4,4
0022200285,2022-23,3,13,10,0,38.8,MADE_BASKET,36-39,29.8,1,-18,2,0,2,1,1,0,111.8,113.5,2
0022200286,2022-23,1,29,13,0,38.2,MADE_BASKET,36-39,17.8,0,0,2,0,1,1,0,0,119.3,103.4,2
0022200286,2022-23,2,13,29,1,32.2,DREB,30-33,20.7,0,-5,2,0,2,1,1,0,111.8,121.4,2
0022200286,2022-23,3,13,29,1,35.1,MADE_BASKET,33-36,30.5,1,0,5,2,2,1,1,0,111.8,121.4,3
0022200287,2022-23,1,14,4,0,44.7,MADE_BASKET,42-45,30.1,1,1,2,0,2,1,1,0,118.8,123.9,2
0022200287,2022-23,2,14,4,0,43.1,DREB,42-45,31.6,1,14,0,2,2,1,1,0,118.8,123.9,-2
0022200287,2022-23,3,14,4,0,39.1,MADE_BASKET,39-42,24.8,0,10,0,0,1,1,0,0,118.8,123.9,0
0022200288,2022-23,1,15,28,1,39.9,DREB,39-42,31.3,1,-8,5,0,2,1,1,0,118.9,116.2,5
0022200288,2022-23,2,15,28,1,44.3,MADE_BASKET,42-45,36.5,1,-6,2,2,2,1,1,0,118.9,116.2,0
0022200288,2022-23,3,15,28,1,35.2,MADE_BASKET,33-36,30.5,1,-3,3,0,1,1,0,0,118.9,116.2,3
0022200289,2022-23,1,3,5,0,34.2,DREB,33-36,21.6,0,-4,2,0,1,1,0,0,118.5,118.5,2
0022200289,2022-23,2,5,3,1,41.8,MADE_BASKET,39-42,36.5,1,-5,2,2,3,2,1,1,111.3,118.0,0
0022200289,2022-23,3,5,3,1,41.7,MADE_BASKET,39-42,33.9,1,-9,4,0,2,2,1,1,111.3,118.0,4
0022200290,2022-23,1,2,19,0,44.0,MADE_BASKET,42-45,38.1,1,2,2,0,2,2,1,1,118.0,106.9,2
0022200290,2022-23,2,2,19,0,40.4,MADE_BASKET,39-42,27.1,0,-2,2,0,1,1,0,0,118.0,106.9,2
0022200290,2022-23,3,2,19,0,31.2,MADE_BASKET,30-33,11.7,0,2,1,0,1,1,0,0,118.0,106.9,1
0022200291,2022-23,1,13,30,1,37.8,MADE_BASKET,36-39,19.5,0,-2,0,3,1,1,0,0,111.8,112.5,-3
0022200291,2022-23,2,30,13,0,33.5,MADE_BASKET,33-36,29.6,1,2,1,3,2,1,1,0,112.3,103.4,-2
0022200291,2022-23,3,30,13,0,36.4,DEAD_BALL,36-39,33.9,1,5,2,3,2,1,1,0,112.3,103.4,-1
0022200292,2022-23,1,23,21,1,33.2,MADE_BASKET,33-36,14.4,0,0,3,2,2,1,1,0,112.7,107.9,1
0022200292,2022-23,2,23,21,1,31.7,DREB,30-33,23.0,0,4,5,3,2,1,1,0,112.7,107.9,2
0022200293,2022-23,1,17,27,0,38.5,DEAD_BALL,36-39,33.6,1,-5,1,2,2,2,1,1,121.1,115.3,-1
0022200293,2022-23,2,27,17,1,44.8,DREB,42-45,34.8,1,6,3,3,2,2,1,1,114.0,120.1,0
0022200294,2022-23,1,26,25,0,44.7,DEAD_BALL,42-45,35.8,1,1,5,0,2,1,1,0,113.0,113.8,5
0022200294,2022-23,2,26,25,0,43.7,DREB,42-45,31.1,1,11,2,2,2,2,1,1,113.0,113.8,0
0022200294,2022-23,3,25,26,1,31.6,DEAD_BALL,30-33,29.1,1,-8,0,0,2,1,1,0,113.7,118.7,0
0022200295,2022-23,1,15,16,1,43.5,MADE_BASKET,42-45,36.8,1,-9,1,2,2,2,1,1,118.9,110.0,-1
0022200295,2022-23,2,15,16,1,43.4,MADE_BASKET,42-45,39.2,1,-9,2,3,2,1,1,0,118.9,110.0,-1
0022200295,2022-23,3,15,16,1,41.4,MADE_BASKET,39-42,24.1,0,-10,0,0,1,1,0,0,118.9,110.0,0
0022200296,2022-23,1,11,4,0,34.0,MADE_BASKET,33-36,29.6,1,-1,5,5,2,2,1,1,118.3,123.9,0
0022200296,2022-23,2,4,11,1,41.3,MADE_BASKET,39-42,34.1,1,-6,4,1,2,2,1,1,117.5,121.8,3
0022200296,2022-23,3,11,4,0,38.6,MADE_BASKET,36-39,29.5,1,7,3,0,2,1,1,0,118.3,123.9,3
0022200297,2022-23,1,9,29,1,40.0,MADE_BASKET,39-42,19.9,0,0,0,0,1,1,0,0,116.7,121.4,0
0022200297,2022-23,2,29,9,0,30.9,MADE_BASKET,30-33,10.6,0,-5,0,2,2,1,1,0,119.3,118.2,-2
0022200297,2022-23,3,29,9,0,38.4,MADE_BASKET,36-39,23.1,0,-12,0,2,1,1,0,0,119.3,118.2,-2
0022200298,2022-23,1,4,8,1,31.0,DREB,30-33,10.4,0,-1,0,2,1,1,0,0,117.5,113.6,-2
0022200298,2022-23,2,8,4,0,30.2,LIVE_TOV,30-33,19.3,0,8,0,3,2,1,1,0,110.4,123.9,-3
0022200298,2022-23,3,4,8,1,39.8,MADE_BASKET,39-42,31.5,1,-7,3,0,2,1,1,0,117.5,113.6,3
0022200299,2022-23,2,16,22,0,40.9,DREB,39-42,30.1,1,9,2,2,2,1,1,0,121.8,117.1,0
0022200299,2022-23,3,16,22,0,41.2,MADE_BASKET,39-42,34.1,1,-1,1,0,2,1,1,0,121.8,117.1,1
0022200300,2022-23,1,4,9,1,42.1,LIVE_TOV,42-45,31.8,1,12,2,0,1,1,0,0,117.5,118.2,2
0022200300,2022-23,2,9,4,0,37.8,MADE_BASKET,36-39,13.4,0,-20,2,0,1,1,0,0,116.7,123.9,2
0022200300,2022-23,3,4,9,1,40.0,LIVE_TOV,39-42,33.6,1,4,5,0,2,1,1,0,117.5,118.2,5
0022200301,2022-23,1,11,10,0,39.6,DREB,39-42,25.4,0,0,5,0,2,1,1,0,118.3,113.5,5
0022200301,2022-23,2,10,11,1,34.8,MADE_BASKET,33-36,18.7,0,-12,2,0,1,1,0,0,119.8,121.8,2
0022200301,2022-23,3,10,11,1,40.8,MADE_BASKET,39-42,20.0,0,-6,2,0,1,1,0,0,119.8,121.8,2
0022200302,2022-23,1,5,13,1,35.8,MADE_BASKET,33-36,16.4,0,-6,1,0,1,1,0,0,111.3,103.4,1
0022200302,2022-23,2,13,5,0,34.8,DREB,33-36,29.7,1,17,3,0,2,2,1,1,111.8,118.5,3
0022200302,2022-23,3,5,13,1,43.6,DEAD_BALL,42-45,36.6,1,-19,2,2,2,1,1,0,111.3,103.4,0
0022200303,2022-23,1,25,27,0,35.8,MADE_BASKET,33-36,22.3,0,9,2,0,1,1,0,0,113.7,115.3,2
0022200303,2022-23,2,25,27,0,43.0,MADE_BASKET,42-45,38.9,1,4,4,2,3,2,1,1,113.7,115.3,2
0022200303,2022-23,3,25,27,0,40.7,LIVE_TOV,39-42,29.0,1,-8,2,0,1,1,0,0,113.7,115.3,2
0022200304,2022-23,2,12,22,1,40.3,MADE_BASKET,39-42,28.5,1,2,0,0,2,1,1,0,111.9,117.1,0
0022200304,2022-23,3,12,22,1,43.7,MADE_BASKET,42-45,33.6,1,11,3,2,2,1,1,0,111.9,117.1,1
0022200305,2022-23,1,10,14,0,41.0,DREB,39-42,27.0,0,3,0,2,2,1,1,0,119.8,119.9,-2
0022200305,2022-23,2,10,14,0,31.7,DREB,30-33,12.6,0,-2,0,0,1,1,0,0,119.8,119.9,0
0022200305,2022-23,3,14,10,1,35.1,MADE_BASKET,33-36,27.4,0,2,2,2,2,1,1,0,118.8,113.5,0
0022200306,2022-23,3,24,25,0,40.5,MADE_BASKET,39-42,30.5,1,-11,2,0,1,1,0,0,120.3,113.8,2
0022200307,2022-23,1,20,26,1,35.2,DREB,33-36,25.5,0,-5,2,0,1,1,0,0,128.8,118.7,2
0022200307,2022-23,3,26,20,0,34.6,MADE_BASKET,33-36,13.8,0,0,0,3,2,1,1,0,113.0,114.8,-3
0022200308,2022-23,1,21,30,1,44.6,LIVE_TOV,42-45,37.3,1,-3,3,4,2,2,1,1,118.7,112.5,-1
0022200308,2022-23,2,30,21,0,34.9,MADE_BASKET,33-36,16.0,0,2,0,2,2,1,1,0,112.3,107.9,-2
0022200308,2022-23,3,30,21,0,35.9,MADE_BASKET,33-36,29.7,1,-1,2,2,2,1,1,0,112.3,107.9,0
0022200309,2022-23,1,21,29,0,32.8,LIVE_TOV,30-33,24.9,0,-1,0,2,1,1,0,0,118.7,121.4,-2
0022200309,2022-23,2,21,29,0,44.4,MADE_BASKET,42-45,24.2,0,-10,2,2,1,1,0,0,118.7,121.4,0
0022200310,2022-23,1,19,9,1,40.5,DREB,39-42,32.2,1,0,2,2,2,1,1,0,123.8,118.2,0
0022200310,2022-23,2,19,9,1,38.9,DREB,36-39,22.2,0,1,2,0,1,1,0,0,123.8,118.2,2
0022200310,2022-23,3,9,19,0,32.3,MADE_BASKET,30-33,19.4,0,-2,2,0,1,1,0,0,116.7,106.9,2
0022200311,2022-23,1,22,1,0,42.6,MADE_BASKET,42-45,32.4,1,3,2,3,2,2,1,1,117.1,121.2,-1
0022200311,2022-23,2,22,1,0,32.3,DEAD_BALL,30-33,29.8,1,0,2,0,2,1,1,0,117.1,121.2,2
0022200311,2022-23,3,1,22,1,32.6,DREB,30-33,14.0,0,1,2,0,1,1,0,0,112.4,117.1,2
0022200312,2022-23,1,28,26,1,38.7,MADE_BASKET,36-39,31.5,1,-2,3,2,2,2,1,1,117.8,118.7,1
0022200312,2022-23,2,26,28,0,36.1,DREB,36-39,29.8,1,0,0,0,2,1,1,0,113.0,116.2,0
0022200313,2022-23,1,25,27,1,34.9,MADE_BASKET,33-36,11.9,0,-11,3,1,1,1,0,0,113.7,115.3,2
0022200313,2022-23,3,27,25,0,39.2,MADE_BASKET,39-42,27.4,0,19,2,2,2,1,1,0,114.0,113.8,0
0022200314,2022-23,1,16,20,0,38.4,MADE_BASKET,36-39,23.6,0,-4,3,0,2,1,1,0,121.8,114.8,3
0022200314,2022-23,2,20,16,1,40.6,DREB,39-42,29.1,1,5,3,2,2,1,1,0,128.8,110.0,1
0022200315,2022-23,1,30,12,0,30.4,MADE_BASKET,30-33,13.9,0,-3,0,2,1,1,0,0,112.3,116.6,-2
0022200315,2022-23,2,12,30,1,40.5,DREB,39-42,30.3,1,1,0,3,2,1,1,0,111.9,112.5,-3
0022200315,2022-23,3,30,12,0,31.2,MADE_BASKET,30-33,8.2,0,9,3,0,1,1,0,0,112.3,116.6,3
0022200316,2022-23,1,28,23,0,34.6,MADE_BASKET,33-36,16.5,0,-5,0,0,1,1,0,0,117.8,118.1,0
0022200316,2022-23,2,28,23,0,37.5,MADE_BASKET,36-39,28.8,1,-9,0,0,1,1,0,0,117.8,118.1,0
0022200316,2022-23,3,28,23,0,32.9,DREB,30-33,31.0,1,-5,2,2,2,2,1,1,117.8,118.1,0
0022200317,2022-23,1,19,7,0,39.4,MADE_BASKET,39-42,25.3,0,2,2,0,1,1,0,0,123.8,117.1,2
0022200317,2022-23,2,7,19,1,44.2,DREB,42-45,35.6,1,-9,3,0,2,2,1,1,113.2,106.9,3
0022200317,2022-23,3,7,19,1,32.6,DREB,30-33,22.5,0,-4,2,0,1,1,0,0,113.2,106.9,2
0022200318,2022-23,1,10,2,0,37.0,DREB,36-39,15.5,0,0,2,0,1,1,0,0,119.8,119.0,2
0022200318,2022-23,2,10,2,0,35.1,MADE_BASKET,33-36,18.3,0,-2,2,2,2,1,1,0,119.8,119.0,0
0022200318,2022-23,3,2,10,1,34.6,DREB,33-36,29.5,1,4,2,0,1,1,0,0,118.0,113.5,2
0022200319,2022-23,1,16,9,0,43.1,MADE_BASKET,42-45,33.4,1,-9,3,3,2,1,1,0,121.8,118.2,0
0022200319,2022-23,2,16,9,0,40.2,DREB,39-42,33.2,1,0,1,0,2,2,1,1,121.8,118.2,1
0022200319,2022-23,3,16,9,0,38.9,DEAD_BALL,36-39,22.5,0,4,0,0,1,1,0,0,121.8,118.2,0
0022200320,2022-23,2,8,27,0,38.8,DEAD_BALL,36-39,31.4,1,3,3,0,2,1,1,0,110.4,115.3,3
0022200320,2022-23,3,27,8,1,41.5,MADE_BASKET,39-42,24.0,0,-15,0,3,2,1,1,0,114.0,113.6,-3
0022200321,2022-23,1,2,27,0,44.8,MADE_BASKET,42-45,33.2,1,-5,3,2,2,1,1,0,118.0,115.3,1
0022200321,2022-23,2,27,2,1,42.1,MADE_BASKET,42-45,27.4,0,3,0,3,2,1,1,0,114.0,119.0,-3
0022200321,2022-23,3,27,2,1,43.1,MADE_BASKET,42-45,24.7,0,-6,0,3,1,1,0,0,114.0,119.0,-3
0022200322,2022-23,1,11,13,0,30.2,LIVE_TOV,30-33,15.5,0,5,0,0,1,1,0,0,118.3,103.4,0
0022200322,2022-23,2,11,13,0,35.3,MADE_BASKET,33-36,28.5,1,11,2,2,2,1,1,0,118.3,103.4,0
0022200322,2022-23,3,13,11,1,39.3,MADE_BASKET,39-42,21.4,0,-12,0,0,1,1,0,0,111.8,121.8,0
0022200323,2022-23,2,3,14,0,41.5,MADE_BASKET,39-42,19.7,0,-11,0,2,2,1,1,0,118.5,119.9,-2
0022200323,2022-23,3,14,3,1,32.4,MADE_BASKET,30-33,7.3,0,16,2,0,1,1,0,0,118.8,118.0,2
0022200324,2022-23,1,24,25,1,39.9,MADE_BASKET,39-42,33.0,1,-5,2,4,3,2,1,1,120.3,113.8,-2
0022200324,2022-23,2,24,25,1,39.3,MADE_BASKET,39-42,31.6,1,-12,2,2,2,2,1,1,120.3,113.8,0
0022200325,2022-23,2,1,20,1,39.0,MADE_BASKET,39-42,25.6,0,-3,3,2,2,2,1,1,112.4,114.8,1
0022200325,2022-23,3,1,20,1,37.4,DEAD_BALL,36-39,23.4,0,6,2,2,1,1,0,0,112.4,114.8,0
0022200326,2022-23,1,18,23,0,41.0,MADE_BASKET,39-42,38.1,1,-6,2,0,2,2,1,1,109.9,118.1,2
0022200326,2022-23,3,23,18,1,41.2,DEAD_BALL,39-42,28.4,1,10,4,0,2,2,1,1,112.7,118.0,4
0022200327,2022-23,1,12,14,0,30.0,DREB,30-33,18.4,0,-8,2,0,1,0,0,0,111.9,119.9,2
0022200327,2022-23,2,14,12,1,41.7,MADE_BASKET,39-42,24.5,0,16,0,0,1,1,0,0,118.8,116.6,0
0022200327,2022-23,3,12,14,0,31.3,DREB,30-33,18.8,0,-21,0,2,1,1,0,0,111.9,119.9,-2
0022200328,2022-23,3,10,21,0,33.8,MADE_BASKET,33-36,17.1,0,-17,0,0,1,1,0,0,119.8,107.9,0
0022200329,2022-23,1,29,8,0,41.2,DREB,39-42,33.7,1,2,0,6,2,2,1,1,119.3,113.6,-6
0022200329,2022-23,2,29,8,0,42.8,LIVE_TOV,42-45,28.9,1,-3,0,0,2,1,1,0,119.3,113.6,0
0022200329,2022-23,3,8,29,1,30.4,MADE_BASKET,30-33,5.8,0,-7,2,0,1,0,0,0,110.4,121.4,2
0022200330,2022-23,1,4,24,1,42.4,MADE_BASKET,42-45,31.5,1,-2,0,3,2,1,1,0,117.5,113.3,-3
0022200330,2022-23,2,4,24,1,39.9,DREB,39-42,28.5,1,-4,3,0,2,1,1,0,117.5,113.3,3
0022200330,2022-23,3,24,4,0,40.7,MADE_BASKET,39-42,32.2,1,-12,3,0,2,1,1,0,120.3,123.9,3
0022200331,2022-23,1,24,15,1,37.8,DREB,36-39,30.4,1,-6,4,0,2,1,1,0,120.3,112.7,4
0022200331,2022-23,2,24,15,1,34.3,DEAD_BALL,33-36,31.6,1,6,6,0,2,1,1,0,120.3,112.7,6
0022200331,2022-23,3,24,15,1,30.3,DREB,30-33,11.2,0,3,0,0,1,1,0,0,120.3,112.7,0
0022200332,2022-23,2,25,4,1,31.7,MADE_BASKET,30-33,9.0,0,-6,0,2,1,1,0,0,113.7,123.9,-2
0022200332,2022-23,3,25,4,1,41.2,MADE_BASKET,39-42,34.3,1,-14,3,0,2,2,1,1,113.7,123.9,3
0022200333,2022-23,1,5,3,0,34.9,DREB,33-36,32.5,1,-9,0,2,2,1,1,0,111.3,118.0,-2
0022200333,2022-23,2,5,3,0,33.8,DREB,33-36,27.6,0,-12,0,3,2,1,1,0,111.3,118.0,-3
0022200333,2022-23,3,5,3,0,31.1,MADE_BASKET,30-33,11.0,0,-19,0,0,1,1,0,0,111.3,118.0,0
0022200334,2022-23,2,4,7,1,34.6,MADE_BASKET,33-36,14.7,0,-9,0,0,1,0,0,0,117.5,117.1,0
0022200334,2022-23,3,7,4,0,31.6,DREB,30-33,21.6,0,5,2,2,2,1,1,0,113.2,123.9,0
0022200335,2022-23,1,20,12,0,40.2,MADE_BASKET,39-42,36.6,1,-14,4,0,2,2,1,1,128.8,116.6,4
0022200335,2022-23,2,20,12,0,40.8,MADE_BASKET,39-42,28.4,1,-5,2,2,2,1,1,0,128.8,116.6,0
0022200335,2022-23,3,20,12,0,40.8,DREB,39-42,30.9,1,6,3,0,1,1,0,0,128.8,116.6,3
0022200336,2022-23,1,12,9,0,35.0,DEAD_BALL,33-36,18.0,0,-8,0,0,1,1,0,0,111.9,118.2,0
0022200336,2022-23,2,12,9,0,37.8,DREB,36-39,28.9,1,-13,6,2,2,2,1,1,111.9,118.2,4
0022200336,2022-23,3,12,9,0,34.4,LIVE_TOV,33-36,23.9,0,-20,0,0,1,1,0,0,111.9,118.2,0
0022200337,2022-23,1,10,15,0,40.9,MADE_BASKET,39-42,30.6,1,-1,5,3,2,2,1,1,119.8,112.7,2
0022200337,2022-23,2,15,10,1,43.2,MADE_BASKET,42-45,40.2,1,-12,2,3,2,2,1,1,118.9,113.5,-1
0022200337,2022-23,3,10,15,0,33.9,DREB,33-36,23.1,0,15,0,2,1,1,0,0,119.8,112.7,-2
0022200338,2022-23,1,12,26,0,32.3,MADE_BASKET,30-33,22.7,0,1,3,3,1,1,0,0,111.9,118.7,0
0022200338,2022-23,3,12,26,0,32.1,DEAD_BALL,30-33,28.4,1,6,2,2,2,2,1,1,111.9,118.7,0
0022200339,2022-23,1,26,11,1,30.7,MADE_BASKET,30-33,7.4,0,3,0,0,1,0,0,0,113.0,121.8,0
0022200339,2022-23,2,11,26,0,41.7,DEAD_BALL,39-42,31.9,1,2,2,0,2,1,1,0,118.3,118.7,2
0022200340,2022-23,1,2,28,0,33.7,MADE_BASKET,33-36,29.2,1,2,0,3,2,1,1,0,118.0,116.2,-3
0022200340,2022-23,2,2,28,0,44.5,DEAD_BALL,42-45,41.7,1,-9,2,4,2,2,1,1,118.0,116.2,-2
0022200340,2022-23,3,28,2,1,42.0,MADE_BASKET,42-45,36.0,1,9,2,0,2,1,1,0,117.8,119.0,2
0022200341,2022-23,1,19,14,1,32.9,MADE_BASKET,30-33,19.2,0,-5,2,0,1,1,0,0,123.8,119.9,2
0022200342,2022-23,1,9,17,1,42.4,LIVE_TOV,42-45,29.9,1,0,2,3,2,1,1,0,116.7,120.1,-1
0022200342,2022-23,2,17,9,0,32.7,DREB,30-33,15.6,0,0,2,1,1,1,0,0,121.1,118.2,1
0022200342,2022-23,3,17,9,0,40.2,MADE_BASKET,39-42,34.6,1,4,2,0,2,1,1,0,121.1,118.2,2
0022200343,2022-23,1,2,4,1,41.7,MADE_BASKET,39-42,33.8,1,-12,5,0,2,2,1,1,118.0,123.9,5
0022200343,2022-23,2,2,4,1,43.8,DREB,42-45,34.5,1,-2,3,2,2,1,1,0,118.0,123.9,1
0022200343,2022-23,3,4,2,0,41.6,MADE_BASKET,39-42,29.6,1,6,3,5,2,1,1,0,117.5,119.0,-2
0022200344,2022-23,1,18,24,0,40.7,DREB,39-42,39.1,1,-4,2,2,3,2,1,1,109.9,113.3,0
0022200344,2022-23,2,18,24,0,42.7,LIVE_TOV,42-45,28.6,1,-5,0,0,2,1,1,0,109.9,113.3,0
0022200344,2022-23,3,24,18,1,39.6,MADE_BASKET,39-42,36.9,1,-3,0,0,1,1,0,0,120.3,118.0,0
0022200345,2022-23,1,29,19,0,33.9,MADE_BASKET,33-36,14.4,0,-3,2,0,1,1,0,0,119.3,106.9,2
0022200345,2022-23,2,29,19,0,34.0,MADE_BASKET,33-36,18.0,0,4,0,0,1,1,0,0,119.3,106.9,0
0022200345,2022-23,3,19,29,1,35.6,LIVE_TOV,33-36,33.2,1,2,5,0,2,1,1,0,123.8,121.4,5
0022200346,2022-23,1,15,18,1,36.9,MADE_BASKET,36-39,31.0,1,10,0,0,1,1,0,0,118.9,118.0,0
0022200346,2022-23,2,18,15,0,31.5,MADE_BASKET,30-33,12.9,0,-17,6,0,2,1,1,0,109.9,112.7,6
0022200346,2022-23,3,18,15,0,40.4,MADE_BASKET,39-42,36.6,1,-14,4,0,2,1,1,0,109.9,112.7,4
0022200347,2022-23,2,27,26,1,38.7,DREB,36-39,19.3,0,-7,0,0,1,1,0,0,114.0,118.7,0
0022200347,2022-23,3,27,26,1,30.2,DREB,30-33,14.1,0,-1,0,0,1,0,0,0,114.0,118.7,0
0022200348,2022-23,1,21,27,0,39.5,MADE_BASKET,39-42,20.0,0,0,2,0,1,1,0,0,118.7,115.3,2
0022200348,2022-23,2,21,27,0,43.5,MADE_BASKET,42-45,33.2,1,-1,0,0,2,1,1,0,118.7,115.3,0
0022200348,2022-23,3,27,21,1,37.5,DEAD_BALL,36-39,29.3,1,2,0,0,2,1,1,0,114.0,107.9,0
0022200349,2022-23,1,20,18,1,41.9,DREB,39-42,29.4,1,5,4,4,2,1,1,0,128.8,118.0,0
0022200349,2022-23,2,18,20,0,40.6,MADE_BASKET,39-42,35.6,1,-5,0,2,3,2,1,1,109.9,114.8,-2
0022200349,2022-23,3,18,20,0,39.0,LIVE_TOV,39-42,34.1,1,-1,5,3,2,2,1,1,109.9,114.8,2
0022200350,2022-23,1,4,17,1,44.6,DREB,42-45,35.6,1,3,2,2,3,2,1,1,117.5,120.1,0
0022200350,2022-23,2,17,4,0,44.8,MADE_BASKET,42-45,29.6,1,1,2,3,2,1,1,0,121.1,123.9,-1
0022200350,2022-23,3,4,17,1,35.8,MADE_BASKET,33-36,31.6,1,-1,2,2,2,1,1,0,117.5,120.1,0
0022200351,2022-23,1,7,30,0,36.8,MADE_BASKET,36-39,21.9,0,0,2,2,1,1,0,0,113.2,112.5,0
0022200351,2022-23,3,7,30,0,43.1,DREB,42-45,33.0,1,11,1,0,2,1,1,0,113.2,112.5,1
0022200352,2022-23,2,21,26,1,36.0,DREB,36-39,17.0,0,-12,0,0,1,1,0,0,118.7,118.7,0
0022200352,2022-23,3,26,21,0,39.5,MADE_BASKET,39-42,26.8,0,14,0,2,2,1,1,0,113.0,107.9,-2
0022200353,2022-23,1,25,18,1,33.3,DREB,33-36,30.4,1,4,0,0,1,1,0,0,113.7,118.0,0
0022200353,2022-23,2,18,25,0,38.6,DREB,36-39,26.5,0,-4,2,0,2,1,1,0,109.9,113.8,2
0022200353,2022-23,3,18,25,0,36.5,MADE_BASKET,36-39,28.3,1,-5,0,3,2,1,1,0,109.9,113.8,-3
0022200354,2022-23,1,28,11,0,42.6,MADE_BASKET,42-45,29.5,1,0,2,4,2,1,1,0,117.8,121.8,-2
0022200354,2022-23,2,28,11,0,35.4,DREB,33-36,29.9,1,-7,2,2,1,1,0,0,117.8,121.8,0
0022200354,2022-23,3,28,11,0,37.6,MADE_BASKET,36-39,33.5,1,-14,3,2,2,2,1,1,117.8,121.8,1
0022200355,2022-23,1,2,27,1,39.1,DREB,39-42,36.5,1,-4,0,2,2,2,1,1,118.0,115.3,-2
0022200355,2022-23,2,27,2,0,43.1,DEAD_BALL,42-45,31.8,1,10,2,2,2,1,1,0,114.0,119.0,0
0022200355,2022-23,3,2,27,1,33.0,DREB,33-36,23.0,0,-14,0,2,2,1,1,0,118.0,115.3,-2
0022200356,2022-23,2,23,15,0,32.6,MADE_BASKET,30-33,19.5,0,-8,0,3,1,1,0,0,112.7,112.7,-3
0022200356,2022-23,3,15,23,1,41.6,DREB,39-42,33.5,1,27,3,0,2,2,1,1,118.9,118.1,3
0022200357,2022-23,1,11,23,1,31.5,DREB,30-33,26.5,0,0,5,0,1,1,0,0,118.3,118.1,5
0022200357,2022-23,2,23,11,0,34.0,MADE_BASKET,33-36,16.8,0,-15,2,0,1,1,0,0,112.7,121.8,2
0022200357,2022-23,3,11,23,1,35.7,DREB,33-36,22.2,0,15,1,2,1,1,0,0,118.3,118.1,-1
0022200358,2022-23,1,20,22,0,39.9,MADE_BASKET,39-42,36.2,1,1,3,0,2,1,1,0,128.8,117.1,3
0022200358,2022-23,2,22,20,1,36.4,MADE_BASKET,36-39,23.4,0,0,0,2,2,1,1,0,117.1,114.8,-2
0022200358,2022-23,3,22,20,1,35.4,DREB,33-36,23.6,0,-3,2,3,2,1,1,0,117.1,114.8,-1
0022200359,2022-23,1,1,18,0,38.2,MADE_BASKET,36-39,24.2,0,2,4,2,2,1,1,0,112.4,118.0,2
0022200359,2022-23,2,18,1,1,41.9,MADE_BASKET,39-42,29.0,1,-12,2,0,2,1,1,0,109.9,121.2,2
0022200359,2022-23,3,18,1,1,38.4,MADE_BASKET,36-39,33.8,1,-15,0,0,2,2,1,1,109.9,121.2,0
0022200360,2022-23,1,10,30,1,34.3,MADE_BASKET,33-36,22.2,0,4,2,0,2,1,1,0,119.8,112.5,2
0022200360,2022-23,2,30,10,0,34.1,MADE_BASKET,33-36,22.0,0,-5,2,0,1,1,0,0,112.3,113.5,2
0022200360,2022-23,3,30,10,0,44.7,DREB,42-45,42.2,1,-5,0,4,3,2,1,1,112.3,113.5,-4
0022200361,2022-23,1,2,4,0,31.1,DREB,30-33,29.0,1,-1,0,0,2,1,1,0,118.0,123.9,0
0022200361,2022-23,2,4,2,1,36.1,MADE_BASKET,36-39,32.6,1,-3,3,0,2,2,1,1,117.5,119.0,3
0022200361,2022-23,3,4,2,1,36.2,MADE_BASKET,36-39,24.9,0,-3,2,0,1,1,0,0,117.5,119.0,2
0022200362,2022-23,1,9,10,0,32.8,MADE_BASKET,30-33,22.7,0,-2,1,0,2,1,1,0,116.7,113.5,1
0022200362,2022-23,2,9,10,0,31.9,DREB,30-33,28.5,1,-9,0,0,2,1,1,0,116.7,113.5,0
0022200363,2022-23,1,15,18,0,30.2,MADE_BASKET,30-33,4.7,0,-3,0,0,1,0,0,0,118.9,118.0,0
0022200363,2022-23,2,18,15,1,40.4,DEAD_BALL,39-42,29.2,1,14,2,2,2,1,1,0,109.9,112.7,0
0022200363,2022-23,3,15,18,0,31.1,MADE_BASKET,30-33,23.1,0,-12,2,3,1,1,0,0,118.9,118.0,-1
0022200364,2022-23,1,30,27,1,40.2,MADE_BASKET,39-42,28.5,1,-5,2,3,1,1,0,0,112.3,115.3,-1
0022200364,2022-23,2,27,30,0,43.8,MADE_BASKET,42-45,30.7,1,8,4,0,2,1,1,0,114.0,112.5,4
0022200364,2022-23,3,27,30,0,39.8,DREB,39-42,28.4,1,17,3,0,1,1,0,0,114.0,112.5,3
0022200365,2022-23,1,21,3,0,33.1,MADE_BASKET,33-36,19.9,0,-5,1,2,1,1,0,0,118.7,118.0,-1
0022200365,2022-23,2,3,21,1,34.5,DREB,33-36,30.1,1,6,0,0,2,1,1,0,118.5,107.9,0
0022200365,2022-23,3,21,3,0,34.3,DEAD_BALL,33-36,23.4,0,4,5,0,1,1,0,0,118.7,118.0,5
0022200366,2022-23,1,2,29,1,39.9,MADE_BASKET,39-42,38.0,1,-5,3,1,2,1,1,0,118.0,121.4,2
0022200366,2022-23,2,29,2,0,35.9,MADE_BASKET,33-36,24.7,0,5,2,0,1,1,0,0,119.3,119.0,2
0022200366,2022-23,3,2,29,1,32.6,MADE_BASKET,30-33,24.1,0,-10,0,0,1,1,0,0,118.0,121.4,0
0022200367,2022-23,1,6,13,1,41.6,MADE_BASKET,39-42,31.2,1,-6,4,4,2,2,1,1,117.2,103.4,0
0022200368,2022-23,1,18,7,1,30.2,MADE_BASKET,30-33,14.9,0,-9,2,0,1,1,0,0,109.9,117.1,2
0022200368,2022-23,2,18,7,1,44.8,LIVE_TOV,42-45,33.5,1,1,4,2,2,1,1,0,109.9,117.1,2
0022200368,2022-23,3,7,18,0,37.9,MADE_BASKET,36-39,30.6,1,-8,3,2,2,1,1,0,113.2,118.0,1
0022200369,2022-23,1,21,23,0,39.1,DEAD_BALL,39-42,19.6,0,5,0,0,1,1,0,0,118.7,118.1,0
0022200369,2022-23,2,23,21,1,34.2,DEAD_BALL,33-36,32.5,1,-9,2,0,2,2,1,1,112.7,107.9,2
0022200369,2022-23,3,23,21,1,44.3,MADE_BASKET,42-45,30.0,1,-3,0,0,2,1,1,0,112.7,107.9,0
0022200370,2022-23,1,22,21,1,38.4,LIVE_TOV,36-39,31.6,1,5,4,0,2,1,1,0,117.1,107.9,4
0022200370,2022-23,2,21,22,0,43.5,DEAD_BALL,42-45,34.3,1,-5,5,2,3,3,1,1,118.7,117.1,3
0022200370,2022-23,3,21,22,0,39.2,MADE_BASKET,39-42,22.4,0,6,3,0,1,1,0,0,118.7,117.1,3
0022200371,2022-23,1,30,21,0,43.9,DREB,42-45,33.2,1,12,0,0,2,1,1,0,112.3,107.9,0
0022200371,2022-23,3,30,21,0,30.3,DREB,30-33,7.4,0,17,0,0,1,1,0,0,112.3,107.9,0
0022200372,2022-23,1,19,27,0,31.8,MADE_BASKET,30-33,29.5,1,0,2,0,1,1,0,0,123.8,115.3,2
0022200372,2022-23,2,19,27,0,39.3,DREB,39-42,36.6,1,12,2,1,2,1,1,0,123.8,115.3,1
0022200372,2022-23,3,19,27,0,35.8,LIVE_TOV,33-36,29.3,1,24,4,0,2,1,1,0,123.8,115.3,4
0022200373,2022-23,1,25,14,0,40.9,MADE_BASKET,39-42,28.3,1,-1,3,2,2,1,1,0,113.7,119.9,1
0022200373,2022-23,2,14,25,1,34.6,MADE_BASKET,33-36,29.2,1,-6,2,0,2,1,1,0,118.8,113.8,2
0022200373,2022-23,3,14,25,1,43.0,MADE_BASKET,42-45,32.3,1,-13,0,0,2,2,1,1,118.8,113.8,0
0022200374,2022-23,1,17,19,0,35.9,LIVE_TOV,33-36,32.9,1,10,0,4,2,2,1,1,121.1,106.9,-4
0022200374,2022-23,2,19,17,1,37.2,MADE_BASKET,36-39,31.7,1,-11,1,3,1,1,0,0,123.8,120.1,-2
0022200375,2022-23,1,15,30,1,33.2,DREB,33-36,18.7,0,-2,2,2,1,1,0,0,118.9,112.5,0
0022200375,2022-23,2,30,15,0,43.1,MADE_BASKET,42-45,29.6,1,2,2,0,2,1,1,0,112.3,112.7,2
0022200375,2022-23,3,30,15,0,33.4,DREB,33-36,29.3,1,2,3,2,2,2,1,1,112.3,112.7,1
0022200376,2022-23,1,5,1,0,41.3,MADE_BASKET,39-42,32.4,1,2,0,0,2,1,1,0,111.3,121.2,0
0022200376,2022-23,2,5,1,0,38.9,DREB,36-39,26.9,0,-5,5,2,2,1,1,0,111.3,121.2,3
0022200376,2022-23,3,5,1,0,43.7,MADE_BASKET,42-45,32.4,1,-15,0,0,1,1,0,0,111.3,121.2,0
0022200377,2022-23,1,5,29,0,38.8,DREB,36-39,25.8,0,9,0,3,2,1,1,0,111.3,121.4,-3
0022200377,2022-23,2,29,5,1,38.1,MADE_BASKET,36-39,22.3,0,-11,3,2,1,1,0,0,119.3,118.5,1
0022200377,2022-23,3,5,29,0,41.0,MADE_BASKET,39-42,31.4,1,6,0,3,2,1,1,0,111.3,121.4,-3
0022200378,2022-23,1,2,20,0,44.8,MADE_BASKET,42-45,29.5,1,-2,0,0,2,1,1,0,118.0,114.8,0
0022200378,2022-23,2,20,2,1,41.8,DREB,39-42,29.8,1,14,2,0,2,1,1,0,128.8,119.0,2
0022200378,2022-23,3,2,20,0,36.1,MADE_BASKET,36-39,31.7,1,-16,0,2,2,1,1,0,118.0,114.8,-2
0022200379,2022-23,1,25,19,0,43.4,LIVE_TOV,42-45,28.6,1,5,0,2,2,1,1,0,113.7,106.9,-2
0022200379,2022-23,2,25,19,0,38.8,DREB,36-39,34.0,1,2,0,2,2,1,1,0,113.7,106.9,-2
0022200379,2022-23,3,25,19,0,31.8,DREB,30-33,29.8,1,11,0,0,1,1,0,0,113.7,106.9,0
0022200380,2022-23,1,30,24,1,37.5,MADE_BASKET,36-39,19.6,0,-10,1,2,2,1,1,0,112.3,113.3,-1
0022200380,2022-23,2,24,30,0,36.9,MADE_BASKET,36-39,33.0,1,13,3,2,2,2,1,1,120.3,112.5,1
0022200381,2022-23,1,17,11,0,38.2,MADE_BASKET,36-39,34.1,1,-6,2,0,2,1,1,0,121.1,121.8,2
0022200381,2022-23,2,17,11,0,32.2,DREB,30-33,25.2,0,-7,0,2,1,1,0,0,121.1,121.8,-2
0022200381,2022-23,3,11,17,1,38.7,MADE_BASKET,36-39,31.4,1,1,0,2,2,1,1,0,118.3,120.1,-2
0022200382,2022-23,1,11,9,1,36.1,LIVE_TOV,36-39,19.9,0,0,0,1,1,1,0,0,118.3,118.2,-1
0022200382,2022-23,2,9,11,0,33.1,MADE_BASKET,33-36,29.4,1,6,4,2,2,1,1,0,116.7,121.8,2
0022200382,2022-23,3,11,9,1,36.4,LIVE_TOV,36-39,29.1,1,0,2,3,2,1,1,0,118.3,118.2,-1
0022200383,2022-23,1,24,8,0,43.1,DREB,42-45,34.9,1,-5,3,2,2,1,1,0,120.3,113.6,1
0022200383,2022-23,2,8,24,1,43.2,DEAD_BALL,42-45,28.9,1,11,4,2,2,1,1,0,110.4,113.3,2
0022200383,2022-23,3,8,24,1,43.9,MADE_BASKET,42-45,38.8,1,21,0,2,2,2,1,1,110.4,113.3,-2
0022200384,2022-23,1,6,11,1,35.9,MADE_BASKET,33-36,18.0,0,-3,0,2,1,1,0,0,117.2,121.8,-2
0022200384,2022-23,2,6,11,1,33.0,MADE_BASKET,33-36,9.5,0,-9,2,0,1,1,0,0,117.2,121.8,2
0022200384,2022-23,3,11,6,0,40.4,DEAD_BALL,39-42,38.5,1,8,3,0,2,2,1,1,118.3,109.2,3
0022200385,2022-23,1,17,1,0,44.7,DREB,42-45,34.3,1,-2,3,3,2,2,1,1,121.1,121.2,0
0022200385,2022-23,2,1,17,1,35.3,MADE_BASKET,33-36,23.4,0,-1,3,0,1,1,0,0,112.4,120.1,3
0022200386,2022-23,1,27,28,0,38.6,MADE_BASKET,36-39,20.6,0,-5,2,0,1,1,0,0,114.0,116.2,2
0022200386,2022-23,2,27,28,0,34.8,LIVE_TOV,33-36,32.5,1,-7,2,2,2,2,1,1,114.0,116.2,0
0022200386,2022-23,3,27,28,0,44.4,MADE_BASKET,42-45,27.8,0,-9,4,2,2,2,1,1,114.0,116.2,2
0022200387,2022-23,1,24,29,0,42.6,DREB,42-45,34.4,1,-5,0,3,2,2,1,1,120.3,121.4,-3
0022200387,2022-23,2,29,24,1,35.5,MADE_BASKET,33-36,29.6,1,-9,0,2,2,1,1,0,119.3,113.3,-2
0022200387,2022-23,3,24,29,0,33.8,MADE_BASKET,33-36,29.7,1,8,2,0,1,1,0,0,120.3,121.4,2
0022200388,2022-23,2,6,22,1,44.7,MADE_BASKET,42-45,31.2,1,0,0,0,2,1,1,0,117.2,117.1,0
0022200388,2022-23,3,6,22,1,35.1,LIVE_TOV,33-36,33.5,1,6,2,0,2,1,1,0,117.2,117.1,2
0022200389,2022-23,1,18,5,0,37.0,DREB,36-39,20.0,0,-2,2,2,1,1,0,0,109.9,118.5,0
0022200389,2022-23,2,18,5,0,36.9,DREB,36-39,32.4,1,-4,2,3,2,2,1,1,109.9,118.5,-1
0022200389,2022-23,3,5,18,1,42.3,DREB,42-45,33.9,1,-3,0,1,2,1,1,0,111.3,118.0,-1
0022200390,2022-23,1,4,30,0,39.1,LIVE_TOV,39-42,36.0,1,7,5,0,2,1,1,0,117.5,112.5,5
0022200390,2022-23,2,30,4,1,39.0,LIVE_TOV,39-42,30.4,1,-4,3,0,1,1,0,0,112.3,123.9,3
0022200390,2022-23,3,30,4,1,33.9,MADE_BASKET,33-36,17.2,0,8,2,2,2,1,1,0,112.3,123.9,0
0022200391,2022-23,1,1,6,0,39.2,MADE_BASKET,39-42,32.1,1,7,3,0,1,1,0,0,112.4,109.2,3
0022200391,2022-23,2,1,6,0,35.3,DREB,33-36,17.7,0,2,2,2,1,1,0,0,112.4,109.2,0
0022200391,2022-23,3,6,1,1,36.8,DREB,36-39,31.8,1,3,6,2,2,1,1,0,117.2,121.2,4
0022200392,2022-23,1,11,3,1,40.2,MADE_BASKET,39-42,29.1,1,2,3,0,2,2,1,1,118.3,118.0,3
0022200392,2022-23,2,3,11,0,39.6,MADE_BASKET,39-42,20.7,0,-4,0,0,1,1,0,0,118.5,121.8,0
0022200392,2022-23,3,3,11,0,41.9,DREB,39-42,35.4,1,-15,4,2,2,2,1,1,118.5,121.8,2
0022200393,2022-23,1,16,28,1,44.6,DREB,42-45,31.4,1,4,3,2,2,1,1,0,121.8,116.2,1
0022200393,2022-23,2,16,28,1,33.6,MADE_BASKET,33-36,16.5,0,5,2,2,2,1,1,0,121.8,116.2,0
0022200393,2022-23,3,16,28,1,44.1,MADE_BASKET,42-45,34.4,1,6,5,3,2,1,1,0,121.8,116.2,2
0022200394,2022-23,1,4,16,1,39.4,LIVE_TOV,39-42,28.4,1,-1,6,2,2,1,1,0,117.5,110.0,4
0022200394,2022-23,2,16,4,0,37.3,MADE_BASKET,36-39,23.9,0,-9,2,0,1,1,0,0,121.8,123.9,2
0022200395,2022-23,1,25,13,1,40.3,LIVE_TOV,39-42,32.5,1,3,0,0,2,1,1,0,113.7,103.4,0
0022200395,2022-23,3,25,13,1,43.4,DEAD_BALL,42-45,32.0,1,11,4,0,2,1,1,0,113.7,103.4,4
0022200396,2022-23,1,17,19,0,30.8,MADE_BASKET,30-33,17.3,0,-8,3,2,1,1,0,0,121.1,106.9,1
0022200396,2022-23,2,17,19,0,33.1,DREB,33-36,21.2,0,1,0,3,2,1,1,0,121.1,106.9,-3
0022200397,2022-23,1,6,20,0,40.8,LIVE_TOV,39-42,32.1,1,7,5,0,2,1,1,0,117.2,114.8,5
0022200397,2022-23,2,20,6,1,40.4,DREB,39-42,32.1,1,-14,2,0,2,1,1,0,128.8,109.2,2
0022200397,2022-23,3,6,20,0,39.5,MADE_BASKET,39-42,33.6,1,10,4,5,2,1,1,0,117.2,114.8,-1
0022200398,2022-23,1,23,3,1,36.6,DREB,36-39,22.3,0,3,0,0,1,1,0,0,112.7,118.0,0
0022200398,2022-23,2,23,3,1,41.4,MADE_BASKET,39-42,36.0,1,-4,0,4,2,1,1,0,112.7,118.0,-4
0022200398,2022-23,3,3,23,0,44.8,DREB,42-45,32.4,1,7,2,0,2,1,1,0,118.5,118.1,2
0022200399,2022-23,1,12,14,1,37.8,DEAD_BALL,36-39,17.9,0,-3,4,0,2,2,1,1,111.9,119.9,4
0022200399,2022-23,2,14,12,0,33.1,MADE_BASKET,33-36,22.5,0,-6,2,3,1,1,0,0,118.8,116.6,-1
0022200399,2022-23,3,12,14,1,44.1,DREB,42-45,30.7,1,9,0,3,1,1,0,0,111.9,119.9,-3
0022200400,2022-23,1,25,14,1,36.2,MADE_BASKET,36-39,17.9,0,-11,0,0,1,1,0,0,113.7,119.9,0
0022200400,2022-23,2,25,14,1,42.2,MADE_BASKET,42-45,34.2,1,-7,0,2,2,1,1,0,113.7,119.9,-2
0022200400,2022-23,3,14,25,0,39.5,MADE_BASKET,39-42,34.4,1,4,2,0,2,1,1,0,118.8,113.8,2
0022200401,2022-23,1,21,2,0,33.3,MADE_BASKET,33-36,20.6,0,-3,0,2,1,1,0,0,118.7,119.0,-2
0022200401,2022-23,2,2,21,1,42.5,DREB,42-45,37.1,1,11,2,2,2,1,1,0,118.0,107.9,0
0022200401,2022-23,3,2,21,1,39.0,LIVE_TOV,39-42,29.8,1,11,0,0,2,1,1,0,118.0,107.9,0
0022200402,2022-23,1,30,11,1,32.1,DREB,30-33,24.2,0,9,0,0,1,1,0,0,112.3,121.8,0
0022200402,2022-23,2,11,30,0,31.5,LIVE_TOV,30-33,29.5,1,-15,2,0,2,1,1,0,118.3,112.5,2
0022200402,2022-23,3,30,11,1,40.5,DREB,39-42,24.2,0,15,2,0,1,1,0,0,112.3,121.8,2
0022200403,2022-23,1,19,8,0,44.9,LIVE_TOV,42-45,32.0,1,-3,0,0,2,1,1,0,123.8,113.6,0
0022200403,2022-23,2,19,8,0,41.1,DEAD_BALL,39-42,29.3,1,14,3,2,2,1,1,0,123.8,113.6,1
0022200403,2022-23,3,8,19,1,44.7,MADE_BASKET,42-45,30.7,1,-18,4,0,2,1,1,0,110.4,106.9,4
0022200404,2022-23,1,9,22,0,40.5,DREB,39-42,33.4,1,-8,6,3,2,1,1,0,116.7,117.1,3
0022200404,2022-23,2,9,22,0,30.1,MADE_BASKET,30-33,8.6,0,9,2,2,1,1,0,0,116.7,117.1,0
0022200404,2022-23,3,9,22,0,36.1,MADE_BASKET,36-39,22.6,0,4,0,3,1,1,0,0,116.7,117.1,-3
0022200405,2022-23,2,4,23,0,30.8,DREB,30-33,11.4,0,-2,2,3,1,1,0,0,117.5,118.1,-1
0022200405,2022-23,3,23,4,1,35.1,MADE_BASKET,33-36,29.8,1,7,2,2,2,1,1,0,112.7,123.9,0
0022200406,2022-23,1,8,26,0,35.4,MADE_BASKET,33-36,31.7,1,-3,2,2,2,1,1,0,110.4,118.7,0
0022200406,2022-23,2,8,26,0,33.4,DREB,33-36,30.9,1,3,5,2,2,2,1,1,110.4,118.7,3
0022200406,2022-23,3,8,26,0,33.7,DREB,33-36,17.9,0,6,0,0,1,1,0,0,110.4,118.7,0
0022200407,2022-23,1,17,5,1,40.3,MADE_BASKET,39-42,28.6,1,8,2,2,2,1,1,0,121.1,118.5,0
0022200407,2022-23,2,5,17,0,34.2,MADE_BASKET,33-36,20.4,0,-3,0,0,1,1,0,0,111.3,120.1,0
0022200407,2022-23,3,5,17,0,35.1,DREB,33-36,31.7,1,-13,0,2,2,1,1,0,111.3,120.1,-2
0022200408,2022-23,2,8,23,0,32.4,MADE_BASKET,30-33,10.1,0,3,0,0,1,0,0,0,110.4,118.1,0
0022200408,2022-23,3,8,23,0,43.1,DREB,42-45,41.6,1,1,2,0,2,2,1,1,110.4,118.1,2
0022200409,2022-23,1,18,29,1,32.1,MADE_BASKET,30-33,13.8,0,-6,0,0,1,0,0,0,109.9,121.4,0
0022200409,2022-23,2,18,29,1,39.1,MADE_BASKET,39-42,30.6,1,-5,0,0,1,1,0,0,109.9,121.4,0
0022200409,2022-23,3,18,29,1,31.5,MADE_BASKET,30-33,12.6,0,-12,0,0,1,1,0,0,109.9,121.4,0
0022200410,2022-23,1,6,16,0,45.0,MADE_BASKET,42-45,41.7,1,4,3,6,2,2,1,1,117.2,110.0,-3
0022200410,2022-23,2,16,6,1,37.5,DREB,36-39,26.7,0,0,0,3,2,1,1,0,121.8,109.2,-3
0022200410,2022-23,3,6,16,0,42.4,MADE_BASKET,42-45,30.6,1,-5,2,3,2,1,1,0,117.2,110.0,-1
0022200411,2022-23,1,6,22,0,35.8,MADE_BASKET,33-36,18.4,0,-10,0,2,1,1,0,0,117.2,117.1,-2
0022200411,2022-23,2,6,22,0,44.9,MADE_BASKET,42-45,26.8,0,-13,0,0,2,1,1,0,117.2,117.1,0
0022200411,2022-23,3,6,22,0,37.8,DREB,36-39,24.3,0,-18,0,0,1,1,0,0,117.2,117.1,0
0022200412,2022-23,1,28,18,1,37.2,MADE_BASKET,36-39,29.6,1,-2,0,3,2,1,1,0,117.8,118.0,-3
0022200412,2022-23,2,18,28,0,35.7,MADE_BASKET,33-36,21.1,0,11,6,0,1,1,0,0,109.9,116.2,6
0022200412,2022-23,3,18,28,0,42.8,DREB,42-45,38.2,1,13,2,1,3,3,1,1,109.9,116.2,1
0022200413,2022-23,1,28,12,0,31.0,DREB,30-33,11.7,0,4,0,3,1,1,0,0,117.8,116.6,-3
0022200413,2022-23,2,28,12,0,44.2,MADE_BASKET,42-45,34.2,1,0,3,5,3,2,1,1,117.8,116.6,-2
0022200413,2022-23,3,12,28,1,34.2,DREB,33-36,22.1,0,-1,2,0,1,1,0,0,111.9,116.2,2
0022200414,2022-23,3,15,20,0,37.4,MADE_BASKET,36-39,16.5,0,-5,2,0,1,1,0,0,118.9,114.8,2
0022200415,2022-23,1,8,27,1,36.6,MADE_BASKET,36-39,20.6,0,0,0,2,1,1,0,0,110.4,115.3,-2
0022200415,2022-23,2,8,27,1,37.9,LIVE_TOV,36-39,28.4,1,0,2,2,2,1,1,0,110.4,115.3,0
0022200415,2022-23,3,8,27,1,43.0,MADE_BASKET,42-45,22.6,0,-7,2,0,1,1,0,0,110.4,115.3,2
0022200416,2022-23,1,30,26,1,41.4,MADE_BASKET,39-42,28.6,1,1,0,2,2,1,1,0,112.3,118.7,-2
0022200416,2022-23,2,30,26,1,39.1,MADE_BASKET,39-42,33.3,1,2,2,2,2,2,1,1,112.3,118.7,0
0022200416,2022-23,3,26,30,0,43.1,MADE_BASKET,42-45,34.0,1,-4,2,0,2,1,1,0,113.0,112.5,2
0022200417,2022-23,1,17,25,0,32.4,MADE_BASKET,30-33,28.9,1,-4,4,0,2,1,1,0,121.1,113.8,4
0022200417,2022-23,2,17,25,0,34.8,DREB,33-36,33.1,1,-5,2,0,2,2,1,1,121.1,113.8,2
0022200417,2022-23,3,17,25,0,33.1,LIVE_TOV,33-36,27.5,0,3,2,0,1,1,0,0,121.1,113.8,2
0022200418,2022-23,1,9,5,0,41.1,MADE_BASKET,39-42,26.9,0,2,2,0,2,2,1,1,116.7,118.5,2
0022200418,2022-23,2,9,5,0,35.3,MADE_BASKET,33-36,17.5,0,-1,2,0,1,1,0,0,116.7,118.5,2
0022200418,2022-23,3,5,9,1,40.5,DREB,39-42,29.4,1,5,5,3,2,2,1,1,111.3,118.2,2
0022200419,2022-23,1,2,18,0,35.7,DREB,33-36,33.0,1,3,2,0,2,1,1,0,118.0,118.0,2
0022200419,2022-23,2,18,2,1,38.9,MADE_BASKET,36-39,34.6,1,-2,0,2,2,2,1,1,109.9,119.0,-2
0022200419,2022-23,3,2,18,0,35.4,MADE_BASKET,33-36,25.9,0,7,2,2,1,1,0,0,118.0,118.0,0
0022200420,2022-23,2,2,7,0,37.3,MADE_BASKET,36-39,20.5,0,2,0,3,1,1,0,0,118.0,117.1,-3
0022200420,2022-23,3,2,7,0,36.9,MADE_BASKET,36-39,34.0,1,1,1,0,2,1,1,0,118.0,117.1,1
0022200421,2022-23,1,18,28,1,34.4,DREB,33-36,28.9,1,7,0,0,2,1,1,0,109.9,116.2,0
0022200421,2022-23,2,28,18,0,40.4,LIVE_TOV,39-42,33.6,1,-14,0,2,2,1,1,0,117.8,118.0,-2
0022200421,2022-23,3,28,18,0,40.0,DREB,39-42,30.8,1,-10,2,2,2,1,1,0,117.8,118.0,0
0022200422,2022-23,1,9,21,1,35.9,MADE_BASKET,33-36,15.5,0,5,0,0,1,1,0,0,116.7,107.9,0
0022200422,2022-23,2,9,21,1,44.5,MADE_BASKET,42-45,32.1,1,7,0,0,2,1,1,0,116.7,107.9,0
0022200422,2022-23,3,21,9,0,45.0,MADE_BASKET,42-45,28.6,1,-9,0,0,2,1,1,0,118.7,118.2,0
0022200423,2022-23,1,13,19,1,30.8,DREB,30-33,7.8,0,8,0,3,1,1,0,0,111.8,106.9,-3
0022200423,2022-23,2,19,13,0,44.7,MADE_BASKET,42-45,34.8,1,-19,0,2,1,1,0,0,123.8,103.4,-2
0022200423,2022-23,3,13,19,1,34.4,LIVE_TOV,33-36,24.1,0,19,2,2,2,1,1,0,111.8,106.9,0
0022200424,2022-23,1,2,24,0,35.3,DREB,33-36,22.2,0,7,0,2,1,1,0,0,118.0,113.3,-2
0022200424,2022-23,2,24,2,1,34.6,MADE_BASKET,33-36,26.9,0,-7,0,0,1,1,0,0,120.3,119.0,0
0022200424,2022-23,3,2,24,0,35.6,MADE_BASKET,33-36,30.2,1,10,0,3,2,1,1,0,118.0,113.3,-3
0022200425,2022-23,1,24,27,1,35.7,DREB,33-36,22.9,0,-5,1,3,1,1,0,0,120.3,115.3,-2
0022200425,2022-23,2,24,27,1,31.8,DREB,30-33,20.5,0,-14,0,0,1,1,0,0,120.3,115.3,0
0022200426,2022-23,1,20,21,1,34.6,DREB,33-36,23.6,0,4,2,0,1,1,0,0,128.8,107.9,2
0022200426,2022-23,2,21,20,0,37.8,DREB,36-39,23.3,0,-14,0,1,1,1,0,0,118.7,114.8,-1
0022200427,2022-23,1,18,4,1,40.5,DREB,39-42,35.9,1,-4,0,2,2,2,1,1,109.9,123.9,-2
0022200427,2022-23,2,18,4,1,32.6,MADE_BASKET,30-33,15.1,0,-11,2,2,1,1,0,0,109.9,123.9,0
0022200427,2022-23,3,4,18,0,31.6,MADE_BASKET,30-33,10.1,0,9,0,3,1,1,0,0,117.5,118.0,-3
0022200428,2022-23,1,4,24,1,35.9,DREB,33-36,32.3,1,-5,5,2,2,1,1,0,117.5,113.3,3
0022200428,2022-23,2,24,4,0,36.3,MADE_BASKET,36-39,32.3,1,2,0,4,2,2,1,1,120.3,123.9,-4
0022200428,2022-23,3,4,24,1,34.0,DREB,33-36,20.6,0,10,0,2,1,1,0,0,117.5,113.3,-2
0022200429,2022-23,1,24,22,1,43.8,DREB,42-45,34.3,1,7,2,0,2,1,1,0,120.3,117.1,2
0022200429,2022-23,2,24,22,1,35.7,DREB,33-36,31.9,1,12,2,0,2,1,1,0,120.3,117.1,2
0022200429,2022-23,3,24,22,1,42.3,MADE_BASKET,42-45,32.2,1,5,2,3,2,2,1,1,120.3,117.1,-1
0022200430,2022-23,1,29,19,1,37.3,LIVE_TOV,36-39,32.8,1,4,4,0,2,1,1,0,119.3,106.9,4
0022200430,2022-23,2,19,29,0,44.6,MADE_BASKET,42-45,36.5,1,-10,4,0,2,2,1,1,123.8,121.4,4
0022200430,2022-23,3,29,19,1,34.9,MADE_BASKET,33-36,31.7,1,13,0,0,2,1,1,0,119.3,106.9,0
0022200431,2022-23,1,12,25,1,38.4,DREB,36-39,30.0,1,4,2,5,2,1,1,0,111.9,113.8,-3
0022200431,2022-23,2,25,12,0,30.6,MADE_BASKET,30-33,16.6,0,-2,0,0,1,1,0,0,113.7,116.6,0
0022200432,2022-23,1,12,23,1,39.7,MADE_BASKET,39-42,24.0,0,-11,2,2,1,1,0,0,111.9,118.1,0
0022200432,2022-23,2,12,23,1,33.9,MADE_BASKET,33-36,15.3,0,-11,2,0,1,0,0,0,111.9,118.1,2
0022200432,2022-23,3,23,12,0,31.8,MADE_BASKET,30-33,8.9,0,9,3,0,1,1,0,0,112.7,116.6,3
0022200433,2022-23,1,24,2,0,44.1,MADE_BASKET,42-45,38.7,1,2,2,5,3,2,1,1,120.3,119.0,-3
0022200433,2022-23,2,24,2,0,37.3,DREB,36-39,33.1,1,-16,3,0,1,1,0,0,120.3,119.0,3
0022200433,2022-23,3,24,2,0,33.7,MADE_BASKET,33-36,30.3,1,-14,0,0,1,1,0,0,120.3,119.0,0
0022200434,2022-23,2,15,4,0,39.9,DREB,39-42,29.5,1,4,0,0,2,1,1,0,118.9,123.9,0
0022200434,2022-23,3,15,4,0,34.5,DREB,33-36,15.7,0,1,3,2,1,1,0,0,118.9,123.9,1
0022200435,2022-23,1,15,13,0,44.9,MADE_BASKET,42-45,33.7,1,-1,3,0,2,1,1,0,118.9,103.4,3
0022200435,2022-23,2,15,13,0,30.7,MADE_BASKET,30-33,15.3,0,5,0,2,1,1,0,0,118.9,103.4,-2
0022200435,2022-23,3,15,13,0,39.1,MADE_BASKET,39-42,34.2,1,6,3,2,2,2,1,1,118.9,103.4,1
0022200436,2022-23,1,2,16,0,39.4,MADE_BASKET,39-42,31.7,1,1,4,2,2,2,1,1,118.0,110.0,2
0022200436,2022-23,3,2,16,0,35.9,DREB,33-36,29.4,1,-1,0,0,2,1,1,0,118.0,110.0,0
0022200437,2022-23,1,4,19,0,33.9,DREB,33-36,25.7,0,4,0,0,1,1,0,0,117.5,106.9,0
0022200437,2022-23,2,19,4,1,30.9,DREB,30-33,8.7,0,-3,2,0,1,1,0,0,123.8,123.9,2
0022200437,2022-23,3,19,4,1,36.1,MADE_BASKET,36-39,32.1,1,-5,2,0,2,2,1,1,123.8,123.9,2
0022200438,2022-23,1,26,23,0,33.9,DREB,33-36,29.5,1,-2,2,0,2,1,1,0,113.0,118.1,2
0022200438,2022-23,2,26,23,0,41.3,MADE_BASKET,39-42,28.6,1,0,3,3,2,1,1,0,113.0,118.1,0
0022200438,2022-23,3,23,26,1,32.3,DEAD_BALL,30-33,16.7,0,6,0,0,1,1,0,0,112.7,118.7,0
0022200439,2022-23,1,14,21,1,38.6,DREB,36-39,27.4,0,1,0,0,2,1,1,0,118.8,107.9,0
0022200439,2022-23,2,14,21,1,33.9,DREB,33-36,31.1,1,1,0,0,2,1,1,0,118.8,107.9,0
0022200439,2022-23,3,14,21,1,43.1,DREB,42-45,28.8,1,4,3,2,2,2,1,1,118.8,107.9,1
0022200440,2022-23,1,21,11,1,43.7,LIVE_TOV,42-45,40.0,1,-6,5,1,3,2,1,1,118.7,121.8,4
0022200440,2022-23,3,11,21,0,32.4,DREB,30-33,11.9,0,-5,1,0,1,0,0,0,118.3,107.9,1
0022200441,2022-23,1,14,24,1,44.7,DREB,42-45,31.6,1,5,0,2,2,1,1,0,118.8,113.3,-2
0022200441,2022-23,3,14,24,1,40.7,DREB,39-42,33.6,1,12,2,5,2,2,1,1,118.8,113.3,-3
0022200442,2022-23,1,18,13,0,44.7,DREB,42-45,31.7,1,-2,0,4,2,1,1,0,109.9,103.4,-4
0022200443,2022-23,1,29,20,0,39.0,DEAD_BALL,39-42,35.7,1,4,3,3,2,1,1,0,119.3,114.8,0
0022200443,2022-23,2,29,20,0,43.7,MADE_BASKET,42-45,30.7,1,-2,0,0,2,1,1,0,119.3,114.8,0
0022200443,2022-23,3,29,20,0,34.9,MADE_BASKET,33-36,10.9,0,6,0,0,1,0,0,0,119.3,114.8,0
0022200444,2022-23,1,3,24,0,34.2,MADE_BASKET,33-36,18.6,0,-6,0,0,1,1,0,0,118.5,113.3,0
0022200444,2022-23,2,24,3,1,32.5,DREB,30-33,30.0,1,13,2,2,2,1,1,0,120.3,118.0,0
0022200444,2022-23,3,3,24,0,36.8,DREB,36-39,27.5,0,-17,2,0,2,1,1,0,118.5,113.3,2
0022200445,2022-23,1,11,19,1,41.4,MADE_BASKET,39-42,35.2,1,-4,0,0,2,1,1,0,118.3,106.9,0
0022200445,2022-23,2,19,11,0,43.0,LIVE_TOV,42-45,34.5,1,5,4,0,2,1,1,0,123.8,121.8,4
0022200445,2022-23,3,19,11,0,34.8,DREB,33-36,30.9,1,6,0,0,2,1,1,0,123.8,121.8,0
0022200446,2022-23,2,5,21,1,31.5,MADE_BASKET,30-33,16.9,0,-17,2,2,1,1,0,0,111.3,107.9,0
0022200446,2022-23,3,21,5,0,44.5,DEAD_BALL,42-45,32.8,1,16,2,2,2,1,1,0,118.7,118.5,0
0022200447,2022-23,1,1,28,1,35.3,DREB,33-36,20.7,0,4,3,3,1,1,0,0,112.4,116.2,0
0022200447,2022-23,3,1,28,1,38.9,MADE_BASKET,36-39,25.5,0,-9,0,0,2,1,1,0,112.4,116.2,0
0022200448,2022-23,1,28,19,0,39.3,MADE_BASKET,39-42,29.4,1,-8,4,2,2,1,1,0,117.8,106.9,2
0022200448,2022-23,2,28,19,0,34.8,DREB,33-36,30.8,1,-8,3,2,2,1,1,0,117.8,106.9,1
0022200448,2022-23,3,19,28,1,44.4,DEAD_BALL,42-45,30.9,1,8,0,0,2,1,1,0,123.8,116.2,0
0022200449,2022-23,1,24,29,1,43.9,MADE_BASKET,42-45,34.9,1,-3,2,2,2,1,1,0,120.3,121.4,0
0022200449,2022-23,2,24,29,1,44.7,DREB,42-45,31.8,1,0,2,0,2,2,1,1,120.3,121.4,2
0022200449,2022-23,3,24,29,1,44.5,MADE_BASKET,42-45,33.3,1,-1,2,0,2,1,1,0,120.3,121.4,2
0022200450,2022-23,1,22,30,0,33.9,MADE_BASKET,33-36,22.4,0,-1,0,2,1,1,0,0,117.1,112.5,-2
0022200450,2022-23,2,30,22,1,31.9,MADE_BASKET,30-33,14.4,0,-3,3,0,1,1,0,0,112.3,117.1,3
0022200450,2022-23,3,22,30,0,37.6,MADE_BASKET,36-39,28.6,1,-3,2,0,2,1,1,0,117.1,112.5,2
0022200451,2022-23,1,23,20,0,40.8,DREB,39-42,33.0,1,-1,0,3,2,2,1,1,112.7,114.8,-3
0022200451,2022-23,2,20,23,1,33.3,LIVE_TOV,33-36,28.4,1,7,2,2,2,2,1,1,128.8,118.1,0
0022200451,2022-23,3,23,20,0,44.8,MADE_BASKET,42-45,34.0,1,-4,2,2,2,1,1,0,112.7,114.8,0
0022200452,2022-23,1,7,14,1,32.9,MADE_BASKET,30-33,22.2,0,0,0,0,1,1,0,0,113.2,119.9,0
0022200452,2022-23,2,14,7,0,38.9,MADE_BASKET,36-39,28.5,1,-3,2,3,2,2,1,1,118.8,117.1,-1
0022200452,2022-23,3,7,14,1,44.2,MADE_BASKET,42-45,30.1,1,2,2,0,2,1,1,0,113.2,119.9,2
0022200453,2022-23,1,21,9,0,39.8,MADE_BASKET,39-42,28.7,1,-3,0,0,2,2,1,1,118.7,118.2,0
0022200453,2022-23,2,9,21,1,33.2,DREB,33-36,29.3,1,7,2,0,2,1,1,0,116.7,107.9,2
0022200453,2022-23,3,9,21,1,39.6,MADE_BASKET,39-42,33.0,1,17,2,0,2,2,1,1,116.7,107.9,2
0022200454,2022-23,1,29,15,1,31.4,MADE_BASKET,30-33,7.1,0,-10,0,2,2,1,1,0,119.3,112.7,-2
0022200454,2022-23,3,15,29,0,40.8,MADE_BASKET,39-42,29.3,1,5,3,3,2,2,1,1,118.9,121.4,0
0022200455,2022-23,1,6,25,0,40.6,DREB,39-42,24.3,0,12,0,0,2,1,1,0,117.2,113.8,0
0022200455,2022-23,2,25,6,1,43.3,MADE_BASKET,42-45,32.2,1,-16,0,2,2,1,1,0,113.7,109.2,-2
0022200456,2022-23,1,8,6,1,32.5,MADE_BASKET,30-33,29.5,1,8,0,2,2,1,1,0,110.4,109.2,-2
0022200456,2022-23,2,8,6,1,33.7,MADE_BASKET,33-36,18.5,0,-7,2,0,1,1,0,0,110.4,109.2,2
0022200456,2022-23,3,8,6,1,37.3,MADE_BASKET,36-39,15.8,0,-7,0,0,1,1,0,0,110.4,109.2,0
0022200457,2022-23,1,24,11,1,36.3,LIVE_TOV,36-39,34.1,1,-14,2,3,2,1,1,0,120.3,121.8,-1
0022200457,2022-23,2,11,24,0,40.3,DEAD_BALL,39-42,30.8,1,13,1,0,2,1,1,0,118.3,113.3,1
0022200457,2022-23,3,24,11,1,41.8,MADE_BASKET,39-42,30.7,1,-21,5,2,2,2,1,1,120.3,121.8,3
0022200458,2022-23,1,9,4,1,39.7,DREB,39-42,29.6,1,2,5,0,2,1,1,0,116.7,123.9,5
0022200458,2022-23,2,9,4,1,41.5,DREB,39-42,37.8,1,8,4,2,2,2,1,1,116.7,123.9,2
0022200458,2022-23,3,9,4,1,33.5,DEAD_BALL,33-36,31.9,1,8,0,0,1,1,0,0,116.7,123.9,0
0022200459,2022-23,1,28,5,0,42.7,LIVE_TOV,42-45,38.4,1,4,0,0,2,2,1,1,117.8,118.5,0
0022200459,2022-23,2,5,28,1,44.6,MADE_BASKET,42-45,28.7,1,-12,5,2,2,1,1,0,111.3,116.2,3
0022200460,2022-23,1,7,28,1,44.6,LIVE_TOV,42-45,38.1,1,3,2,0,2,2,1,1,113.2,116.2,2
0022200460,2022-23,2,28,7,0,38.8,MADE_BASKET,36-39,32.8,1,-3,2,5,2,2,1,1,117.8,117.1,-3
0022200460,2022-23,3,28,7,0,41.8,MADE_BASKET,39-42,33.7,1,-3,3,3,2,1,1,0,117.8,117.1,0
0022200461,2022-23,1,26,28,1,35.7,MADE_BASKET,33-36,17.9,0,-6,4,0,1,1,0,0,113.0,116.2,4
0022200461,2022-23,2,26,28,1,37.3,MADE_BASKET,36-39,31.4,1,4,5,0,2,2,1,1,113.0,116.2,5
0022200461,2022-23,3,28,26,0,34.8,MADE_BASKET,33-36,29.2,1,-6,2,0,2,1,1,0,117.8,118.7,2
0022200462,2022-23,1,19,25,0,43.7,DREB,42-45,33.0,1,5,2,0,2,2,1,1,123.8,113.8,2
0022200462,2022-23,2,25,19,1,38.5,DEAD_BALL,36-39,32.7,1,-15,0,0,2,1,1,0,113.7,106.9,0
0022200462,2022-23,3,25,19,1,32.0,DREB,30-33,27.0,0,-24,0,2,2,1,1,0,113.7,106.9,-2
0022200463,2022-23,1,22,8,0,42.1,DREB,42-45,32.9,1,0,3,0,2,2,1,1,117.1,113.6,3
0022200463,2022-23,2,22,8,0,34.4,MADE_BASKET,33-36,17.2,0,-1,0,2,2,1,1,0,117.1,113.6,-2
0022200464,2022-23,1,28,25,1,37.2,MADE_BASKET,36-39,32.2,1,5,0,3,2,1,1,0,117.8,113.8,-3
0022200464,2022-23,2,25,28,0,38.0,DREB,36-39,31.7,1,7,4,2,2,2,1,1,113.7,116.2,2
0022200464,2022-23,3,28,25,1,33.8,DREB,33-36,29.8,1,-9,2,2,2,2,1,1,117.8,113.8,0
0022200465,2022-23,1,16,12,1,44.6,MADE_BASKET,42-45,32.3,1,-5,0,0,2,1,1,0,121.8,116.6,0
0022200465,2022-23,2,12,16,0,34.1,DREB,33-36,18.0,0,9,0,0,1,1,0,0,111.9,110.0,0
0022200465,2022-23,3,16,12,1,33.5,MADE_BASKET,33-36,13.2,0,-8,0,2,1,1,0,0,121.8,116.6,-2
0022200466,2022-23,1,19,12,0,36.0,DREB,36-39,29.1,1,-14,3,3,2,1,1,0,123.8,116.6,0
0022200466,2022-23,2,19,12,0,30.1,DREB,30-33,10.0,0,-17,2,2,1,1,0,0,123.8,116.6,0
0022200466,2022-23,3,12,19,1,41.5,DEAD_BALL,39-42,31.8,1,26,1,4,3,2,1,1,111.9,106.9,-3
0022200467,2022-23,1,20,2,0,31.7,DREB,30-33,22.6,0,1,3,2,1,1,0,0,128.8,119.0,1
0022200467,2022-23,2,20,2,0,35.6,MADE_BASKET,33-36,21.8,0,-1,2,3,1,1,0,0,128.8,119.0,-1
0022200467,2022-23,3,2,20,1,43.0,DREB,42-45,35.5,1,-6,2,0,2,2,1,1,118.0,114.8,2
0022200468,2022-23,1,22,2,0,37.6,MADE_BASKET,36-39,32.3,1,-1,3,4,2,2,1,1,117.1,119.0,-1
0022200468,2022-23,2,2,22,1,33.9,DEAD_BALL,33-36,28.9,1,3,0,0,2,2,1,1,118.0,117.1,0
0022200468,2022-23,3,2,22,1,41.3,MADE_BASKET,39-42,31.5,1,2,0,2,2,1,1,0,118.0,117.1,-2
0022200469,2022-23,2,10,25,0,37.7,DREB,36-39,31.8,1,6,1,3,2,1,1,0,119.8,113.8,-2
0022200469,2022-23,3,10,25,0,40.9,LIVE_TOV,39-42,30.7,1,5,0,2,1,1,0,0,119.8,113.8,-2
0022200470,2022-23,1,14,9,0,32.8,DREB,30-33,17.6,0,4,2,0,1,1,0,0,118.8,118.2,2
0022200470,2022-23,2,9,14,1,39.2,MADE_BASKET,39-42,23.1,0,-15,4,0,1,1,0,0,116.7,119.9,4
0022200470,2022-23,3,9,14,1,40.7,DREB,39-42,33.6,1,-4,2,0,2,1,1,0,116.7,119.9,2
0022200471,2022-23,1,9,27,1,36.6,MADE_BASKET,36-39,30.2,1,-1,3,0,2,1,1,0,116.7,115.3,3
0022200471,2022-23,2,27,9,0,34.1,DREB,33-36,15.3,0,-2,2,0,1,1,0,0,114.0,118.2,2
0022200472,2022-23,1,6,23,1,32.4,DREB,30-33,30.4,1,2,3,2,2,1,1,0,117.2,118.1,1
0022200472,2022-23,3,23,6,0,36.0,MADE_BASKET,36-39,28.8,1,3,2,0,2,1,1,0,112.7,109.2,2
0022200473,2022-23,1,20,23,0,38.2,MADE_BASKET,36-39,19.3,0,3,2,0,1,1,0,0,128.8,118.1,2
0022200473,2022-23,2,20,23,0,41.6,DREB,39-42,28.9,1,8,5,0,2,2,1,1,128.8,118.1,5
0022200473,2022-23,3,20,23,0,32.9,MADE_BASKET,30-33,19.2,0,9,2,2,1,1,0,0,128.8,118.1,0
0022200474,2022-23,1,17,4,1,35.2,DEAD_BALL,33-36,32.7,1,0,0,0,2,1,1,0,121.1,123.9,0
0022200474,2022-23,2,17,4,1,33.8,MADE_BASKET,33-36,20.8,0,-11,0,0,1,1,0,0,121.1,123.9,0
0022200474,2022-23,3,17,4,1,43.9,MADE_BASKET,42-45,30.9,1,-22,2,4,2,1,1,0,121.1,123.9,-2
0022200475,2022-23,1,26,6,0,43.5,DEAD_BALL,42-45,29.4,1,8,0,2,2,1,1,0,113.0,109.2,-2
0022200475,2022-23,2,26,6,0,44.1,DEAD_BALL,42-45,33.4,1,12,3,2,2,1,1,0,113.0,109.2,1
0022200475,2022-23,3,26,6,0,32.6,MADE_BASKET,30-33,22.9,0,18,3,3,1,1,0,0,113.0,109.2,0
0022200476,2022-23,1,16,11,1,38.6,MADE_BASKET,36-39,30.2,1,-13,2,0,1,1,0,0,121.8,121.8,2
0022200476,2022-23,2,11,16,0,34.7,MADE_BASKET,33-36,18.5,0,6,5,0,1,1,0,0,118.3,110.0,5
0022200476,2022-23,3,11,16,0,40.7,DEAD_BALL,39-42,30.7,1,9,2,0,2,2,1,1,118.3,110.0,2
0022200477,2022-23,1,16,19,1,41.5,MADE_BASKET,39-42,32.6,1,0,2,2,2,1,1,0,121.8,106.9,0
0022200477,2022-23,2,16,19,1,33.1,MADE_BASKET,33-36,24.3,0,-7,3,2,2,1,1,0,121.8,106.9,1
0022200477,2022-23,3,19,16,0,43.0,LIVE_TOV,42-45,31.3,1,9,0,2,2,1,1,0,123.8,110.0,-2
0022200478,2022-23,1,16,7,0,39.2,DEAD_BALL,39-42,24.0,0,6,2,1,1,1,0,0,121.8,117.1,1
0022200478,2022-23,2,7,16,1,44.5,MADE_BASKET,42-45,33.9,1,-10,2,0,2,1,1,0,113.2,110.0,2
0022200478,2022-23,3,7,16,1,41.1,DREB,39-42,29.6,1,-7,0,0,2,1,1,0,113.2,110.0,0
0022200479,2022-23,1,1,2,1,31.2,DREB,30-33,16.6,0,6,0,0,1,1,0,0,112.4,119.0,0
0022200479,2022-23,2,2,1,0,38.4,MADE_BASKET,36-39,20.2,0,-7,2,0,1,1,0,0,118.0,121.2,2
0022200480,2022-23,1,7,4,1,31.3,MADE_BASKET,30-33,8.0,0,-11,0,0,1,1,0,0,113.2,123.9,0
0022200480,2022-23,2,7,4,1,37.6,DREB,36-39,22.5,0,-2,2,2,1,1,0,0,113.2,123.9,0
0022200480,2022-23,3,4,7,0,33.1,DREB,33-36,15.1,0,12,2,0,1,1,0,0,117.5,117.1,2
0022200481,2022-23,1,9,13,1,30.1,DREB,30-33,14.9,0,6,1,0,1,1,0,0,116.7,103.4,1
0022200481,2022-23,2,13,9,0,37.8,DREB,36-39,32.5,1,-12,2,0,2,1,1,0,111.8,118.2,2
0022200481,2022-23,3,13,9,0,43.2,MADE_BASKET,42-45,31.4,1,-21,2,0,1,1,0,0,111.8,118.2,2
0022200482,2022-23,1,29,1,0,34.4,MADE_BASKET,33-36,22.3,0,-2,0,3,2,1,1,0,119.3,121.2,-3
0022200482,2022-23,2,29,1,0,39.6,DREB,39-42,23.7,0,-6,0,2,2,1,1,0,119.3,121.2,-2
0022200482,2022-23,3,29,1,0,44.4,MADE_BASKET,42-45,25.4,0,-16,2,0,2,1,1,0,119.3,121.2,2
0022200483,2022-23,1,18,17,1,39.0,MADE_BASKET,39-42,22.1,0,-2,0,0,1,1,0,0,109.9,120.1,0
0022200483,2022-23,2,18,17,1,33.9,MADE_BASKET,33-36,28.5,1,-8,0,2,1,1,0,0,109.9,120.1,-2
0022200483,2022-23,3,17,18,0,30.8,MADE_BASKET,30-33,21.0,0,11,2,3,1,1,0,0,121.1,118.0,-1
0022200484,2022-23,1,8,29,1,44.6,MADE_BASKET,42-45,32.9,1,-14,2,3,2,1,1,0,110.4,121.4,-1
0022200484,2022-23,3,29,8,0,38.9,DREB,36-39,30.7,1,13,3,0,1,1,0,0,119.3,113.6,3
0022200485,2022-23,1,22,8,1,35.5,DREB,33-36,25.0,0,3,2,0,1,1,0,0,117.1,113.6,2
0022200485,2022-23,2,8,22,0,35.9,MADE_BASKET,33-36,19.7,0,-6,3,0,1,1,0,0,110.4,117.1,3
0022200485,2022-23,3,8,22,0,34.2,MADE_BASKET,33-36,29.0,1,-16,5,0,2,1,1,0,110.4,117.1,5
0022200486,2022-23,2,7,26,1,39.1,MADE_BASKET,39-42,32.0,1,0,2,2,2,1,1,0,113.2,118.7,0
0022200486,2022-23,3,7,26,1,40.1,MADE_BASKET,39-42,23.3,0,-2,0,0,1,1,0,0,113.2,118.7,0
0022200487,2022-23,1,12,5,0,37.9,MADE_BASKET,36-39,24.6,0,-3,3,2,1,1,0,0,111.9,118.5,1
0022200487,2022-23,2,12,5,0,41.8,MADE_BASKET,39-42,33.4,1,3,4,0,2,1,1,0,111.9,118.5,4
0022200487,2022-23,3,5,12,1,40.5,MADE_BASKET,39-42,19.1,0,-10,2,0,1,1,0,0,111.3,116.6,2
0022200488,2022-23,1,18,16,0,35.6,DREB,33-36,17.4,0,-1,3,0,1,1,0,0,109.9,110.0,3
0022200488,2022-23,3,18,16,0,33.8,DREB,33-36,31.0,1,0,2,2,2,1,1,0,109.9,110.0,0
0022200489,2022-23,1,16,7,1,34.1,DREB,33-36,32.3,1,-6,3,0,2,2,1,1,121.8,117.1,3
0022200489,2022-23,2,16,7,1,36.2,MADE_BASKET,36-39,29.0,1,1,0,0,2,2,1,1,121.8,117.1,0
0022200489,2022-23,3,7,16,0,34.1,MADE_BASKET,33-36,21.9,0,-5,0,0,1,1,0,0,113.2,110.0,0
0022200490,2022-23,1,29,25,1,40.4,MADE_BASKET,39-42,33.7,1,-14,0,2,2,1,1,0,119.3,113.8,-2
0022200490,2022-23,2,25,29,0,37.1,MADE_BASKET,36-39,31.1,1,10,1,5,2,1,1,0,113.7,121.4,-4
0022200490,2022-23,3,29,25,1,45.0,DREB,42-45,33.0,1,-5,2,1,2,1,1,0,119.3,113.8,1
0022200491,2022-23,1,14,28,0,42.3,MADE_BASKET,42-45,30.8,1,2,0,2,2,1,1,0,118.8,116.2,-2
0022200491,2022-23,2,14,28,0,31.5,DREB,30-33,8.0,0,1,2,0,1,1,0,0,118.8,116.2,2
0022200491,2022-23,3,28,14,1,35.0,MADE_BASKET,33-36,33.1,1,4,4,2,2,1,1,0,117.8,119.9,2
0022200492,2022-23,1,21,26,0,32.3,MADE_BASKET,30-33,9.0,0,-3,2,0,1,0,0,0,118.7,118.7,2
0022200492,2022-23,3,26,21,1,34.4,MADE_BASKET,33-36,19.5,0,1,0,0,1,1,0,0,113.0,107.9,0
0022200493,2022-23,2,3,8,0,40.0,MADE_BASKET,39-42,27.2,0,-14,0,0,2,1,1,0,118.5,113.6,0
0022200493,2022-23,3,8,3,1,40.9,MADE_BASKET,39-42,22.6,0,14,2,0,1,1,0,0,110.4,118.0,2
0022200494,2022-23,1,29,21,0,37.6,MADE_BASKET,36-39,31.4,1,1,0,0,1,1,0,0,119.3,107.9,0
0022200494,2022-23,2,29,21,0,43.2,DREB,42-45,39.8,1,-4,3,0,2,1,1,0,119.3,107.9,3
0022200494,2022-23,3,21,29,1,33.9,LIVE_TOV,33-36,32.1,1,2,3,2,2,2,1,1,118.7,121.4,1
0022200495,2022-23,2,21,28,1,38.7,DREB,36-39,32.4,1,8,2,0,2,2,1,1,118.7,116.2,2
0022200495,2022-23,3,21,28,1,33.0,DREB,33-36,30.4,1,17,2,0,1,1,0,0,118.7,116.2,2
0022200496,2022-23,1,3,27,1,37.7,DREB,36-39,23.8,0,3,3,0,1,1,0,0,118.5,115.3,3
0022200496,2022-23,2,27,3,0,42.7,MADE_BASKET,42-45,35.8,1,-11,3,2,2,2,1,1,114.0,118.0,1
0022200496,2022-23,3,3,27,1,38.0,DREB,36-39,26.9,0,13,0,0,2,1,1,0,118.5,115.3,0
0022200497,2022-23,1,22,23,1,36.6,DREB,36-39,24.5,0,-2,3,1,2,1,1,0,117.1,118.1,2
0022200497,2022-23,2,22,23,1,38.9,DREB,36-39,29.7,1,-4,0,0,2,1,1,0,117.1,118.1,0
0022200498,2022-23,1,23,8,0,37.2,MADE_BASKET,36-39,16.8,0,-3,2,0,1,1,0,0,112.7,113.6,2
0022200498,2022-23,2,8,23,1,33.9,MADE_BASKET,33-36,21.5,0,3,3,0,1,1,0,0,110.4,118.1,3
0022200498,2022-23,3,8,23,1,40.1,DREB,39-42,29.7,1,10,2,0,2,1,1,0,110.4,118.1,2
0022200499,2022-23,1,19,13,1,43.5,DREB,42-45,33.5,1,-10,2,2,2,1,1,0,123.8,103.4,0
0022200499,2022-23,2,19,13,1,32.2,MADE_BASKET,30-33,21.5,0,-21,2,0,1,1,0,0,123.8,103.4,2
0022200499,2022-23,3,19,13,1,36.2,MADE_BASKET,36-39,33.7,1,-15,0,5,3,2,1,1,123.8,103.4,-5
0022200500,2022-23,1,14,26,1,34.3,MADE_BASKET,33-36,14.0,0,-3,2,3,1,1,0,0,118.8,118.7,-1
0022200500,2022-23,2,26,14,0,38.5,MADE_BASKET,36-39,28.8,1,5,0,3,2,1,1,0,113.0,119.9,-3
0022200500,2022-23,3,26,14,0,32.8,MADE_BASKET,30-33,28.3,1,4,1,2,2,1,1,0,113.0,119.9,-1
0022200501,2022-23,2,19,26,0,36.5,DREB,36-39,34.7,1,3,2,0,2,1,1,0,123.8,118.7,2
0022200501,2022-23,3,26,19,1,37.7,LIVE_TOV,36-39,34.3,1,-7,4,2,2,1,1,0,113.0,106.9,2
0022200502,2022-23,1,19,10,1,44.5,MADE_BASKET,42-45,35.0,1,-7,2,2,2,2,1,1,123.8,113.5,0
0022200502,2022-23,2,10,19,0,41.8,LIVE_TOV,39-42,28.7,1,11,3,3,2,2,1,1,119.8,106.9,0
0022200502,2022-23,3,10,19,0,43.1,DREB,42-45,28.5,1,14,2,0,2,1,1,0,119.8,106.9,2
0022200503,2022-23,1,16,24,1,44.0,MADE_BASKET,42-45,31.5,1,0,5,0,2,2,1,1,121.8,113.3,5
0022200503,2022-23,2,24,16,0,33.5,DREB,33-36,28.8,1,-9,2,2,2,1,1,0,120.3,110.0,0
0022200503,2022-23,3,16,24,1,31.1,DREB,30-33,13.6,0,10,0,0,1,1,0,0,121.8,113.3,0
0022200504,2022-23,3,2,30,1,30.2,MADE_BASKET,30-33,6.2,0,-6,2,0,1,1,0,0,118.0,112.5,2
0022200505,2022-23,1,4,23,1,42.8,DREB,42-45,31.6,1,-1,2,0,2,2,1,1,117.5,118.1,2
0022200505,2022-23,2,4,23,1,37.6,DREB,36-39,34.3,1,9,2,0,2,1,1,0,117.5,118.1,2
0022200505,2022-23,3,4,23,1,37.4,MADE_BASKET,36-39,29.6,1,16,0,4,2,2,1,1,117.5,118.1,-4
0022200506,2022-23,1,27,15,0,34.0,MADE_BASKET,33-36,32.2,1,1,2,2,2,1,1,0,114.0,112.7,0
0022200506,2022-23,2,15,27,1,37.8,MADE_BASKET,36-39,31.7,1,0,2,1,2,1,1,0,118.9,115.3,1
0022200506,2022-23,3,15,27,1,43.5,MADE_BASKET,42-45,39.3,1,0,2,0,2,1,1,0,118.9,115.3,2
0022200507,2022-23,1,20,11,1,36.3,MADE_BASKET,36-39,22.4,0,7,0,2,1,1,0,0,128.8,121.8,-2
0022200507,2022-23,2,20,11,1,37.9,MADE_BASKET,36-39,23.3,0,11,0,2,1,1,0,0,128.8,121.8,-2
0022200507,2022-23,3,20,11,1,38.0,MADE_BASKET,36-39,24.6,0,8,2,2,1,1,0,0,128.8,121.8,0
0022200508,2022-23,1,5,24,1,42.1,DREB,42-45,29.8,1,-6,4,0,2,1,1,0,111.3,113.3,4
0022200508,2022-23,2,24,5,0,37.7,LIVE_TOV,36-39,29.7,1,5,6,0,2,1,1,0,120.3,118.5,6
0022200508,2022-23,3,24,5,0,36.7,LIVE_TOV,36-39,31.3,1,11,0,2,2,1,1,0,120.3,118.5,-2
0022200509,2022-23,1,19,30,0,36.5,MADE_BASKET,36-39,20.6,0,0,2,0,1,1,0,0,123.8,112.5,2
0022200509,2022-23,2,30,19,1,33.8,MADE_BASKET,33-36,29.4,1,6,3,2,2,1,1,0,112.3,106.9,1
0022200509,2022-23,3,19,30,0,35.8,MADE_BASKET,33-36,28.6,1,-4,0,0,2,1,1,0,123.8,112.5,0
0022200510,2022-23,1,4,1,1,33.8,MADE_BASKET,33-36,29.5,1,0,0,0,1,1,0,0,117.5,121.2,0
0022200510,2022-23,2,4,1,1,43.3,DREB,42-45,40.1,1,-9,5,0,3,2,1,1,117.5,121.2,5
0022200510,2022-23,3,4,1,1,35.8,DREB,33-36,25.3,0,-7,0,2,2,1,1,0,117.5,121.2,-2
0022200511,2022-23,1,18,27,1,38.5,DEAD_BALL,36-39,36.2,1,-5,4,0,2,1,1,0,109.9,115.3,4
0022200511,2022-23,2,18,27,1,37.8,DREB,36-39,21.3,0,-5,0,2,1,1,0,0,109.9,115.3,-2
0022200511,2022-23,3,27,18,0,31.4,MADE_BASKET,30-33,9.1,0,2,0,2,1,1,0,0,114.0,118.0,-2
0022200512,2022-23,1,13,12,0,42.6,LIVE_TOV,42-45,35.4,1,4,0,0,2,1,1,0,111.8,116.6,0
0022200512,2022-23,2,12,13,1,43.1,MADE_BASKET,42-45,39.9,1,-5,0,0,2,1,1,0,111.9,103.4,0
0022200512,2022-23,3,12,13,1,44.2,MADE_BASKET,42-45,33.2,1,-8,6,0,2,1,1,0,111.9,103.4,6
0022200513,2022-23,1,11,28,1,33.3,LIVE_TOV,33-36,23.1,0,2,0,3,1,1,0,0,118.3,116.2,-3
0022200513,2022-23,2,28,11,0,34.7,DREB,33-36,30.0,1,3,6,0,2,1,1,0,117.8,121.8,6
0022200513,2022-23,3,11,28,1,41.9,DREB,39-42,33.0,1,-15,0,1,2,2,1,1,118.3,116.2,-1
0022200514,2022-23,1,12,3,0,34.3,DREB,33-36,31.1,1,6,2,0,2,1,1,0,111.9,118.0,2
0022200514,2022-23,3,3,12,1,41.0,MADE_BASKET,39-42,31.4,1,12,0,2,2,1,1,0,118.5,116.6,-2
0022200515,2022-23,1,8,13,0,36.2,DREB,36-39,29.5,1,0,2,0,2,1,1,0,110.4,103.4,2
0022200515,2022-23,2,13,8,1,39.6,DREB,39-42,24.1,0,10,2,0,1,1,0,0,111.8,113.6,2
0022200515,2022-23,3,8,13,0,41.7,MADE_BASKET,39-42,33.9,1,-5,5,1,1,1,0,0,110.4,103.4,4
0022200516,2022-23,1,8,25,0,44.8,DREB,42-45,40.2,1,1,0,0,3,2,1,1,110.4,113.8,0
0022200516,2022-23,2,8,25,0,38.9,DREB,36-39,26.3,0,6,2,0,1,1,0,0,110.4,113.8,2
0022200517,2022-23,1,10,27,0,37.2,MADE_BASKET,36-39,28.6,1,-5,3,0,2,1,1,0,119.8,115.3,3
0022200517,2022-23,3,27,10,1,40.0,MADE_BASKET,39-42,32.9,1,-1,2,1,2,1,1,0,114.0,113.5,1
0022200518,2022-23,1,12,29,1,30.7,DREB,30-33,23.0,0,-2,0,2,1,1,0,0,111.9,121.4,-2
0022200518,2022-23,2,29,12,0,38.9,DEAD_BALL,36-39,33.3,1,-2,0,0,2,1,1,0,119.3,116.6,0
0022200518,2022-23,3,29,12,0,31.5,MADE_BASKET,30-33,11.5,0,-5,2,0,1,1,0,0,119.3,116.6,2
0022200519,2022-23,1,14,5,1,31.6,MADE_BASKET,30-33,10.7,0,-8,0,0,1,0,0,0,118.8,118.5,0
0022200519,2022-23,2,5,14,0,31.8,DREB,30-33,28.7,1,0,0,3,2,1,1,0,111.3,119.9,-3
0022200519,2022-23,3,14,5,1,34.8,MADE_BASKET,33-36,20.9,0,0,0,0,1,1,0,0,118.8,118.5,0
0022200520,2022-23,1,14,30,1,36.8,MADE_BASKET,36-39,20.5,0,-9,3,3,2,1,1,0,118.8,112.5,0
0022200520,2022-23,2,30,14,0,43.6,DREB,42-45,41.8,1,5,5,2,2,1,1,0,112.3,119.9,3
0022200521,2022-23,1,4,17,1,40.8,MADE_BASKET,39-42,24.8,0,3,0,0,1,1,0,0,117.5,120.1,0
0022200521,2022-23,2,4,17,1,35.4,MADE_BASKET,33-36,29.4,1,5,2,2,1,1,0,0,117.5,120.1,0
0022200521,2022-23,3,4,17,1,42.7,DREB,42-45,33.2,1,5,3,2,2,1,1,0,117.5,120.1,1
0022200522,2022-23,2,27,29,0,32.8,MADE_BASKET,30-33,8.8,0,-4,2,0,1,1,0,0,114.0,121.4,2
0022200523,2022-23,2,14,21,0,31.1,MADE_BASKET,30-33,9.0,0,0,4,0,2,1,1,0,118.8,107.9,4
0022200523,2022-23,3,14,21,0,34.2,DREB,33-36,21.2,0,1,1,0,1,1,0,0,118.8,107.9,1
0022200524,2022-23,1,5,15,1,40.7,MADE_BASKET,39-42,27.4,0,-5,2,0,2,1,1,0,111.3,112.7,2
0022200524,2022-23,2,15,5,0,31.3,MADE_BASKET,30-33,9.1,0,-1,2,0,1,1,0,0,118.9,118.5,2
0022200524,2022-23,3,5,15,1,36.8,DREB,36-39,31.0,1,5,2,0,2,1,1,0,111.3,112.7,2
0022200525,2022-23,1,28,27,1,38.5,MADE_BASKET,36-39,30.9,1,-2,0,0,2,1,1,0,117.8,115.3,0
0022200525,2022-23,3,28,27,1,30.2,MADE_BASKET,30-33,8.5,0,-13,0,3,1,0,0,0,117.8,115.3,-3
0022200526,2022-23,2,11,8,0,31.3,DREB,30-33,8.1,0,-2,0,2,2,1,1,0,118.3,113.6,-2
0022200526,2022-23,3,8,11,1,36.9,DREB,36-39,20.3,0,10,3,2,1,1,0,0,110.4,121.8,1
0022200527,2022-23,1,8,28,0,38.3,LIVE_TOV,36-39,32.4,1,-3,0,5,2,2,1,1,110.4,116.2,-5
0022200527,2022-23,3,8,28,0,37.5,DREB,36-39,17.3,0,9,0,0,1,1,0,0,110.4,116.2,0
0022200528,2022-23,2,27,3,1,38.1,DREB,36-39,29.8,1,15,2,0,2,2,1,1,114.0,118.0,2
0022200528,2022-23,3,3,27,0,43.7,DREB,42-45,31.0,1,-25,2,5,2,1,1,0,118.5,115.3,-3
0022200529,2022-23,1,14,26,0,30.4,DREB,30-33,9.2,0,-12,3,2,1,1,0,0,118.8,118.7,1
0022200529,2022-23,2,26,14,1,42.4,MADE_BASKET,42-45,33.8,1,9,0,0,2,1,1,0,113.0,119.9,0
0022200529,2022-23,3,26,14,1,36.0,MADE_BASKET,36-39,25.7,0,11,2,0,1,1,0,0,113.0,119.9,2
0022200530,2022-23,2,30,23,0,39.2,DREB,39-42,37.4,1,-10,0,2,2,1,1,0,112.3,118.1,-2
0022200530,2022-23,3,23,30,1,36.4,MADE_BASKET,36-39,24.0,0,11,3,0,2,1,1,0,112.7,112.5,3
0022200531,2022-23,1,9,17,0,34.7,MADE_BASKET,33-36,20.2,0,-15,0,2,1,1,0,0,116.7,120.1,-2
0022200531,2022-23,2,9,17,0,32.3,MADE_BASKET,30-33,19.6,0,-24,2,0,1,1,0,0,116.7,120.1,2
0022200531,2022-23,3,9,17,0,31.7,MADE_BASKET,30-33,10.1,0,-17,0,2,1,1,0,0,116.7,120.1,-2
0022200532,2022-23,1,9,12,0,44.0,DREB,42-45,33.8,1,-8,0,2,2,1,1,0,116.7,116.6,-2
0022200532,2022-23,2,12,9,1,34.9,DREB,33-36,33.1,1,9,0,2,2,2,1,1,111.9,118.2,-2
0022200532,2022-23,3,12,9,1,33.6,MADE_BASKET,33-36,13.6,0,14,3,0,1,1,0,0,111.9,118.2,3
0022200533,2022-23,2,26,10,0,43.3,DEAD_BALL,42-45,33.0,1,-10,0,3,2,1,1,0,113.0,113.5,-3
0022200533,2022-23,3,10,26,1,42.3,DREB,42-45,33.6,1,7,5,3,2,1,1,0,119.8,118.7,2
0022200534,2022-23,1,20,1,1,38.9,MADE_BASKET,36-39,32.1,1,-2,1,2,2,1,1,0,128.8,121.2,-1
0022200535,2022-23,1,23,3,1,35.5,MADE_BASKET,33-36,20.3,0,-19,2,3,2,1,1,0,112.7,118.0,-1
0022200535,2022-23,2,23,3,1,44.4,DREB,42-45,28.7,1,-17,3,0,2,1,1,0,112.7,118.0,3
0022200535,2022-23,3,3,23,0,34.2,MADE_BASKET,33-36,9.1,0,11,0,0,1,1,0,0,118.5,118.1,0
0022200536,2022-23,1,21,20,1,36.9,LIVE_TOV,36-39,33.0,1,13,1,0,2,1,1,0,118.7,114.8,1
0022200536,2022-23,2,20,21,0,30.5,DREB,30-33,18.4,0,-19,2,2,1,1,0,0,128.8,107.9,0
0022200537,2022-23,1,21,2,0,30.3,DREB,30-33,7.0,0,-2,2,2,1,1,0,0,118.7,119.0,0
0022200537,2022-23,2,21,2,0,38.4,MADE_BASKET,36-39,21.7,0,-9,2,3,1,1,0,0,118.7,119.0,-1
0022200537,2022-23,3,21,2,0,38.1,LIVE_TOV,36-39,31.0,1,-16,0,3,2,2,1,1,118.7,119.0,-3
0022200538,2022-23,1,18,9,0,39.7,LIVE_TOV,39-42,29.1,1,10,7,2,2,2,1,1,109.9,118.2,5
0022200538,2022-23,2,9,18,1,31.7,DREB,30-33,13.7,0,-16,2,0,1,1,0,0,116.7,118.0,2
0022200538,2022-23,3,18,9,0,43.2,MADE_BASKET,42-45,34.1,1,22,5,0,2,1,1,0,109.9,118.2,5
0022200539,2022-23,1,26,29,1,43.6,DREB,42-45,30.6,1,5,3,5,2,1,1,0,113.0,121.4,-2
0022200539,2022-23,2,26,29,1,33.2,MADE_BASKET,33-36,19.4,0,-4,3,0,2,1,1,0,113.0,121.4,3
0022200539,2022-23,3,29,26,0,39.4,MADE_BASKET,39-42,14.2,0,-2,2,0,1,1,0,0,119.3,118.7,2
0022200540,2022-23,3,26,27,1,34.1,DEAD_BALL,33-36,32.6,1,-1,0,0,2,1,1,0,113.0,115.3,0
0022200541,2022-23,1,1,24,0,43.4,MADE_BASKET,42-45,35.8,1,0,1,0,2,1,1,0,112.4,113.3,1
0022200541,2022-23,2,24,1,1,36.2,MADE_BASKET,36-39,33.2,1,-5,2,3,2,2,1,1,120.3,121.2,-1
0022200541,2022-23,3,1,24,0,40.5,MADE_BASKET,39-42,33.8,1,11,2,0,1,1,0,0,112.4,113.3,2
0022200542,2022-23,1,16,23,0,31.0,DREB,30-33,20.3,0,-5,3,0,1,1,0,0,121.8,118.1,3
0022200542,2022-23,2,23,16,1,38.0,DREB,36-39,29.4,1,13,0,3,2,1,1,0,112.7,110.0,-3
0022200542,2022-23,3,16,23,0,44.5,DREB,42-45,35.3,1,2,3,3,2,2,1,1,121.8,118.1,0
0022200543,2022-23,2,17,26,1,30.4,MADE_BASKET,30-33,5.9,0,9,0,0,1,1,0,0,121.1,118.7,0
0022200543,2022-23,3,26,17,0,39.9,DREB,39-42,30.5,1,-2,2,0,2,1,1,0,113.0,120.1,2
0022200544,2022-23,1,18,10,0,36.6,MADE_BASKET,36-39,30.1,1,-3,3,2,2,1,1,0,109.9,113.5,1
0022200544,2022-23,2,10,18,1,33.7,MADE_BASKET,33-36,18.9,0,-3,2,2,1,1,0,0,119.8,118.0,0
0022200544,2022-23,3,10,18,1,39.0,DREB,39-42,34.0,1,-3,0,2,2,2,1,1,119.8,118.0,-2
0022200545,2022-23,1,15,4,1,32.7,MADE_BASKET,30-33,8.4,0,-8,0,0,1,1,0,0,118.9,123.9,0
0022200545,2022-23,2,15,4,1,40.9,DREB,39-42,31.3,1,-7,5,2,2,1,1,0,118.9,123.9,3
0022200545,2022-23,3,4,15,0,36.9,MADE_BASKET,36-39,29.6,1,0,2,2,2,1,1,0,117.5,112.7,0
0022200546,2022-23,1,8,28,1,43.9,DREB,42-45,28.1,1,3,0,2,2,1,1,0,110.4,116.2,-2
0022200546,2022-23,3,28,8,0,40.8,MADE_BASKET,39-42,32.1,1,-14,0,2,2,1,1,0,117.8,113.6,-2
0022200547,2022-23,2,1,23,1,38.4,MADE_BASKET,36-39,23.5,0,-11,0,3,2,1,1,0,112.4,118.1,-3
0022200547,2022-23,3,1,23,1,30.7,MADE_BASKET,30-33,10.6,0,-12,0,0,1,1,0,0,112.4,118.1,0
0022200548,2022-23,1,17,12,1,30.5,DREB,30-33,12.8,0,-11,3,2,2,1,1,0,121.1,116.6,1
0022200548,2022-23,2,12,17,0,33.7,MADE_BASKET,33-36,31.0,1,4,2,2,2,1,1,0,111.9,120.1,0
0022200548,2022-23,3,17,12,1,44.2,DEAD_BALL,42-45,35.7,1,-3,3,2,2,1,1,0,121.1,116.6,1
0022200549,2022-23,1,9,25,1,33.5,MADE_BASKET,33-36,13.0,0,0,0,2,1,1,0,0,116.7,113.8,-2
0022200549,2022-23,2,25,9,0,34.6,DREB,33-36,32.6,1,1,0,2,2,1,1,0,113.7,118.2,-2
0022200549,2022-23,3,25,9,0,34.3,MADE_BASKET,33-36,29.0,1,-3,4,2,2,1,1,0,113.7,118.2,2
0022200550,2022-23,2,25,4,0,36.3,MADE_BASKET,36-39,34.3,1,-12,5,0,2,1,1,0,113.7,123.9,5
0022200551,2022-23,1,10,16,0,33.4,MADE_BASKET,33-36,14.0,0,1,0,0,1,1,0,0,119.8,110.0,0
0022200551,2022-23,2,10,16,0,34.3,MADE_BASKET,33-36,19.9,0,-3,0,0,1,1,0,0,119.8,110.0,0
0022200551,2022-23,3,16,10,1,37.1,MADE_BASKET,36-39,16.2,0,-6,2,3,2,1,1,0,121.8,113.5,-1
0022200552,2022-23,1,1,26,0,36.6,MADE_BASKET,36-39,29.5,1,7,2,3,2,1,1,0,112.4,118.7,-1
0022200552,2022-23,2,1,26,0,33.1,DREB,33-36,26.2,0,13,0,0,1,1,0,0,112.4,118.7,0
0022200552,2022-23,3,1,26,0,33.7,DREB,33-36,28.3,1,6,0,2,2,1,1,0,112.4,118.7,-2
0022200553,2022-23,1,7,22,1,31.3,MADE_BASKET,30-33,20.0,0,-3,2,2,1,1,0,0,113.2,117.1,0
0022200554,2022-23,1,18,8,1,37.4,MADE_BASKET,36-39,31.7,1,-4,6,2,2,1,1,0,109.9,113.6,4
0022200554,2022-23,2,18,8,1,34.4,DREB,33-36,32.3,1,9,0,2,3,2,1,1,109.9,113.6,-2
0022200554,2022-23,3,18,8,1,42.1,DREB,42-45,31.2,1,11,0,0,2,1,1,0,109.9,113.6,0
0022200555,2022-23,1,7,6,1,36.6,MADE_BASKET,36-39,31.4,1,-11,0,0,2,1,1,0,113.2,109.2,0
0022200555,2022-23,2,7,6,1,32.1,DREB,30-33,15.4,0,-10,2,0,2,1,1,0,113.2,109.2,2
0022200555,2022-23,3,6,7,0,45.0,LIVE_TOV,42-45,33.3,1,4,0,2,2,1,1,0,117.2,117.1,-2
0022200556,2022-23,2,26,20,1,41.7,DREB,39-42,28.5,1,15,0,3,2,1,1,0,113.0,114.8,-3
0022200557,2022-23,1,19,6,0,32.6,DREB,30-33,16.8,0,0,2,0,1,1,0,0,123.8,109.2,2
0022200557,2022-23,2,19,6,0,36.6,MADE_BASKET,36-39,14.5,0,-7,2,3,1,1,0,0,123.8,109.2,-1
0022200557,2022-23,3,19,6,0,30.7,MADE_BASKET,30-33,19.9,0,-9,0,0,1,1,0,0,123.8,109.2,0
0022200558,2022-23,1,8,6,1,33.6,MADE_BASKET,33-36,18.2,0,-2,0,0,1,1,0,0,110.4,109.2,0
0022200558,2022-23,2,8,6,1,38.9,DREB,36-39,36.5,1,-9,0,0,2,1,1,0,110.4,109.2,0
0022200558,2022-23,3,6,8,0,31.3,LIVE_TOV,30-33,23.6,0,8,2,3,1,1,0,0,117.2,113.6,-1
0022200559,2022-23,1,6,10,0,42.9,DREB,42-45,28.4,1,6,2,2,2,1,1,0,117.2,113.5,0
0022200559,2022-23,2,6,10,0,40.5,DREB,39-42,35.1,1,1,4,0,2,1,1,0,117.2,113.5,4
0022200559,2022-23,3,6,10,0,41.2,MADE_BASKET,39-42,29.8,1,5,0,1,2,1,1,0,117.2,113.5,-1
0022200560,2022-23,1,16,4,1,36.0,DEAD_BALL,36-39,27.8,0,3,2,2,2,1,1,0,121.8,123.9,0
0022200560,2022-23,2,16,4,1,40.6,DREB,39-42,30.5,1,1,0,2,2,1,1,0,121.8,123.9,-2
0022200560,2022-23,3,4,16,0,41.6,MADE_BASKET,39-42,31.2,1,8,2,0,1,1,0,0,117.5,110.0,2
0022200561,2022-23,1,17,11,0,40.4,DEAD_BALL,39-42,25.7,0,-6,0,0,2,1,1,0,121.1,121.8,0
0022200561,2022-23,2,11,17,1,39.4,DEAD_BALL,39-42,26.3,0,18,2,2,2,1,1,0,118.3,120.1,0
0022200561,2022-23,3,11,17,1,40.1,DEAD_BALL,39-42,37.4,1,19,1,1,2,1,1,0,118.3,120.1,0
0022200562,2022-23,1,22,13,1,32.4,MADE_BASKET,30-33,28.8,1,-9,0,0,1,1,0,0,117.1,103.4,0
0022200562,2022-23,2,22,13,1,37.3,DREB,36-39,22.6,0,-1,2,2,1,1,0,0,117.1,103.4,0
0022200562,2022-23,3,13,22,0,42.2,MADE_BASKET,42-45,28.6,1,-1,1,0,1,1,0,0,111.8,117.1,1
0022200563,2022-23,1,26,15,0,31.7,MADE_BASKET,30-33,8.3,0,0,2,2,2,1,1,0,113.0,112.7,0
0022200563,2022-23,2,26,15,0,30.4,DREB,30-33,8.5,0,3,2,3,2,1,1,0,113.0,112.7,-1
0022200563,2022-23,3,26,15,0,37.5,MADE_BASKET,36-39,31.9,1,2,4,2,2,1,1,0,113.0,112.7,2
0022200564,2022-23,1,19,21,1,40.8,LIVE_TOV,39-42,34.8,1,0,2,2,2,1,1,0,123.8,107.9,0
0022200564,2022-23,2,21,19,0,40.9,MADE_BASKET,39-42,30.8,1,-9,2,5,2,2,1,1,118.7,106.9,-3
0022200564,2022-23,3,19,21,1,39.4,MADE_BASKET,39-42,25.5,0,17,3,2,1,1,0,0,123.8,107.9,1
0022200565,2022-23,1,28,14,0,43.3,MADE_BASKET,42-45,29.8,1,-5,2,0,2,1,1,0,117.8,119.9,2
0022200565,2022-23,2,28,14,0,44.8,LIVE_TOV,42-45,33.4,1,-1,2,0,1,1,0,0,117.8,119.9,2
0022200565,2022-23,3,28,14,0,37.3,DREB,36-39,13.8,0,-3,2,0,1,1,0,0,117.8,119.9,2
0022200566,2022-23,1,13,21,0,34.8,DREB,33-36,32.2,1,2,1,0,2,1,1,0,111.8,107.9,1
0022200566,2022-23,2,21,13,1,33.1,MADE_BASKET,33-36,28.9,1,3,2,3,2,2,1,1,118.7,103.4,-1
0022200566,2022-23,3,21,13,1,40.7,MADE_BASKET,39-42,23.7,0,-8,0,0,1,1,0,0,118.7,103.4,0
0022200567,2022-23,1,26,15,0,32.6,DREB,30-33,20.3,0,-2,0,0,1,1,0,0,113.0,112.7,0
0022200567,2022-23,2,15,26,1,41.1,DREB,39-42,34.1,1,-6,4,0,2,2,1,1,118.9,118.7,4
0022200567,2022-23,3,15,26,1,33.8,DREB,33-36,15.3,0,-3,2,2,2,1,1,0,118.9,118.7,0
0022200568,2022-23,1,1,10,0,32.2,MADE_BASKET,30-33,9.7,0,-2,2,2,1,1,0,0,112.4,113.5,0
0022200568,2022-23,3,1,10,0,41.1,DREB,39-42,30.8,1,-1,2,0,2,1,1,0,112.4,113.5,2
0022200569,2022-23,2,22,17,1,36.5,LIVE_TOV,36-39,28.1,1,-10,2,0,2,1,1,0,117.1,120.1,2
0022200569,2022-23,3,17,22,0,33.0,MADE_BASKET,33-36,13.5,0,-2,3,0,1,1,0,0,121.1,117.1,3
0022200570,2022-23,1,20,19,1,43.2,MADE_BASKET,42-45,32.8,1,-12,2,2,1,1,0,0,128.8,106.9,0
0022200570,2022-23,2,19,20,0,36.7,DREB,36-39,21.7,0,15,3,3,1,1,0,0,123.8,114.8,0
0022200570,2022-23,3,20,19,1,38.5,DREB,36-39,29.5,1,-12,2,2,2,1,1,0,128.8,106.9,0
0022200571,2022-23,2,24,23,1,39.6,MADE_BASKET,39-42,30.6,1,-9,2,2,2,1,1,0,120.3,118.1,0
0022200572,2022-23,1,5,20,0,41.6,DREB,39-42,39.4,1,-9,3,0,2,2,1,1,111.3,114.8,3
0022200572,2022-23,2,5,20,0,35.0,MADE_BASKET,33-36,17.4,0,-15,3,2,1,1,0,0,111.3,114.8,1
0022200572,2022-23,3,20,5,1,36.6,DREB,36-39,23.5,0,10,3,2,2,1,1,0,128.8,118.5,1
0022200573,2022-23,1,30,9,0,44.7,DREB,42-45,31.1,1,7,3,0,2,1,1,0,112.3,118.2,3
0022200573,2022-23,2,30,9,0,34.9,MADE_BASKET,33-36,31.0,1,5,3,0,2,1,1,0,112.3,118.2,3
0022200573,2022-23,3,30,9,0,36.1,MADE_BASKET,36-39,32.2,1,6,3,2,2,1,1,0,112.3,118.2,1
0022200574,2022-23,1,5,8,1,31.5,MADE_BASKET,30-33,8.3,0,-4,3,2,1,1,0,0,111.3,113.6,1
0022200574,2022-23,3,5,8,1,40.4,MADE_BASKET,39-42,34.8,1,-16,5,2,2,1,1,0,111.3,113.6,3
0022200575,2022-23,1,17,16,0,31.4,MADE_BASKET,30-33,6.5,0,-5,0,0,1,1,0,0,121.1,110.0,0
0022200575,2022-23,2,16,17,1,31.2,DREB,30-33,14.8,0,2,5,0,1,1,0,0,121.8,120.1,5
0022200575,2022-23,3,16,17,1,30.8,DREB,30-33,25.8,0,12,0,0,1,1,0,0,121.8,120.1,0
0022200576,2022-23,2,27,7,0,30.8,LIVE_TOV,30-33,22.4,0,0,2,0,1,1,0,0,114.0,117.1,2
0022200576,2022-23,3,27,7,0,44.7,MADE_BASKET,42-45,25.5,0,1,0,2,2,1,1,0,114.0,117.1,-2
0022200577,2022-23,1,28,3,1,31.6,DEAD_BALL,30-33,22.1,0,9,2,0,1,1,0,0,117.8,118.0,2
0022200577,2022-23,2,28,3,1,35.3,MADE_BASKET,33-36,16.1,0,7,2,2,1,1,0,0,117.8,118.0,0
0022200577,2022-23,3,3,28,0,32.8,DREB,30-33,22.8,0,-17,0,2,1,1,0,0,118.5,116.2,-2
0022200578,2022-23,1,6,30,1,43.0,LIVE_TOV,42-45,38.5,1,8,2,0,2,1,1,0,117.2,112.5,2
0022200578,2022-23,2,6,30,1,32.4,MADE_BASKET,30-33,7.6,0,4,3,2,2,1,1,0,117.2,112.5,1
0022200578,2022-23,3,6,30,1,33.6,MADE_BASKET,33-36,12.6,0,0,2,3,1,1,0,0,117.2,112.5,-1
0022200579,2022-23,1,9,28,0,39.8,DREB,39-42,29.9,1,1,2,3,2,1,1,0,116.7,116.2,-1
0022200579,2022-23,3,9,28,0,43.4,MADE_BASKET,42-45,30.8,1,-10,5,0,2,1,1,0,116.7,116.2,5
0022200580,2022-23,3,24,18,1,40.0,MADE_BASKET,39-42,33.3,1,-33,3,2,2,2,1,1,120.3,118.0,1
0022200581,2022-23,1,20,18,0,43.8,MADE_BASKET,42-45,28.9,1,-16,0,2,2,1,1,0,128.8,118.0,-2
0022200581,2022-23,2,20,18,0,35.4,DREB,33-36,16.2,0,-18,3,0,1,1,0,0,128.8,118.0,3
0022200581,2022-23,3,18,20,1,34.3,LIVE_TOV,33-36,27.5,0,8,5,0,2,1,1,0,109.9,114.8,5
0022200582,2022-23,1,8,25,1,41.2,DREB,39-42,27.5,0,-1,0,0,2,1,1,0,110.4,113.8,0
0022200583,2022-23,1,9,6,1,43.9,MADE_BASKET,42-45,32.2,1,-13,3,2,2,2,1,1,116.7,109.2,1
0022200583,2022-23,2,6,9,0,41.7,DREB,39-42,32.3,1,2,3,2,2,1,1,0,117.2,118.2,1
0022200583,2022-23,3,6,9,0,43.9,MADE_BASKET,42-45,33.9,1,3,2,2,3,2,1,1,117.2,118.2,0
0022200584,2022-23,1,2,15,0,32.8,MADE_BASKET,30-33,17.3,0,0,3,0,1,1,0,0,118.0,112.7,3
0022200584,2022-23,2,15,2,1,43.2,LIVE_TOV,42-45,34.2,1,-13,2,0,2,1,1,0,118.9,119.0,2
0022200584,2022-23,3,2,15,0,32.3,DREB,30-33,16.0,0,20,2,0,1,1,0,0,118.0,112.7,2
0022200585,2022-23,1,12,14,1,43.6,MADE_BASKET,42-45,30.0,1,0,0,3,2,1,1,0,111.9,119.9,-3
0022200585,2022-23,2,14,12,0,42.1,MADE_BASKET,42-45,29.2,1,7,0,2,2,1,1,0,118.8,116.6,-2
0022200585,2022-23,3,12,14,1,42.1,MADE_BASKET,42-45,31.8,1,-22,0,2,2,1,1,0,111.9,119.9,-2
0022200586,2022-23,1,24,7,0,36.8,DREB,36-39,19.8,0,8,2,2,1,1,0,0,120.3,117.1,0
0022200586,2022-23,2,24,7,0,41.4,MADE_BASKET,39-42,37.0,1,2,2,5,3,2,1,1,120.3,117.1,-3
0022200586,2022-23,3,7,24,1,30.3,LIVE_TOV,30-33,18.1,0,16,2,1,2,1,1,0,113.2,113.3,1
0022200587,2022-23,1,1,16,0,42.5,MADE_BASKET,42-45,30.1,1,-10,0,2,2,1,1,0,112.4,110.0,-2
0022200587,2022-23,2,16,1,1,34.3,DREB,33-36,28.1,1,12,2,2,2,1,1,0,121.8,121.2,0
0022200587,2022-23,3,1,16,0,34.0,MADE_BASKET,33-36,17.7,0,-10,3,0,1,1,0,0,112.4,110.0,3
0022200588,2022-23,1,15,24,0,41.9,DREB,39-42,32.1,1,8,0,2,2,1,1,0,118.9,113.3,-2
0022200588,2022-23,3,15,24,0,42.4,DREB,42-45,33.5,1,0,5,0,2,2,1,1,118.9,113.3,5
0022200589,2022-23,1,25,22,1,32.6,MADE_BASKET,30-33,9.0,0,-9,0,3,1,1,0,0,113.7,117.1,-3
0022200589,2022-23,2,25,22,1,37.5,DREB,36-39,33.2,1,-14,3,0,2,2,1,1,113.7,117.1,3
0022200589,2022-23,3,22,25,0,40.5,DREB,39-42,32.2,1,23,2,3,2,1,1,0,117.1,113.8,-1
0022200590,2022-23,1,18,6,0,37.7,MADE_BASKET,36-39,29.8,1,0,2,3,2,2,1,1,109.9,109.2,-1
0022200590,2022-23,2,18,6,0,42.7,DREB,42-45,30.3,1,-1,0,2,1,1,0,0,109.9,109.2,-2
0022200590,2022-23,3,18,6,0,44.0,MADE_BASKET,42-45,34.5,1,-3,0,2,2,2,1,1,109.9,109.2,-2
0022200591,2022-23,1,3,14,0,38.9,MADE_BASKET,36-39,19.2,0,-3,3,0,2,1,1,0,118.5,119.9,3
0022200591,2022-23,2,3,14,0,37.5,MADE_BASKET,36-39,34.7,1,-5,2,3,2,1,1,0,118.5,119.9,-1
0022200591,2022-23,3,3,14,0,37.5,DREB,36-39,26.7,0,-14,2,0,1,1,0,0,118.5,119.9,2
0022200592,2022-23,1,9,20,0,33.5,MADE_BASKET,33-36,24.6,0,3,2,0,1,1,0,0,116.7,114.8,2
0022200592,2022-23,2,9,20,0,38.6,MADE_BASKET,36-39,25.9,0,6,2,0,1,1,0,0,116.7,114.8,2
0022200592,2022-23,3,9,20,0,39.7,MADE_BASKET,39-42,34.3,1,-6,1,0,2,1,1,0,116.7,114.8,1
0022200593,2022-23,1,23,26,1,32.1,DEAD_BALL,30-33,17.5,0,3,3,0,1,1,0,0,112.7,118.7,3
0022200593,2022-23,2,23,26,1,43.4,MADE_BASKET,42-45,31.4,1,2,2,0,2,2,1,1,112.7,118.7,2
0022200593,2022-23,3,23,26,1,44.1,LIVE_TOV,42-45,32.7,1,2,2,0,2,1,1,0,112.7,118.7,2
0022200594,2022-23,1,14,27,0,39.9,MADE_BASKET,39-42,22.4,0,6,0,2,1,1,0,0,118.8,115.3,-2
0022200594,2022-23,2,27,14,1,33.7,DREB,33-36,13.2,0,4,3,2,1,1,0,0,114.0,119.9,1
0022200594,2022-23,3,27,14,1,44.8,LIVE_TOV,42-45,30.7,1,6,2,1,1,1,0,0,114.0,119.9,1
0022200595,2022-23,1,1,24,1,33.3,DREB,33-36,19.9,0,0,2,0,1,1,0,0,112.4,113.3,2
0022200596,2022-23,1,9,11,0,35.0,DREB,33-36,30.6,1,-5,2,0,2,1,1,0,116.7,121.8,2
0022200596,2022-23,2,9,11,0,41.3,MADE_BASKET,39-42,29.3,1,-3,4,0,2,2,1,1,116.7,121.8,4
0022200596,2022-23,3,11,9,1,30.4,LIVE_TOV,30-33,19.7,0,2,2,1,2,1,1,0,118.3,118.2,1
0022200597,2022-23,1,5,10,0,32.8,MADE_BASKET,30-33,12.8,0,-2,0,0,1,1,0,0,111.3,113.5,0
0022200597,2022-23,2,10,5,1,34.2,MADE_BASKET,33-36,11.9,0,4,0,0,1,1,0,0,119.8,118.5,0
0022200597,2022-23,3,5,10,0,43.8,DREB,42-45,35.8,1,-4,4,0,2,1,1,0,111.3,113.5,4
0022200598,2022-23,1,4,29,0,42.1,DREB,42-45,32.7,1,-1,3,2,2,1,1,0,117.5,121.4,1
0022200598,2022-23,2,4,29,0,43.1,MADE_BASKET,42-45,29.5,1,-2,0,2,2,1,1,0,117.5,121.4,-2
0022200598,2022-23,3,29,4,1,42.6,DREB,42-45,30.3,1,-5,3,0,2,1,1,0,119.3,123.9,3
0022200599,2022-23,1,30,22,1,37.9,DREB,36-39,34.9,1,-3,0,2,2,1,1,0,112.3,117.1,-2
0022200599,2022-23,2,22,30,0,33.5,DEAD_BALL,33-36,22.0,0,1,0,2,1,1,0,0,117.1,112.5,-2
0022200600,2022-23,1,6,13,0,42.5,MADE_BASKET,42-45,35.3,1,7,0,0,2,1,1,0,117.2,103.4,0
0022200600,2022-23,2,6,13,0,31.2,DREB,30-33,28.8,1,3,3,2,2,1,1,0,117.2,103.4,1
0022200600,2022-23,3,6,13,0,38.6,MADE_BASKET,36-39,23.1,0,4,0,0,1,1,0,0,117.2,103.4,0
0022200601,2022-23,1,5,22,1,34.3,MADE_BASKET,33-36,29.4,1,-5,0,3,2,1,1,0,111.3,117.1,-3
0022200601,2022-23,2,5,22,1,42.8,MADE_BASKET,42-45,34.1,1,-12,1,3,2,2,1,1,111.3,117.1,-2
0022200601,2022-23,3,22,5,0,41.4,DREB,39-42,28.6,1,15,4,0,2,1,1,0,117.1,118.5,4
0022200602,2022-23,1,12,17,1,36.5,MADE_BASKET,36-39,29.0,1,-15,3,3,2,1,1,0,111.9,120.1,0
0022200603,2022-23,1,3,10,0,42.7,LIVE_TOV,42-45,30.5,1,8,2,0,2,1,1,0,118.5,113.5,2
0022200603,2022-23,2,10,3,1,38.1,DREB,36-39,29.5,1,-8,2,3,2,1,1,0,119.8,118.0,-1
0022200603,2022-23,3,3,10,0,38.7,DREB,36-39,30.1,1,10,0,3,2,1,1,0,118.5,113.5,-3
0022200604,2022-23,1,30,26,0,42.6,LIVE_TOV,42-45,29.7,1,-20,5,0,2,1,1,0,112.3,118.7,5
0022200604,2022-23,2,26,30,1,33.5,DREB,33-36,29.8,1,11,0,0,2,1,1,0,113.0,112.5,0
0022200604,2022-23,3,26,30,1,33.9,MADE_BASKET,33-36,29.2,1,12,2,0,2,1,1,0,113.0,112.5,2
0022200605,2022-23,1,14,11,0,33.6,MADE_BASKET,33-36,14.1,0,-1,0,2,2,1,1,0,118.8,121.8,-2
0022200605,2022-23,2,11,14,1,37.9,DREB,36-39,16.2,0,6,2,0,1,1,0,0,118.3,119.9,2
0022200606,2022-23,1,3,7,1,40.9,LIVE_TOV,39-42,28.4,1,-4,0,2,2,1,1,0,118.5,117.1,-2
0022200606,2022-23,2,7,3,0,37.1,DREB,36-39,32.8,1,4,5,0,2,1,1,0,113.2,118.0,5
0022200606,2022-23,3,7,3,0,33.8,DREB,33-36,19.0,0,3,0,0,1,1,0,0,113.2,118.0,0
0022200607,2022-23,1,13,10,0,44.8,DEAD_BALL,42-45,43.1,1,9,0,1,3,2,1,1,111.8,113.5,-1
0022200607,2022-23,2,13,10,0,32.4,MADE_BASKET,30-33,22.1,0,-3,3,2,1,1,0,0,111.8,113.5,1
0022200608,2022-23,1,8,10,0,45.0,DREB,42-45,37.7,1,7,3,0,2,2,1,1,110.4,113.5,3
0022200608,2022-23,2,10,8,1,33.5,MADE_BASKET,33-36,29.4,1,-9,0,2,2,2,1,1,119.8,113.6,-2
0022200609,2022-23,1,14,23,0,42.6,MADE_BASKET,42-45,31.0,1,8,0,3,2,1,1,0,118.8,118.1,-3
0022200609,2022-23,2,14,23,0,38.9,MADE_BASKET,36-39,19.9,0,5,3,0,1,1,0,0,118.8,118.1,3
0022200609,2022-23,3,23,14,1,30.3,DREB,30-33,7.8,0,0,1,0,1,1,0,0,112.7,119.9,1
0022200610,2022-23,2,29,16,1,37.8,MADE_BASKET,36-39,30.3,1,-5,2,2,2,1,1,0,119.3,110.0,0
0022200610,2022-23,3,16,29,0,33.4,MADE_BASKET,33-36,11.7,0,-11,2,2,1,1,0,0,121.8,121.4,0
0022200611,2022-23,1,2,12,1,30.8,MADE_BASKET,30-33,15.3,0,6,3,0,1,1,0,0,118.0,116.6,3
0022200611,2022-23,2,12,2,0,32.9,MADE_BASKET,30-33,28.4,1,-15,0,2,2,1,1,0,111.9,119.0,-2
0022200611,2022-23,3,12,2,0,36.3,MADE_BASKET,36-39,33.8,1,-21,3,1,2,2,1,1,111.9,119.0,2
0022200612,2022-23,1,10,7,0,43.9,DEAD_BALL,42-45,33.6,1,-6,3,2,2,2,1,1,119.8,117.1,1
0022200612,2022-23,2,10,7,0,43.1,MADE_BASKET,42-45,37.9,1,-10,3,0,2,1,1,0,119.8,117.1,3
0022200612,2022-23,3,7,10,1,32.6,DREB,30-33,15.2,0,7,3,2,1,1,0,0,113.2,113.5,1
0022200613,2022-23,1,23,11,1,32.6,DREB,30-33,12.7,0,-9,0,0,1,1,0,0,112.7,121.8,0
0022200613,2022-23,2,11,23,0,41.4,MADE_BASKET,39-42,30.5,1,1,0,0,1,1,0,0,118.3,118.1,0
0022200613,2022-23,3,23,11,1,37.8,MADE_BASKET,36-39,22.1,0,-16,3,3,1,1,0,0,112.7,121.8,0
0022200614,2022-23,1,20,13,1,34.6,DREB,33-36,21.6,0,8,2,0,1,1,0,0,128.8,103.4,2
0022200614,2022-23,2,20,13,1,41.5,MADE_BASKET,39-42,29.5,1,13,2,2,1,1,0,0,128.8,103.4,0
0022200614,2022-23,3,13,20,0,33.1,MADE_BASKET,33-36,18.5,0,-28,3,2,1,1,0,0,111.8,114.8,1
0022200615,2022-23,1,14,12,1,35.9,MADE_BASKET,33-36,32.0,1,5,2,0,2,2,1,1,118.8,116.6,2
0022200615,2022-23,2,12,14,0,44.6,MADE_BASKET,42-45,34.2,1,-3,2,2,2,1,1,0,111.9,119.9,0
0022200615,2022-23,3,12,14,0,38.6,MADE_BASKET,36-39,23.6,0,-1,2,0,1,1,0,0,111.9,119.9,2
0022200616,2022-23,1,21,3,1,39.9,LIVE_TOV,39-42,29.1,1,-2,2,0,2,1,1,0,118.7,118.0,2
0022200616,2022-23,2,21,3,1,37.2,DREB,36-39,33.2,1,-3,2,2,2,1,1,0,118.7,118.0,0
0022200616,2022-23,3,21,3,1,40.8,DREB,39-42,38.8,1,-11,2,4,3,2,1,1,118.7,118.0,-2
0022200617,2022-23,1,6,5,1,37.4,MADE_BASKET,36-39,31.9,1,6,3,2,2,1,1,0,117.2,118.5,1
0022200617,2022-23,2,6,5,1,33.1,DREB,33-36,18.7,0,14,0,0,1,1,0,0,117.2,118.5,0
0022200618,2022-23,1,9,8,0,35.9,MADE_BASKET,33-36,24.3,0,4,0,0,1,1,0,0,116.7,113.6,0
0022200618,2022-23,2,8,9,1,33.9,DREB,33-36,31.4,1,2,3,0,2,2,1,1,110.4,118.2,3
0022200618,2022-23,3,8,9,1,40.8,DREB,39-42,30.9,1,0,3,2,2,1,1,0,110.4,118.2,1
0022200619,2022-23,1,15,12,0,31.5,MADE_BASKET,30-33,6.6,0,7,2,0,1,1,0,0,118.9,116.6,2
0022200619,2022-23,2,15,12,0,44.3,DREB,42-45,31.2,1,5,0,2,1,1,0,0,118.9,116.6,-2
0022200619,2022-23,3,12,15,1,38.3,MADE_BASKET,36-39,17.8,0,-5,0,0,1,1,0,0,111.9,112.7,0
0022200620,2022-23,1,1,9,0,32.6,DREB,30-33,18.3,0,4,2,3,1,1,0,0,112.4,118.2,-1
0022200620,2022-23,2,1,9,0,33.3,DREB,33-36,26.0,0,10,2,2,1,1,0,0,112.4,118.2,0
0022200620,2022-23,3,1,9,0,42.3,MADE_BASKET,42-45,20.5,0,3,0,2,2,1,1,0,112.4,118.2,-2
0022200621,2022-23,1,21,27,0,39.8,DREB,39-42,21.9,0,3,2,0,1,1,0,0,118.7,115.3,2
0022200621,2022-23,2,27,21,1,41.2,MADE_BASKET,39-42,30.9,1,-10,0,2,2,1,1,0,114.0,107.9,-2
0022200621,2022-23,3,27,21,1,36.9,MADE_BASKET,36-39,19.9,0,-13,2,0,1,1,0,0,114.0,107.9,2
0022200622,2022-23,1,26,5,0,44.9,MADE_BASKET,42-45,34.0,1,3,3,2,2,1,1,0,113.0,118.5,1
0022200622,2022-23,3,5,26,1,30.7,MADE_BASKET,30-33,9.3,0,-8,2,0,1,1,0,0,111.3,118.7,2
0022200623,2022-23,1,28,17,0,39.3,MADE_BASKET,39-42,24.6,0,1,0,3,1,1,0,0,117.8,120.1,-3
0022200623,2022-23,2,17,28,1,45.0,DREB,42-45,28.8,1,-10,6,2,2,2,1,1,121.1,116.2,4
0022200623,2022-23,3,28,17,0,36.1,DREB,36-39,33.6,1,6,0,0,1,1,0,0,117.8,120.1,0
0022200624,2022-23,1,8,11,0,44.0,MADE_BASKET,42-45,35.0,1,-6,0,2,2,1,1,0,110.4,121.8,-2
0022200624,2022-23,2,11,8,1,39.8,LIVE_TOV,39-42,28.8,1,15,2,2,2,1,1,0,118.3,113.6,0
0022200624,2022-23,3,11,8,1,32.0,MADE_BASKET,30-33,18.4,0,11,2,2,2,1,1,0,118.3,113.6,0
0022200625,2022-23,1,19,22,1,43.8,MADE_BASKET,42-45,23.5,0,5,0,0,2,1,1,0,123.8,117.1,0
0022200625,2022-23,3,22,19,0,34.0,DREB,33-36,30.9,1,9,3,0,2,1,1,0,117.1,106.9,3
0022200626,2022-23,1,21,27,1,30.1,MADE_BASKET,30-33,6.5,0,1,0,3,1,1,0,0,118.7,115.3,-3
0022200626,2022-23,3,21,27,1,43.8,MADE_BASKET,42-45,30.0,1,-3,2,0,1,1,0,0,118.7,115.3,2
0022200627,2022-23,1,16,15,1,30.8,DREB,30-33,11.3,0,11,2,2,1,1,0,0,121.8,112.7,0
0022200627,2022-23,2,15,16,0,30.7,DREB,30-33,7.2,0,-10,2,0,1,1,0,0,118.9,110.0,2
0022200627,2022-23,3,16,15,1,42.5,DEAD_BALL,42-45,29.8,1,13,0,2,1,1,0,0,121.8,112.7,-2
0022200628,2022-23,1,20,13,1,38.1,MADE_BASKET,36-39,33.4,1,-5,2,0,2,1,1,0,128.8,103.4,2
0022200628,2022-23,3,20,13,1,33.2,DREB,33-36,12.7,0,-8,0,0,1,1,0,0,128.8,103.4,0
0022200629,2022-23,2,9,16,1,32.1,MADE_BASKET,30-33,7.6,0,6,2,0,1,1,0,0,116.7,110.0,2
0022200629,2022-23,3,9,16,1,33.9,DREB,33-36,24.1,0,11,2,0,1,1,0,0,116.7,110.0,2
0022200630,2022-23,1,6,7,1,33.5,DREB,33-36,30.9,1,6,4,1,2,1,1,0,117.2,117.1,3
0022200630,2022-23,3,7,6,0,38.2,MADE_BASKET,36-39,31.6,1,-11,0,2,2,1,1,0,113.2,109.2,-2
0022200631,2022-23,1,5,18,0,30.2,MADE_BASKET,30-33,7.7,0,-3,0,0,1,1,0,0,111.3,118.0,0
0022200631,2022-23,3,5,18,0,38.0,LIVE_TOV,36-39,29.6,1,-8,0,2,2,1,1,0,111.3,118.0,-2
0022200632,2022-23,1,27,30,1,41.9,MADE_BASKET,39-42,34.6,1,0,5,1,2,2,1,1,114.0,112.5,4
0022200633,2022-23,1,23,3,0,34.6,MADE_BASKET,33-36,18.6,0,-16,0,2,1,1,0,0,112.7,118.0,-2
0022200633,2022-23,2,23,3,0,37.6,MADE_BASKET,36-39,30.0,1,-24,3,0,2,1,1,0,112.7,118.0,3
0022200634,2022-23,1,6,4,1,38.7,DREB,36-39,23.7,0,-5,2,0,1,1,0,0,117.2,123.9,2
0022200634,2022-23,2,4,6,0,40.4,DREB,39-42,35.8,1,2,5,2,3,2,1,1,117.5,109.2,3
0022200635,2022-23,1,30,2,0,31.4,DREB,30-33,18.4,0,1,0,0,1,1,0,0,112.3,119.0,0
0022200635,2022-23,2,2,30,1,36.4,LIVE_TOV,36-39,29.0,1,4,0,0,2,1,1,0,118.0,112.5,0
0022200635,2022-23,3,30,2,0,37.2,DREB,36-39,28.6,1,-13,0,0,2,1,1,0,112.3,119.0,0
0022200636,2022-23,1,16,25,1,43.0,MADE_BASKET,42-45,30.4,1,-5,2,2,2,1,1,0,121.8,113.8,0
0022200636,2022-23,2,16,25,1,32.1,DREB,30-33,17.8,0,-11,2,0,1,1,0,0,121.8,113.8,2
0022200636,2022-23,3,25,16,0,35.0,DREB,33-36,31.4,1,15,2,0,2,2,1,1,113.7,110.0,2
0022200637,2022-23,1,12,11,0,33.6,DEAD_BALL,33-36,25.9,0,8,2,2,2,1,1,0,111.9,121.8,0
0022200637,2022-23,2,12,11,0,34.8,DREB,33-36,30.2,1,14,2,0,2,1,1,0,111.9,121.8,2
0022200637,2022-23,3,12,11,0,45.0,MADE_BASKET,42-45,29.0,1,21,2,0,2,1,1,0,111.9,121.8,2
0022200638,2022-23,1,21,2,1,31.8,MADE_BASKET,30-33,13.7,0,-4,6,1,2,1,1,0,118.7,119.0,5
0022200638,2022-23,2,2,21,0,41.9,DREB,39-42,33.8,1,-12,5,0,2,2,1,1,118.0,107.9,5
0022200638,2022-23,3,2,21,0,42.6,DREB,42-45,34.1,1,-5,2,0,2,1,1,0,118.0,107.9,2
0022200639,2022-23,1,12,21,0,36.1,DEAD_BALL,36-39,34.1,1,8,0,0,2,1,1,0,111.9,107.9,0
0022200639,2022-23,2,12,21,0,34.2,DREB,33-36,24.2,0,12,0,3,1,1,0,0,111.9,107.9,-3
0022200639,2022-23,3,21,12,1,39.2,DREB,39-42,31.4,1,-3,3,3,2,2,1,1,118.7,116.6,0
0022200640,2022-23,1,23,19,1,35.3,DEAD_BALL,33-36,23.8,0,13,0,3,2,1,1,0,112.7,106.9,-3
0022200640,2022-23,2,23,19,1,36.7,DREB,36-39,22.7,0,21,0,0,1,1,0,0,112.7,106.9,0
0022200640,2022-23,3,23,19,1,32.2,DREB,30-33,12.5,0,12,1,0,1,1,0,0,112.7,106.9,1
0022200641,2022-23,1,14,27,1,32.9,MADE_BASKET,30-33,15.6,0,0,3,0,1,1,0,0,118.8,115.3,3
0022200641,2022-23,2,27,14,0,44.8,DREB,42-45,32.2,1,3,1,2,1,1,0,0,114.0,119.9,-1
0022200641,2022-23,3,14,27,1,34.0,MADE_BASKET,33-36,19.3,0,-2,6,3,2,1,1,0,118.8,115.3,3
0022200642,2022-23,1,28,25,0,31.7,MADE_BASKET,30-33,15.4,0,1,3,0,1,1,0,0,117.8,113.8,3
0022200642,2022-23,3,25,28,1,39.9,DREB,39-42,33.2,1,-15,2,0,2,1,1,0,113.7,116.2,2
0022200643,2022-23,1,26,28,0,31.9,DREB,30-33,28.6,1,1,6,3,2,1,1,0,113.0,116.2,3
0022200643,2022-23,2,26,28,0,40.6,MADE_BASKET,39-42,30.5,1,-1,0,0,2,1,1,0,113.0,116.2,0
0022200643,2022-23,3,28,26,1,43.7,MADE_BASKET,42-45,33.1,1,-3,2,0,2,1,1,0,117.8,118.7,2
0022200644,2022-23,1,13,19,0,39.9,MADE_BASKET,39-42,26.1,0,-9,0,2,2,1,1,0,111.8,106.9,-2
0022200644,2022-23,2,13,19,0,44.8,MADE_BASKET,42-45,29.3,1,-5,0,3,2,1,1,0,111.8,106.9,-3
0022200644,2022-23,3,13,19,0,36.9,LIVE_TOV,36-39,25.0,0,-11,2,0,1,1,0,0,111.8,106.9,2
0022200645,2022-23,1,23,10,0,36.0,MADE_BASKET,36-39,25.8,0,1,0,0,2,1,1,0,112.7,113.5,0
0022200645,2022-23,2,23,10,0,40.6,DREB,39-42,36.0,1,-7,0,3,2,2,1,1,112.7,113.5,-3
0022200645,2022-23,3,10,23,1,41.7,MADE_BASKET,39-42,31.7,1,9,3,3,2,1,1,0,119.8,118.1,0
0022200646,2022-23,1,9,26,0,40.5,MADE_BASKET,39-42,26.3,0,-12,2,2,2,1,1,0,116.7,118.7,0
0022200646,2022-23,2,26,9,1,37.7,MADE_BASKET,36-39,18.4,0,4,0,0,1,1,0,0,113.0,118.2,0
0022200646,2022-23,3,26,9,1,33.4,MADE_BASKET,33-36,17.8,0,-2,2,0,1,1,0,0,113.0,118.2,2
0022200647,2022-23,1,1,16,1,39.7,MADE_BASKET,39-42,33.8,1,-6,3,0,2,2,1,1,112.4,110.0,3
0022200647,2022-23,3,16,1,0,36.3,MADE_BASKET,36-39,32.4,1,0,3,3,2,2,1,1,121.8,121.2,0
0022200648,2022-23,1,28,14,1,34.5,DREB,33-36,31.2,1,12,6,0,2,1,1,0,117.8,119.9,6
0022200648,2022-23,2,14,28,0,40.5,MADE_BASKET,39-42,35.5,1,-13,2,0,2,2,1,1,118.8,116.2,2
0022200648,2022-23,3,28,14,1,38.3,LIVE_TOV,36-39,29.2,1,2,6,0,2,1,1,0,117.8,119.9,6
0022200649,2022-23,1,16,24,0,34.1,MADE_BASKET,33-36,13.9,0,1,0,0,1,1,0,0,121.8,113.3,0
0022200649,2022-23,2,24,16,1,38.2,DREB,36-39,34.7,1,7,0,3,2,1,1,0,120.3,110.0,-3
0022200649,2022-23,3,24,16,1,33.9,DREB,33-36,29.6,1,10,2,0,2,1,1,0,120.3,110.0,2
0022200650,2022-23,1,28,16,1,31.0,DREB,30-33,8.0,0,1,0,0,1,1,0,0,117.8,110.0,0
0022200650,2022-23,2,16,28,0,40.2,MADE_BASKET,39-42,31.0,1,-3,4,2,2,1,1,0,121.8,116.2,2
0022200650,2022-23,3,28,16,1,39.1,DEAD_BALL,39-42,35.2,1,0,0,0,2,2,1,1,117.8,110.0,0
0022200651,2022-23,1,8,5,1,34.0,MADE_BASKET,33-36,21.2,0,-3,0,1,1,1,0,0,110.4,118.5,-1
0022200651,2022-23,2,5,8,0,33.9,DREB,33-36,19.6,0,-1,1,0,1,1,0,0,111.3,113.6,1
0022200651,2022-23,3,8,5,1,37.9,MADE_BASKET,36-39,34.0,1,-5,4,0,2,2,1,1,110.4,118.5,4
0022200652,2022-23,3,24,17,0,37.2,DREB,36-39,33.8,1,13,3,2,1,1,0,0,120.3,120.1,1
0022200653,2022-23,1,26,12,0,39.8,DREB,39-42,29.3,1,-3,2,3,2,1,1,0,113.0,116.6,-1
0022200653,2022-23,2,26,12,0,33.0,DREB,33-36,31.4,1,2,3,0,2,1,1,0,113.0,116.6,3
0022200653,2022-23,3,26,12,0,32.0,LIVE_TOV,30-33,30.1,1,4,3,2,2,1,1,0,113.0,116.6,1
0022200654,2022-23,1,14,18,0,44.6,MADE_BASKET,42-45,29.0,1,9,2,0,1,1,0,0,118.8,118.0,2
0022200654,2022-23,2,18,14,1,44.2,MADE_BASKET,42-45,36.2,1,-12,0,3,2,2,1,1,109.9,119.9,-3
0022200654,2022-23,3,18,14,1,37.1,DEAD_BALL,36-39,29.2,1,-17,5,0,2,1,1,0,109.9,119.9,5
0022200655,2022-23,1,11,13,1,36.6,MADE_BASKET,36-39,29.5,1,-4,3,2,2,1,1,0,118.3,103.4,1
0022200655,2022-23,3,13,11,0,42.2,MADE_BASKET,42-45,32.5,1,0,2,0,2,2,1,1,111.8,121.8,2
0022200656,2022-23,1,13,25,1,34.0,MADE_BASKET,33-36,29.4,1,1,2,2,2,1,1,0,111.8,113.8,0
0022200656,2022-23,2,13,25,1,34.0,DREB,33-36,29.1,1,-1,0,1,2,1,1,0,111.8,113.8,-1
0022200656,2022-23,3,13,25,1,36.5,DREB,36-39,22.0,0,6,0,0,1,1,0,0,111.8,113.8,0
0022200657,2022-23,1,11,14,0,44.1,DREB,42-45,31.9,1,4,4,0,2,1,1,0,118.3,119.9,4
0022200657,2022-23,2,11,14,0,36.5,MADE_BASKET,36-39,25.3,0,3,3,2,1,1,0,0,118.3,119.9,1
0022200657,2022-23,3,14,11,1,33.4,LIVE_TOV,33-36,20.3,0,-12,3,0,1,1,0,0,118.8,121.8,3
0022200658,2022-23,1,7,15,0,44.6,DREB,42-45,30.7,1,6,0,0,1,1,0,0,113.2,112.7,0
0022200658,2022-23,2,7,15,0,44.0,LIVE_TOV,42-45,33.5,1,16,3,0,1,1,0,0,113.2,112.7,3
0022200658,2022-23,3,15,7,1,42.3,DREB,42-45,35.5,1,-12,0,2,2,1,1,0,118.9,117.1,-2
0022200659,2022-23,1,25,11,0,34.7,DREB,33-36,33.1,1,1,0,3,2,1,1,0,113.7,121.8,-3
0022200659,2022-23,2,25,11,0,36.1,DREB,36-39,33.0,1,-4,2,0,2,1,1,0,113.7,121.8,2
0022200659,2022-23,3,25,11,0,37.1,DEAD_BALL,36-39,34.7,1,4,2,2,2,2,1,1,113.7,121.8,0
0022200660,2022-23,1,11,4,1,44.0,MADE_BASKET,42-45,34.7,1,8,4,3,2,2,1,1,118.3,123.9,1
0022200660,2022-23,3,4,11,0,36.6,DREB,36-39,13.1,0,-14,3,2,2,1,1,0,117.5,121.8,1
0022200661,2022-23,1,30,10,0,41.8,DREB,39-42,31.2,1,5,0,2,2,1,1,0,112.3,113.5,-2
0022200661,2022-23,2,10,30,1,36.2,DREB,36-39,23.3,0,0,2,3,1,1,0,0,119.8,112.5,-1
0022200661,2022-23,3,10,30,1,32.1,DREB,30-33,16.8,0,8,0,1,1,1,0,0,119.8,112.5,-1
0022200662,2022-23,2,17,29,1,37.1,MADE_BASKET,36-39,22.7,0,-11,0,0,1,1,0,0,121.1,121.4,0
0022200662,2022-23,3,29,17,0,35.8,MADE_BASKET,33-36,28.4,1,3,0,2,2,1,1,0,119.3,120.1,-2
0022200663,2022-23,1,11,20,1,38.4,LIVE_TOV,36-39,34.4,1,1,2,2,2,1,1,0,118.3,114.8,0
0022200663,2022-23,2,20,11,0,32.1,MADE_BASKET,30-33,8.6,0,8,0,0,1,1,0,0,128.8,121.8,0
0022200663,2022-23,3,20,11,0,34.4,MADE_BASKET,33-36,29.4,1,10,0,0,2,1,1,0,128.8,121.8,0
0022200664,2022-23,1,23,15,1,36.7,LIVE_TOV,36-39,32.2,1,-1,2,2,2,2,1,1,112.7,112.7,0
0022200664,2022-23,2,23,15,1,39.7,MADE_BASKET,39-42,19.5,0,-1,0,0,1,1,0,0,112.7,112.7,0
0022200664,2022-23,3,23,15,1,36.5,MADE_BASKET,36-39,23.9,0,-5,0,0,2,1,1,0,112.7,112.7,0
0022200665,2022-23,1,7,28,0,39.5,DREB,39-42,33.1,1,-1,2,0,1,1,0,0,113.2,116.2,2
0022200665,2022-23,2,28,7,1,40.8,MADE_BASKET,39-42,38.9,1,0,2,2,2,2,1,1,117.8,117.1,0
0022200665,2022-23,3,28,7,1,33.7,MADE_BASKET,33-36,29.4,1,1,3,2,2,2,1,1,117.8,117.1,1
0022200666,2022-23,1,8,30,1,40.9,DREB,39-42,29.7,1,1,6,2,1,1,0,0,110.4,112.5,4
0022200666,2022-23,2,30,8,0,43.5,MADE_BASKET,42-45,25.7,0,-6,0,2,2,1,1,0,112.3,113.6,-2
0022200666,2022-23,3,30,8,0,39.2,MADE_BASKET,39-42,34.4,1,-11,2,0,2,1,1,0,112.3,113.6,2
0022200667,2022-23,1,23,16,1,43.5,MADE_BASKET,42-45,28.8,1,-1,0,0,2,1,1,0,112.7,110.0,0
0022200667,2022-23,2,16,23,0,32.1,DREB,30-33,30.2,1,-6,2,0,2,2,1,1,121.8,118.1,2
0022200667,2022-23,3,23,16,1,42.9,DREB,42-45,32.4,1,8,4,3,2,2,1,1,112.7,110.0,1
0022200668,2022-23,1,19,6,0,35.0,MADE_BASKET,33-36,23.9,0,-11,0,2,1,1,0,0,123.8,109.2,-2
0022200668,2022-23,2,19,6,0,36.3,MADE_BASKET,36-39,19.0,0,-22,2,0,1,1,0,0,123.8,109.2,2
0022200668,2022-23,3,19,6,0,39.7,MADE_BASKET,39-42,34.4,1,-18,0,2,2,1,1,0,123.8,109.2,-2
0022200669,2022-23,1,24,17,1,39.0,MADE_BASKET,39-42,30.7,1,-3,3,0,2,1,1,0,120.3,120.1,3
0022200669,2022-23,2,17,24,0,33.6,MADE_BASKET,33-36,24.5,0,9,2,0,1,1,0,0,121.1,113.3,2
0022200669,2022-23,3,24,17,1,40.9,DREB,39-42,38.3,1,-12,0,0,3,2,1,1,120.3,120.1,0
0022200670,2022-23,1,22,5,1,37.0,DREB,36-39,23.9,0,-2,2,0,1,1,0,0,117.1,118.5,2
0022200670,2022-23,2,22,5,1,33.1,MADE_BASKET,33-36,20.9,0,12,2,3,1,1,0,0,117.1,118.5,-1
0022200670,2022-23,3,5,22,0,39.4,MADE_BASKET,39-42,36.3,1,-12,0,2,2,1,1,0,111.3,117.1,-2
0022200671,2022-23,1,8,14,1,42.4,DREB,42-45,30.5,1,14,2,3,2,1,1,0,110.4,119.9,-1
0022200671,2022-23,2,8,14,1,35.2,MADE_BASKET,33-36,27.7,0,16,0,3,2,1,1,0,110.4,119.9,-3
0022200671,2022-23,3,8,14,1,38.1,MADE_BASKET,36-39,22.5,0,6,0,0,1,1,0,0,110.4,119.9,0
0022200672,2022-23,1,30,24,0,34.4,DREB,33-36,23.3,0,-6,0,3,1,1,0,0,112.3,113.3,-3
0022200672,2022-23,2,24,30,1,38.1,DREB,36-39,21.6,0,8,0,0,1,1,0,0,120.3,112.5,0
0022200672,2022-23,3,30,24,0,37.1,MADE_BASKET,36-39,29.2,1,-12,2,2,2,1,1,0,112.3,113.3,0
0022200673,2022-23,2,11,2,1,42.9,MADE_BASKET,42-45,29.6,1,-4,0,0,2,1,1,0,118.3,119.0,0
0022200673,2022-23,3,2,11,0,43.5,DREB,42-45,28.7,1,-1,4,2,2,1,1,0,118.0,121.8,2
0022200674,2022-23,1,23,7,1,41.4,MADE_BASKET,39-42,35.1,1,5,0,1,2,2,1,1,112.7,117.1,-1
0022200674,2022-23,2,7,23,0,35.9,DREB,33-36,32.0,1,-4,2,2,2,1,1,0,113.2,118.1,0
0022200674,2022-23,3,23,7,1,44.7,DREB,42-45,34.1,1,4,2,0,2,1,1,0,112.7,117.1,2
0022200675,2022-23,3,19,2,0,32.9,MADE_BASKET,30-33,28.5,1,-20,0,0,2,1,1,0,123.8,119.0,0
0022200676,2022-23,1,25,29,1,37.4,DREB,36-39,32.9,1,0,3,0,1,1,0,0,113.7,121.4,3
0022200676,2022-23,2,25,29,1,42.7,MADE_BASKET,42-45,35.3,1,-4,0,6,2,1,1,0,113.7,121.4,-6
0022200676,2022-23,3,29,25,0,43.9,MADE_BASKET,42-45,38.1,1,3,2,2,2,2,1,1,119.3,113.8,0
0022200677,2022-23,1,27,4,0,42.3,DEAD_BALL,42-45,28.0,1,-1,0,0,2,1,1,0,114.0,123.9,0
0022200677,2022-23,3,4,27,1,33.6,DEAD_BALL,33-36,21.1,0,10,0,3,1,1,0,0,117.5,115.3,-3
0022200678,2022-23,1,13,22,1,39.0,LIVE_TOV,39-42,29.6,1,6,5,0,2,1,1,0,111.8,117.1,5
0022200678,2022-23,2,13,22,1,40.2,DREB,39-42,38.6,1,3,0,2,2,1,1,0,111.8,117.1,-2
0022200678,2022-23,3,13,22,1,43.6,MADE_BASKET,42-45,29.5,1,-5,5,0,2,1,1,0,111.8,117.1,5
0022200679,2022-23,2,5,2,1,41.2,DREB,39-42,32.9,1,4,2,0,2,1,1,0,111.3,119.0,2
0022200679,2022-23,3,5,2,1,33.2,DREB,33-36,30.0,1,8,2,0,1,1,0,0,111.3,119.0,2
0022200680,2022-23,3,27,5,1,44.0,LIVE_TOV,42-45,38.8,1,-7,2,2,2,1,1,0,114.0,118.5,0
0022200681,2022-23,1,30,7,0,40.7,DREB,39-42,36.5,1,-4,2,2,2,2,1,1,112.3,117.1,0
0022200681,2022-23,2,30,7,0,35.4,DREB,33-36,32.0,1,-3,0,0,1,1,0,0,112.3,117.1,0
0022200681,2022-23,3,7,30,1,37.8,DREB,36-39,21.9,0,4,1,2,2,1,1,0,113.2,112.5,-1
0022200682,2022-23,1,7,9,0,41.0,MADE_BASKET,39-42,29.8,1,5,5,2,2,2,1,1,113.2,118.2,3
0022200682,2022-23,2,9,7,1,36.1,MADE_BASKET,36-39,24.0,0,-10,2,3,1,1,0,0,116.7,117.1,-1
0022200682,2022-23,3,9,7,1,39.2,MADE_BASKET,39-42,20.2,0,-12,2,2,1,1,0,0,116.7,117.1,0
0022200683,2022-23,2,2,29,0,34.6,MADE_BASKET,33-36,29.1,1,-14,0,2,2,1,1,0,118.0,121.4,-2
0022200683,2022-23,3,2,29,0,45.0,DREB,42-45,33.4,1,-18,2,4,2,2,1,1,118.0,121.4,-2
0022200684,2022-23,1,6,17,0,44.9,MADE_BASKET,42-45,39.4,1,-14,5,3,2,2,1,1,117.2,120.1,2
0022200684,2022-23,2,17,6,1,42.1,MADE_BASKET,42-45,30.2,1,16,0,0,1,1,0,0,121.1,109.2,0
0022200684,2022-23,3,6,17,0,36.5,LIVE_TOV,36-39,32.6,1,-25,5,1,2,1,1,0,117.2,120.1,4
0022200685,2022-23,1,2,8,1,44.2,MADE_BASKET,42-45,35.0,1,-2,4,5,2,2,1,1,118.0,113.6,-1
0022200685,2022-23,2,2,8,1,36.1,DREB,36-39,23.6,0,-5,0,0,2,1,1,0,118.0,113.6,0
0022200685,2022-23,3,2,8,1,40.5,MADE_BASKET,39-42,32.9,1,-4,0,2,2,1,1,0,118.0,113.6,-2
0022200686,2022-23,1,8,3,0,39.8,DREB,39-42,36.2,1,5,0,2,3,2,1,1,110.4,118.0,-2
0022200686,2022-23,2,3,8,1,31.6,MADE_BASKET,30-33,19.3,0,-5,2,0,1,1,0,0,118.5,113.6,2
0022200686,2022-23,3,8,3,0,41.2,MADE_BASKET,39-42,22.1,0,-10,3,0,1,1,0,0,110.4,118.0,3
0022200687,2022-23,1,29,22,1,39.3,DREB,39-42,33.7,1,7,0,2,2,1,1,0,119.3,117.1,-2
0022200687,2022-23,2,29,22,1,37.7,MADE_BASKET,36-39,31.2,1,14,3,2,2,1,1,0,119.3,117.1,1
0022200687,2022-23,3,29,22,1,37.8,MADE_BASKET,36-39,27.1,0,24,2,0,2,2,1,1,119.3,117.1,2
0022200688,2022-23,1,25,19,0,43.0,DREB,42-45,32.6,1,0,0,0,2,1,1,0,113.7,106.9,0
0022200688,2022-23,2,19,25,1,37.4,LIVE_TOV,36-39,31.0,1,2,4,2,2,1,1,0,123.8,113.8,2
0022200688,2022-23,3,25,19,0,32.8,MADE_BASKET,30-33,29.3,1,4,3,3,2,1,1,0,113.7,106.9,0
0022200689,2022-23,1,5,9,0,41.0,MADE_BASKET,39-42,28.7,1,-11,4,2,2,1,1,0,111.3,118.2,2
0022200689,2022-23,2,9,5,1,37.6,DREB,36-39,30.8,1,13,0,0,1,1,0,0,116.7,118.5,0
0022200689,2022-23,3,5,9,0,37.3,DEAD_BALL,36-39,21.0,0,-8,0,0,1,1,0,0,111.3,118.2,0
0022200690,2022-23,1,24,10,1,31.9,DREB,30-33,29.2,1,4,3,0,2,1,1,0,120.3,113.5,3
0022200690,2022-23,2,10,24,0,31.7,DREB,30-33,15.5,0,-8,2,2,2,1,1,0,119.8,113.3,0
0022200690,2022-23,3,10,24,0,38.3,DREB,36-39,16.9,0,-5,3,2,1,1,0,0,119.8,113.3,1
0022200691,2022-23,1,26,1,0,34.2,MADE_BASKET,33-36,29.5,1,2,3,2,2,1,1,0,113.0,121.2,1
0022200691,2022-23,2,26,1,0,30.7,DREB,30-33,20.2,0,-2,2,0,1,1,0,0,113.0,121.2,2
0022200691,2022-23,3,26,1,0,41.6,DREB,39-42,30.7,1,-5,0,0,2,1,1,0,113.0,121.2,0
0022200692,2022-23,1,16,3,0,33.0,DREB,33-36,18.5,0,-1,0,2,2,1,1,0,121.8,118.0,-2
0022200692,2022-23,2,16,3,0,31.2,MADE_BASKET,30-33,28.5,1,-13,0,0,2,1,1,0,121.8,118.0,0
0022200692,2022-23,3,3,16,1,43.3,DREB,42-45,34.3,1,17,3,2,2,2,1,1,118.5,110.0,1
0022200693,2022-23,1,1,25,1,30.7,MADE_BASKET,30-33,7.6,0,3,0,0,1,0,0,0,112.4,113.8,0
0022200693,2022-23,2,25,1,0,41.1,MADE_BASKET,39-42,35.2,1,-7,2,0,2,1,1,0,113.7,121.2,2
0022200693,2022-23,3,1,25,1,38.3,DREB,36-39,24.1,0,13,2,4,1,1,0,0,112.4,113.8,-2
0022200694,2022-23,3,7,20,0,31.5,MADE_BASKET,30-33,9.4,0,-8,0,0,1,1,0,0,113.2,114.8,0
0022200695,2022-23,1,1,19,0,36.4,MADE_BASKET,36-39,16.2,0,-2,2,0,1,1,0,0,112.4,106.9,2
0022200695,2022-23,2,19,1,1,44.9,MADE_BASKET,42-45,29.2,1,1,0,3,2,1,1,0,123.8,121.2,-3
0022200695,2022-23,3,19,1,1,35.6,MADE_BASKET,33-36,16.7,0,-9,3,1,2,1,1,0,123.8,121.2,2
0022200696,2022-23,1,4,3,1,33.7,MADE_BASKET,33-36,18.8,0,-4,2,0,1,1,0,0,117.5,118.0,2
0022200696,2022-23,2,3,4,0,42.4,MADE_BASKET,42-45,27.2,0,1,0,1,2,1,1,0,118.5,123.9,-1
0022200696,2022-23,3,3,4,0,36.6,DREB,36-39,17.4,0,2,0,0,1,1,0,0,118.5,123.9,0
0022200697,2022-23,1,23,6,1,42.6,DREB,42-45,28.5,1,2,2,0,2,1,1,0,112.7,109.2,2
0022200697,2022-23,3,6,23,0,40.0,MADE_BASKET,39-42,31.6,1,-10,0,0,2,1,1,0,117.2,118.1,0
0022200698,2022-23,1,7,1,0,32.8,MADE_BASKET,30-33,9.4,0,1,0,1,1,1,0,0,113.2,121.2,-1
0022200698,2022-23,2,7,1,0,34.5,DREB,33-36,14.6,0,7,0,3,1,1,0,0,113.2,121.2,-3
0022200698,2022-23,3,7,1,0,41.9,DREB,39-42,29.7,1,8,0,0,2,1,1,0,113.2,121.2,0
0022200699,2022-23,1,5,13,0,32.5,MADE_BASKET,30-33,9.3,0,0,3,1,1,1,0,0,111.3,103.4,2
0022200699,2022-23,3,13,5,1,37.7,MADE_BASKET,36-39,32.0,1,4,0,0,2,1,1,0,111.8,118.5,0
0022200700,2022-23,1,23,16,0,43.0,MADE_BASKET,42-45,24.0,0,-7,2,0,1,1,0,0,112.7,110.0,2
0022200700,2022-23,2,16,23,1,37.1,DEAD_BALL,36-39,29.5,1,13,2,2,2,1,1,0,121.8,118.1,0
0022200700,2022-23,3,16,23,1,36.9,DREB,36-39,20.1,0,19,2,2,2,1,1,0,121.8,118.1,0
0022200701,2022-23,1,16,24,1,33.1,MADE_BASKET,33-36,10.3,0,-6,2,0,1,1,0,0,121.8,113.3,2
0022200701,2022-23,2,24,16,0,31.5,LIVE_TOV,30-33,29.1,1,4,2,0,1,1,0,0,120.3,110.0,2
0022200702,2022-23,1,25,5,1,33.0,DEAD_BALL,33-36,17.8,0,-5,0,2,1,1,0,0,113.7,118.5,-2
0022200702,2022-23,2,5,25,0,40.7,DREB,39-42,33.2,1,6,0,2,2,1,1,0,111.3,113.8,-2
0022200702,2022-23,3,5,25,0,43.2,MADE_BASKET,42-45,24.0,0,10,3,0,1,1,0,0,111.3,113.8,3
0022200703,2022-23,1,15,20,1,35.0,MADE_BASKET,33-36,21.1,0,6,0,2,1,1,0,0,118.9,114.8,-2
0022200703,2022-23,3,15,20,1,43.6,DREB,42-45,34.6,1,8,2,5,2,1,1,0,118.9,114.8,-3
0022200704,2022-23,1,23,13,0,37.0,MADE_BASKET,36-39,19.1,0,8,0,0,1,1,0,0,112.7,103.4,0
0022200704,2022-23,3,13,23,1,30.6,DEAD_BALL,30-33,11.8,0,-3,2,0,2,1,1,0,111.8,118.1,2
0022200705,2022-23,1,2,18,0,40.1,MADE_BASKET,39-42,29.1,1,3,2,0,1,1,0,0,118.0,118.0,2
0022200705,2022-23,2,18,2,1,32.6,MADE_BASKET,30-33,22.0,0,-15,0,3,1,1,0,0,109.9,119.0,-3
0022200706,2022-23,2,9,10,0,34.8,DREB,33-36,22.2,0,3,0,3,1,1,0,0,116.7,113.5,-3
0022200707,2022-23,2,4,10,1,40.7,DREB,39-42,37.8,1,-5,0,0,2,1,1,0,117.5,113.5,0
0022200707,2022-23,3,4,10,1,40.5,DEAD_BALL,39-42,31.0,1,-3,2,2,2,1,1,0,117.5,113.5,0
0022200708,2022-23,1,3,26,1,31.0,DREB,30-33,19.4,0,2,2,0,1,1,0,0,118.5,118.7,2
0022200708,2022-23,3,26,3,0,42.2,DREB,42-45,30.7,1,-10,3,0,2,1,1,0,113.0,118.0,3
0022200709,2022-23,1,28,21,1,39.2,DREB,39-42,29.0,1,-8,2,2,2,1,1,0,117.8,107.9,0
0022200709,2022-23,2,21,28,0,32.0,DREB,30-33,30.0,1,9,0,0,1,1,0,0,118.7,116.2,0
0022200709,2022-23,3,28,21,1,31.8,LIVE_TOV,30-33,30.2,1,1,3,2,2,1,1,0,117.8,107.9,1
0022200710,2022-23,1,16,26,1,36.4,DREB,36-39,31.7,1,-8,0,2,2,2,1,1,121.8,118.7,-2
0022200710,2022-23,2,16,26,1,38.4,DEAD_BALL,36-39,31.4,1,-13,5,1,2,1,1,0,121.8,118.7,4
0022200710,2022-23,3,26,16,0,41.1,DREB,39-42,32.6,1,6,0,3,2,1,1,0,113.0,110.0,-3
0022200711,2022-23,1,17,10,0,44.4,DREB,42-45,33.0,1,-4,2,0,2,1,1,0,121.1,113.5,2
0022200711,2022-23,2,17,10,0,34.1,MADE_BASKET,33-36,19.2,0,-9,2,2,2,1,1,0,121.1,113.5,0
0022200711,2022-23,3,10,17,1,32.8,MADE_BASKET,30-33,15.4,0,8,0,2,2,1,1,0,119.8,120.1,-2
0022200712,2022-23,1,29,23,0,38.9,MADE_BASKET,36-39,26.2,0,-1,3,0,2,2,1,1,119.3,118.1,3
0022200712,2022-23,2,23,29,1,44.2,LIVE_TOV,42-45,31.6,1,6,2,0,2,1,1,0,112.7,121.4,2
0022200712,2022-23,3,29,23,0,33.6,DREB,33-36,16.2,0,-11,0,1,1,1,0,0,119.3,118.1,-1
0022200713,2022-23,1,16,21,0,35.8,MADE_BASKET,33-36,11.9,0,-4,2,0,2,1,1,0,121.8,107.9,2
0022200713,2022-23,2,16,21,0,32.7,DREB,30-33,30.9,1,-8,0,0,2,1,1,0,121.8,107.9,0
0022200713,2022-23,3,21,16,1,42.3,MADE_BASKET,42-45,35.0,1,1,3,3,2,1,1,0,118.7,110.0,0
0022200714,2022-23,1,1,23,1,34.1,MADE_BASKET,33-36,17.1,0,4,0,2,1,1,0,0,112.4,118.1,-2
0022200714,2022-23,2,23,1,0,30.1,MADE_BASKET,30-33,8.2,0,-13,2,0,1,1,0,0,112.7,121.2,2
0022200714,2022-23,3,1,23,1,34.7,MADE_BASKET,33-36,19.4,0,15,2,2,2,1,1,0,112.4,118.1,0
0022200715,2022-23,1,8,15,1,42.3,DREB,42-45,29.4,1,13,2,3,2,1,1,0,110.4,112.7,-1
0022200715,2022-23,2,8,15,1,38.5,LIVE_TOV,36-39,35.8,1,22,2,2,2,1,1,0,110.4,112.7,0
0022200715,2022-23,3,8,15,1,43.0,MADE_BASKET,42-45,29.7,1,6,3,2,2,1,1,0,110.4,112.7,1
0022200716,2022-23,1,3,16,0,35.0,MADE_BASKET,33-36,16.3,0,1,2,2,1,1,0,0,118.5,110.0,0
0022200716,2022-23,2,16,3,1,42.4,LIVE_TOV,42-45,38.3,1,7,2,0,2,2,1,1,121.8,118.0,2
0022200716,2022-23,3,3,16,0,32.4,DREB,30-33,20.4,0,-4,0,3,1,1,0,0,118.5,110.0,-3
0022200717,2022-23,1,29,30,1,41.6,MADE_BASKET,39-42,35.4,1,2,4,2,2,2,1,1,119.3,112.5,2
0022200718,2022-23,1,21,22,1,33.6,MADE_BASKET,33-36,28.4,1,3,2,0,2,1,1,0,118.7,117.1,2
0022200718,2022-23,2,22,21,0,43.6,MADE_BASKET,42-45,35.9,1,-4,0,2,2,2,1,1,117.1,107.9,-2
0022200718,2022-23,3,21,22,1,40.8,MADE_BASKET,39-42,16.5,0,4,2,2,2,1,1,0,118.7,117.1,0
0022200719,2022-23,1,5,23,1,37.8,DREB,36-39,27.9,0,6,2,1,1,1,0,0,111.3,118.1,1
0022200719,2022-23,2,23,5,0,39.5,LIVE_TOV,39-42,29.6,1,-9,0,0,1,1,0,0,112.7,118.5,0
0022200719,2022-23,3,5,23,1,41.8,DREB,39-42,35.8,1,-3,3,0,2,2,1,1,111.3,118.1,3
0022200720,2022-23,1,4,19,1,40.1,DREB,39-42,34.6,1,10,5,0,3,2,1,1,117.5,106.9,5
0022200720,2022-23,2,19,4,0,41.2,MADE_BASKET,39-42,20.1,0,-20,0,3,1,1,0,0,123.8,123.9,-3
0022200720,2022-23,3,19,4,0,33.6,DREB,33-36,30.4,1,-24,2,0,2,1,1,0,123.8,123.9,2
0022200721,2022-23,1,4,3,0,31.5,DREB,30-33,29.4,1,7,4,0,2,1,1,0,117.5,118.0,4
0022200721,2022-23,2,3,4,1,36.7,DREB,36-39,22.1,0,-11,2,0,1,1,0,0,118.5,123.9,2
0022200721,2022-23,3,3,4,1,42.2,MADE_BASKET,42-45,38.0,1,1,2,3,2,2,1,1,118.5,123.9,-1
0022200722,2022-23,1,16,5,1,39.9,MADE_BASKET,39-42,35.3,1,-2,2,0,2,2,1,1,121.8,118.5,2
0022200722,2022-23,2,16,5,1,42.1,MADE_BASKET,42-45,35.7,1,-1,5,2,2,2,1,1,121.8,118.5,3
0022200722,2022-23,3,16,5,1,34.4,MADE_BASKET,33-36,31.3,1,1,2,3,2,2,1,1,121.8,118.5,-1
0022200723,2022-23,1,8,27,1,33.8,MADE_BASKET,33-36,20.6,0,-6,0,0,1,1,0,0,110.4,115.3,0
0022200723,2022-23,2,27,8,0,37.7,DREB,36-39,17.8,0,-1,3,0,1,1,0,0,114.0,113.6,3
0022200723,2022-23,3,27,8,0,43.6,MADE_BASKET,42-45,33.2,1,6,2,2,1,1,0,0,114.0,113.6,0
0022200724,2022-23,1,11,28,0,40.5,MADE_BASKET,39-42,34.6,1,-1,0,3,2,2,1,1,118.3,116.2,-3
0022200724,2022-23,2,28,11,1,35.3,MADE_BASKET,33-36,26.6,0,3,0,2,2,1,1,0,117.8,121.8,-2
0022200724,2022-23,3,11,28,0,36.2,MADE_BASKET,36-39,31.3,1,1,2,0,2,1,1,0,118.3,116.2,2
0022200725,2022-23,1,21,9,1,39.1,MADE_BASKET,39-42,28.7,1,-6,2,0,1,1,0,0,118.7,118.2,2
0022200725,2022-23,2,9,21,0,30.1,MADE_BASKET,30-33,16.0,0,0,2,2,2,1,1,0,116.7,107.9,0
0022200725,2022-23,3,9,21,0,31.0,LIVE_TOV,30-33,11.0,0,-4,2,2,1,1,0,0,116.7,107.9,0
0022200726,2022-23,1,13,12,1,32.2,MADE_BASKET,30-33,29.4,1,-7,0,0,1,1,0,0,111.8,116.6,0
0022200726,2022-23,2,13,12,1,37.8,MADE_BASKET,36-39,24.7,0,-1,0,0,1,1,0,0,111.8,116.6,0
0022200726,2022-23,3,12,13,0,33.2,DREB,33-36,15.2,0,-2,2,2,1,1,0,0,111.9,103.4,0
0022200727,2022-23,3,27,15,1,35.0,MADE_BASKET,33-36,14.4,0,3,0,0,1,1,0,0,114.0,112.7,0
0022200728,2022-23,1,10,15,1,35.6,DREB,33-36,33.6,1,4,2,0,2,1,1,0,119.8,112.7,2
0022200728,2022-23,2,10,15,1,41.9,MADE_BASKET,39-42,22.9,0,6,3,2,1,1,0,0,119.8,112.7,1
0022200728,2022-23,3,15,10,0,31.7,DREB,30-33,29.4,1,-8,2,0,2,2,1,1,118.9,113.5,2
0022200729,2022-23,1,18,19,1,36.7,DREB,36-39,32.1,1,-7,3,2,2,2,1,1,109.9,106.9,1
0022200729,2022-23,2,18,19,1,32.6,DREB,30-33,29.6,1,-15,2,2,2,1,1,0,109.9,106.9,0
0022200729,2022-23,3,19,18,0,36.6,MADE_BASKET,36-39,20.6,0,13,3,5,2,1,1,0,123.8,118.0,-2
0022200730,2022-23,1,11,19,0,30.3,MADE_BASKET,30-33,9.3,0,-7,0,0,1,1,0,0,118.3,106.9,0
0022200730,2022-23,2,11,19,0,40.0,DREB,39-42,22.4,0,7,2,2,2,1,1,0,118.3,106.9,0
0022200730,2022-23,3,11,19,0,33.6,DREB,33-36,24.7,0,5,2,2,1,1,0,0,118.3,106.9,0
0022200731,2022-23,2,25,15,1,40.3,MADE_BASKET,39-42,23.4,0,2,0,0,1,1,0,0,113.7,112.7,0
0022200731,2022-23,3,15,25,0,43.0,MADE_BASKET,42-45,32.8,1,-7,3,2,2,1,1,0,118.9,113.8,1
0022200732,2022-23,1,13,25,1,42.7,MADE_BASKET,42-45,39.3,1,-4,2,0,2,2,1,1,111.8,113.8,2
0022200732,2022-23,2,25,13,0,33.7,MADE_BASKET,33-36,29.2,1,0,3,3,2,1,1,0,113.7,103.4,0
0022200732,2022-23,3,25,13,0,36.2,MADE_BASKET,36-39,19.9,0,6,4,2,2,1,1,0,113.7,103.4,2
0022200733,2022-23,1,11,3,0,42.9,DREB,42-45,36.1,1,-4,0,2,2,1,1,0,118.3,118.0,-2
0022200734,2022-23,3,1,19,0,41.9,MADE_BASKET,39-42,29.6,1,-12,0,3,1,1,0,0,112.4,106.9,-3
0022200735,2022-23,1,9,13,0,43.4,DREB,42-45,33.7,1,-2,2,2,2,1,1,0,116.7,103.4,0
0022200735,2022-23,2,9,13,0,37.9,MADE_BASKET,36-39,28.7,1,-8,2,0,2,1,1,0,116.7,103.4,2
0022200735,2022-23,3,13,9,1,37.1,DREB,36-39,19.6,0,1,0,2,2,1,1,0,111.8,118.2,-2
0022200736,2022-23,1,6,18,0,42.2,DREB,42-45,30.8,1,5,3,2,2,1,1,0,117.2,118.0,1
0022200736,2022-23,2,6,18,0,34.4,MADE_BASKET,33-36,29.3,1,-3,0,0,2,1,1,0,117.2,118.0,0
0022200736,2022-23,3,6,18,0,42.5,LIVE_TOV,42-45,32.2,1,-5,2,0,2,2,1,1,117.2,118.0,2
0022200737,2022-23,3,11,16,0,43.4,MADE_BASKET,42-45,40.2,1,6,0,3,2,2,1,1,118.3,110.0,-3
0022200738,2022-23,1,8,6,0,38.4,MADE_BASKET,36-39,22.4,0,-18,0,0,1,1,0,0,110.4,109.2,0
0022200738,2022-23,3,6,8,1,36.0,DREB,36-39,31.1,1,21,2,0,2,1,1,0,117.2,113.6,2
0022200739,2022-23,1,14,8,1,36.4,DREB,36-39,31.6,1,-5,1,1,2,2,1,1,118.8,113.6,0
0022200739,2022-23,2,8,14,0,35.7,DREB,33-36,23.9,0,7,0,0,1,1,0,0,110.4,119.9,0
0022200740,2022-23,1,17,10,1,31.2,DREB,30-33,24.5,0,-5,0,2,1,1,0,0,121.1,113.5,-2
0022200740,2022-23,2,17,10,1,42.7,MADE_BASKET,42-45,29.3,1,4,0,0,2,1,1,0,121.1,113.5,0
0022200740,2022-23,3,17,10,1,38.1,DREB,36-39,36.6,1,-2,3,3,2,2,1,1,121.1,113.5,0
0022200741,2022-23,1,9,29,0,33.9,MADE_BASKET,33-36,28.4,1,6,2,2,2,1,1,0,116.7,121.4,0
0022200741,2022-23,2,9,29,0,42.5,DREB,42-45,29.2,1,12,2,0,2,1,1,0,116.7,121.4,2
0022200741,2022-23,3,9,29,0,38.2,MADE_BASKET,36-39,28.6,1,16,2,2,2,1,1,0,116.7,121.4,0
0022200742,2022-23,1,1,28,0,38.5,MADE_BASKET,36-39,24.7,0,1,2,0,2,1,1,0,112.4,116.2,2
0022200742,2022-23,2,1,28,0,35.8,DEAD_BALL,33-36,27.7,0,-2,3,3,2,1,1,0,112.4,116.2,0
0022200742,2022-23,3,28,1,1,39.4,MADE_BASKET,39-42,29.2,1,-3,2,2,2,1,1,0,117.8,121.2,0
0022200743,2022-23,1,16,26,0,39.7,LIVE_TOV,39-42,34.2,1,4,2,3,2,2,1,1,121.8,118.7,-1
0022200743,2022-23,2,16,26,0,37.3,MADE_BASKET,36-39,30.2,1,9,3,0,2,1,1,0,121.8,118.7,3
0022200743,2022-23,3,26,16,1,32.4,MADE_BASKET,30-33,8.8,0,-5,5,2,2,1,1,0,113.0,110.0,3
0022200744,2022-23,1,4,29,1,39.8,MADE_BASKET,39-42,25.9,0,-3,2,0,2,1,1,0,117.5,121.4,2
0022200744,2022-23,2,4,29,1,36.8,DREB,36-39,34.4,1,4,5,2,2,1,1,0,117.5,121.4,3
0022200745,2022-23,1,11,3,1,37.8,MADE_BASKET,36-39,24.6,0,1,0,0,1,1,0,0,118.3,118.0,0
0022200745,2022-23,2,3,11,0,44.0,DREB,42-45,31.6,1,3,2,3,2,1,1,0,118.5,121.8,-1
0022200745,2022-23,3,11,3,1,44.4,DREB,42-45,28.6,1,0,4,0,2,2,1,1,118.3,118.0,4
0022200746,2022-23,1,30,22,0,43.6,DREB,42-45,32.8,1,3,3,0,2,1,1,0,112.3,117.1,3
0022200746,2022-23,2,22,30,1,44.8,DREB,42-45,32.9,1,3,0,2,2,1,1,0,117.1,112.5,-2
0022200746,2022-23,3,22,30,1,43.3,MADE_BASKET,42-45,23.4,0,8,2,0,1,1,0,0,117.1,112.5,2
0022200747,2022-23,1,13,15,1,31.7,DREB,30-33,18.2,0,-7,0,1,1,1,0,0,111.8,112.7,-1
0022200747,2022-23,2,15,13,0,32.2,MADE_BASKET,30-33,13.1,0,4,0,0,1,1,0,0,118.9,103.4,0
0022200747,2022-23,3,15,13,0,44.4,DREB,42-45,31.7,1,-3,2,2,2,1,1,0,118.9,103.4,0
0022200748,2022-23,1,30,25,0,33.0,DREB,33-36,16.0,0,1,2,0,1,1,0,0,112.3,113.8,2
0022200748,2022-23,2,30,25,0,31.0,MADE_BASKET,30-33,8.8,0,-2,0,0,2,1,1,0,112.3,113.8,0
0022200748,2022-23,3,25,30,1,33.5,MADE_BASKET,33-36,20.5,0,-3,2,2,1,1,0,0,113.7,112.5,0
0022200749,2022-23,2,5,19,0,34.3,MADE_BASKET,33-36,18.1,0,0,0,0,1,1,0,0,111.3,106.9,0
0022200749,2022-23,3,5,19,0,41.5,LIVE_TOV,39-42,32.1,1,1,5,3,2,1,1,0,111.3,106.9,2
0022200750,2022-23,1,16,20,1,40.9,MADE_BASKET,39-42,38.2,1,-13,2,2,2,2,1,1,121.8,114.8,0
0022200750,2022-23,2,16,20,1,37.7,MADE_BASKET,36-39,34.5,1,-11,2,0,2,2,1,1,121.8,114.8,2
0022200750,2022-23,3,16,20,1,35.6,MADE_BASKET,33-36,15.1,0,-7,2,2,1,1,0,0,121.8,114.8,0
0022200751,2022-23,1,16,9,1,41.9,DREB,39-42,31.0,1,3,0,0,2,1,1,0,121.8,118.2,0
0022200751,2022-23,2,9,16,0,44.6,MADE_BASKET,42-45,29.8,1,3,1,2,2,1,1,0,116.7,110.0,-1
0022200751,2022-23,3,16,9,1,30.5,MADE_BASKET,30-33,13.6,0,-4,0,0,1,1,0,0,121.8,118.2,0
0022200752,2022-23,1,28,3,0,44.6,DREB,42-45,37.3,1,3,2,2,2,1,1,0,117.8,118.0,0
0022200752,2022-23,2,28,3,0,43.1,MADE_BASKET,42-45,30.9,1,-1,3,2,2,2,1,1,117.8,118.0,1
0022200752,2022-23,3,3,28,1,39.9,MADE_BASKET,39-42,19.3,0,-8,2,0,1,1,0,0,118.5,116.2,2
0022200753,2022-23,1,30,24,0,37.4,MADE_BASKET,36-39,23.2,0,0,0,0,1,1,0,0,112.3,113.3,0
0022200753,2022-23,2,30,24,0,38.5,DREB,36-39,34.0,1,8,6,0,2,1,1,0,112.3,113.3,6
0022200753,2022-23,3,24,30,1,34.7,DEAD_BALL,33-36,24.2,0,-12,3,3,1,1,0,0,120.3,112.5,0
0022200754,2022-23,1,20,25,1,31.8,MADE_BASKET,30-33,13.3,0,-8,2,0,1,1,0,0,128.8,113.8,2
0022200754,2022-23,2,20,25,1,30.1,MADE_BASKET,30-33,5.7,0,-8,0,0,1,1,0,0,128.8,113.8,0
0022200754,2022-23,3,25,20,0,36.1,MADE_BASKET,36-39,31.2,1,-3,2,0,2,2,1,1,113.7,114.8,2
0022200755,2022-23,3,15,12,1,38.5,DEAD_BALL,36-39,35.3,1,0,5,0,2,1,1,0,118.9,116.6,5
0022200756,2022-23,1,9,26,1,43.4,DREB,42-45,33.6,1,3,0,2,2,1,1,0,116.7,118.7,-2
0022200756,2022-23,2,26,9,0,36.6,MADE_BASKET,36-39,30.5,1,2,5,2,2,1,1,0,113.0,118.2,3
0022200757,2022-23,1,25,17,0,42.0,MADE_BASKET,42-45,24.9,0,-3,2,2,2,1,1,0,113.7,120.1,0
0022200757,2022-23,2,25,17,0,32.2,MADE_BASKET,30-33,28.9,1,-4,0,3,1,1,0,0,113.7,120.1,-3
0022200757,2022-23,3,17,25,1,40.9,DREB,39-42,34.9,1,5,0,2,2,2,1,1,121.1,113.8,-2
0022200758,2022-23,1,23,30,0,34.4,DEAD_BALL,33-36,22.4,0,-8,2,2,1,1,0,0,112.7,112.5,0
0022200758,2022-23,2,30,23,1,34.8,DREB,33-36,33.0,1,12,3,2,2,1,1,0,112.3,118.1,1
0022200758,2022-23,3,30,23,1,41.3,DREB,39-42,30.9,1,29,3,0,2,2,1,1,112.3,118.1,3
0022200759,2022-23,1,10,11,0,42.7,MADE_BASKET,42-45,22.0,0,-9,0,0,1,1,0,0,119.8,121.8,0
0022200759,2022-23,2,11,10,1,39.8,MADE_BASKET,39-42,34.0,1,6,0,2,2,1,1,0,118.3,113.5,-2
0022200759,2022-23,3,11,10,1,37.3,MADE_BASKET,36-39,29.7,1,-10,2,2,2,1,1,0,118.3,113.5,0
0022200760,2022-23,1,27,13,0,44.9,DREB,42-45,26.4,0,-18,2,0,2,1,1,0,114.0,103.4,2
0022200760,2022-23,2,13,27,1,40.0,DREB,39-42,32.7,1,28,2,0,2,1,1,0,111.8,115.3,2
0022200760,2022-23,3,13,27,1,44.1,DREB,42-45,31.6,1,31,0,1,2,1,1,0,111.8,115.3,-1
0022200761,2022-23,1,9,19,1,36.4,MADE_BASKET,36-39,15.1,0,-6,2,2,1,1,0,0,116.7,106.9,0
0022200761,2022-23,2,9,19,1,33.6,MADE_BASKET,33-36,16.7,0,-4,2,2,2,1,1,0,116.7,106.9,0
0022200761,2022-23,3,9,19,1,42.1,MADE_BASKET,42-45,30.0,1,-2,3,2,2,1,1,0,116.7,106.9,1
0022200762,2022-23,1,11,29,0,38.5,DREB,36-39,32.4,1,16,5,2,2,1,1,0,118.3,121.4,3
0022200762,2022-23,2,29,11,1,39.9,MADE_BASKET,39-42,30.2,1,-26,5,2,2,1,1,0,119.3,121.8,3
0022200762,2022-23,3,11,29,0,42.3,DREB,42-45,33.8,1,29,4,0,2,1,1,0,118.3,121.4,4
0022200763,2022-23,1,14,6,1,43.4,DREB,42-45,33.2,1,-12,2,0,2,2,1,1,118.8,109.2,2
0022200763,2022-23,2,6,14,0,44.9,DREB,42-45,33.3,1,10,3,0,2,2,1,1,117.2,119.9,3
0022200764,2022-23,1,15,17,0,39.7,MADE_BASKET,39-42,23.1,0,-15,0,2,1,1,0,0,118.9,120.1,-2
0022200764,2022-23,2,17,15,1,34.3,DREB,33-36,31.9,1,18,4,0,2,1,1,0,121.1,112.7,4
0022200764,2022-23,3,17,15,1,41.0,MADE_BASKET,39-42,34.9,1,20,0,0,2,2,1,1,121.1,112.7,0
0022200765,2022-23,1,16,14,0,32.0,LIVE_TOV,30-33,29.6,1,7,0,2,2,1,1,0,121.8,119.9,-2
0022200765,2022-23,2,16,14,0,39.5,DREB,39-42,34.3,1,8,2,0,2,1,1,0,121.8,119.9,2
0022200765,2022-23,3,14,16,1,33.2,DREB,33-36,12.6,0,-1,0,0,1,1,0,0,118.8,110.0,0
0022200766,2022-23,1,25,22,0,43.3,DEAD_BALL,42-45,31.1,1,-6,4,3,2,2,1,1,113.7,117.1,1
0022200766,2022-23,2,25,22,0,33.1,DREB,33-36,18.1,0,-12,0,0,1,1,0,0,113.7,117.1,0
0022200766,2022-23,3,25,22,0,39.6,MADE_BASKET,39-42,30.9,1,-21,2,2,2,1,1,0,113.7,117.1,0
0022200767,2022-23,1,17,3,1,32.3,DREB,30-33,21.0,0,9,2,0,1,1,0,0,121.1,118.0,2
0022200767,2022-23,2,17,3,1,44.0,MADE_BASKET,42-45,31.6,1,3,2,0,2,2,1,1,121.1,118.0,2
0022200767,2022-23,3,17,3,1,30.0,MADE_BASKET,30-33,6.5,0,5,2,0,1,1,0,0,121.1,118.0,2
0022200768,2022-23,1,13,16,1,38.7,DREB,36-39,31.0,1,0,2,5,2,2,1,1,111.8,110.0,-3
0022200768,2022-23,2,13,16,1,34.7,DREB,33-36,16.2,0,-9,3,0,1,1,0,0,111.8,110.0,3
0022200768,2022-23,3,13,16,1,39.7,DREB,39-42,33.3,1,-1,2,0,2,1,1,0,111.8,110.0,2
0022200769,2022-23,1,10,9,0,30.1,DREB,30-33,15.4,0,-8,0,0,1,1,0,0,119.8,118.2,0
0022200769,2022-23,2,9,10,1,39.8,DREB,39-42,16.3,0,4,0,2,1,1,0,0,116.7,113.5,-2
0022200769,2022-23,3,9,10,1,43.1,MADE_BASKET,42-45,31.4,1,-5,2,3,2,1,1,0,116.7,113.5,-1
0022200770,2022-23,1,13,29,0,42.0,DREB,42-45,23.0,0,9,0,0,1,1,0,0,111.8,121.4,0
0022200770,2022-23,2,29,13,1,36.7,DEAD_BALL,36-39,26.0,0,-10,2,2,1,1,0,0,119.3,103.4,0
0022200770,2022-23,3,29,13,1,34.8,DREB,33-36,19.7,0,-6,0,2,1,1,0,0,119.3,103.4,-2
0022200771,2022-23,1,6,17,1,39.4,LIVE_TOV,39-42,36.0,1,-3,2,3,1,1,0,0,117.2,120.1,-1
0022200771,2022-23,3,6,17,1,41.5,MADE_BASKET,39-42,30.5,1,4,0,0,2,1,1,0,117.2,120.1,0
0022200772,2022-23,1,20,29,0,33.6,MADE_BASKET,33-36,20.2,0,-1,2,0,1,1,0,0,128.8,121.4,2
0022200772,2022-23,3,29,20,1,41.6,MADE_BASKET,39-42,30.6,1,4,2,0,2,1,1,0,119.3,114.8,2
0022200773,2022-23,2,7,8,0,32.1,MADE_BASKET,30-33,21.9,0,4,0,2,1,1,0,0,113.2,113.6,-2
0022200773,2022-23,3,8,7,1,41.8,DREB,39-42,28.9,1,-2,0,3,2,1,1,0,110.4,117.1,-3
0022200774,2022-23,1,17,20,1,32.9,DREB,30-33,19.9,0,6,3,2,1,1,0,0,121.1,114.8,1
0022200774,2022-23,2,17,20,1,36.5,DREB,36-39,33.8,1,3,0,2,2,1,1,0,121.1,114.8,-2
0022200774,2022-23,3,20,17,0,31.8,MADE_BASKET,30-33,9.8,0,2,2,2,1,1,0,0,128.8,120.1,0
0022200775,2022-23,1,17,28,0,31.0,DREB,30-33,10.9,0,-5,2,0,1,1,0,0,121.1,116.2,2
0022200775,2022-23,2,17,28,0,31.9,MADE_BASKET,30-33,9.9,0,4,3,0,1,1,0,0,121.1,116.2,3
0022200775,2022-23,3,17,28,0,44.4,DREB,42-45,32.2,1,4,0,2,2,2,1,1,121.1,116.2,-2
0022200776,2022-23,1,19,10,0,38.0,MADE_BASKET,36-39,31.8,1,5,1,2,2,1,1,0,123.8,113.5,-1
0022200776,2022-23,2,10,19,1,35.4,MADE_BASKET,33-36,19.6,0,-6,3,2,1,1,0,0,119.8,106.9,1
0022200776,2022-23,3,10,19,1,40.0,LIVE_TOV,39-42,32.5,1,-4,2,2,2,1,1,0,119.8,106.9,0
0022200777,2022-23,1,21,12,1,40.5,DREB,39-42,33.0,1,-1,0,2,2,2,1,1,118.7,116.6,-2
0022200778,2022-23,1,21,15,0,36.6,DREB,36-39,29.4,1,-1,2,0,2,1,1,0,118.7,112.7,2
0022200778,2022-23,2,15,21,1,31.8,MADE_BASKET,30-33,19.1,0,-3,0,0,2,1,1,0,118.9,107.9,0
0022200778,2022-23,3,15,21,1,41.9,DREB,39-42,33.9,1,-2,3,0,2,2,1,1,118.9,107.9,3
0022200779,2022-23,1,29,11,0,41.3,MADE_BASKET,39-42,30.8,1,11,0,0,2,1,1,0,119.3,121.8,0
0022200779,2022-23,2,11,29,1,31.2,MADE_BASKET,30-33,8.6,0,-17,2,0,1,1,0,0,118.3,121.4,2
0022200779,2022-23,3,29,11,0,44.9,LIVE_TOV,42-45,33.5,1,20,3,2,3,2,1,1,119.3,121.8,1
0022200780,2022-23,1,28,22,1,30.8,DREB,30-33,21.3,0,-7,0,2,2,1,1,0,117.8,117.1,-2
0022200780,2022-23,2,28,22,1,42.5,MADE_BASKET,42-45,34.1,1,-3,2,2,2,1,1,0,117.8,117.1,0
0022200780,2022-23,3,22,28,0,37.6,DREB,36-39,32.9,1,-5,4,0,3,2,1,1,117.1,116.2,4
0022200781,2022-23,1,29,28,1,40.3,LIVE_TOV,39-42,31.3,1,3,4,2,2,1,1,0,119.3,116.2,2
0022200781,2022-23,2,29,28,1,39.7,DREB,39-42,33.6,1,3,2,4,2,2,1,1,119.3,116.2,-2
0022200781,2022-23,3,29,28,1,38.3,LIVE_TOV,36-39,30.3,1,2,2,2,2,1,1,0,119.3,116.2,0
0022200782,2022-23,1,11,7,0,40.5,DREB,39-42,35.3,1,-9,2,3,2,1,1,0,118.3,117.1,-1
0022200782,2022-23,3,7,11,1,38.9,MADE_BASKET,36-39,23.5,0,15,0,0,1,1,0,0,113.2,121.8,0
0022200783,2022-23,1,27,11,1,38.6,MADE_BASKET,36-39,35.0,1,2,0,0,2,2,1,1,114.0,121.8,0
0022200783,2022-23,2,11,27,0,32.9,DREB,30-33,18.7,0,-11,2,0,1,1,0,0,118.3,115.3,2
0022200783,2022-23,3,27,11,1,35.2,MADE_BASKET,33-36,15.1,0,10,5,2,1,1,0,0,114.0,121.8,3
0022200784,2022-23,1,18,21,1,33.0,DEAD_BALL,33-36,18.5,0,-7,3,0,2,1,1,0,109.9,107.9,3
0022200784,2022-23,2,18,21,1,36.3,MADE_BASKET,36-39,32.3,1,4,2,3,1,1,0,0,109.9,107.9,-1
0022200784,2022-23,3,18,21,1,43.5,DEAD_BALL,42-45,31.9,1,17,6,3,2,2,1,1,109.9,107.9,3
0022200785,2022-23,1,4,8,0,42.3,DREB,42-45,29.6,1,-6,0,0,2,1,1,0,117.5,113.6,0
0022200785,2022-23,2,4,8,0,42.1,MADE_BASKET,42-45,32.2,1,-7,3,0,2,1,1,0,117.5,113.6,3
0022200785,2022-23,3,8,4,1,41.9,DREB,39-42,33.5,1,6,3,2,2,2,1,1,110.4,123.9,1
0022200786,2022-23,1,4,1,0,34.7,DREB,33-36,32.7,1,6,0,0,2,1,1,0,117.5,121.2,0
0022200786,2022-23,2,1,4,1,39.7,MADE_BASKET,39-42,20.0,0,-7,2,0,1,1,0,0,112.4,123.9,2
0022200786,2022-23,3,1,4,1,40.4,MADE_BASKET,39-42,28.9,1,-7,2,2,2,1,1,0,112.4,123.9,0
0022200787,2022-23,1,29,20,0,32.8,MADE_BASKET,30-33,14.5,0,1,0,3,1,1,0,0,119.3,114.8,-3
0022200787,2022-23,2,20,29,1,44.4,DREB,42-45,29.4,1,1,0,2,2,1,1,0,128.8,121.4,-2
0022200787,2022-23,3,20,29,1,35.1,DREB,33-36,22.9,0,-2,0,2,1,1,0,0,128.8,121.4,-2
0022200788,2022-23,1,15,21,0,42.3,DREB,42-45,33.3,1,-8,2,3,2,1,1,0,118.9,107.9,-1
0022200788,2022-23,3,15,21,0,40.5,MADE_BASKET,39-42,16.5,0,-20,2,0,1,1,0,0,118.9,107.9,2
0022200789,2022-23,1,1,15,1,43.7,MADE_BASKET,42-45,25.9,0,5,0,3,1,1,0,0,112.4,112.7,-3
0022200789,2022-23,2,1,15,1,36.5,DEAD_BALL,36-39,19.8,0,3,0,0,1,0,0,0,112.4,112.7,0
0022200789,2022-23,3,1,15,1,39.8,MADE_BASKET,39-42,29.2,1,-1,0,0,2,1,1,0,112.4,112.7,0
0022200790,2022-23,1,6,1,0,44.9,DREB,42-45,29.4,1,-2,0,2,2,1,1,0,117.2,121.2,-2
0022200790,2022-23,2,1,6,1,34.3,DREB,33-36,20.4,0,-1,0,2,1,1,0,0,112.4,109.2,-2
0022200790,2022-23,3,1,6,1,43.1,MADE_BASKET,42-45,27.9,0,-19,2,3,2,1,1,0,112.4,109.2,-1
0022200791,2022-23,1,23,18,1,32.6,DREB,30-33,16.4,0,-2,2,2,2,1,1,0,112.7,118.0,0
0022200791,2022-23,3,23,18,1,35.7,MADE_BASKET,33-36,22.0,0,1,0,0,1,1,0,0,112.7,118.0,0
0022200792,2022-23,1,15,28,1,38.2,MADE_BASKET,36-39,22.8,0,-6,0,2,2,1,1,0,118.9,116.2,-2
0022200792,2022-23,2,28,15,0,44.1,DEAD_BALL,42-45,34.4,1,8,2,3,2,1,1,0,117.8,112.7,-1
0022200793,2022-23,1,2,12,0,41.6,LIVE_TOV,39-42,32.5,1,3,2,2,2,1,1,0,118.0,116.6,0
0022200793,2022-23,2,12,2,1,44.6,MADE_BASKET,42-45,30.1,1,-4,4,0,2,1,1,0,111.9,119.0,4
0022200793,2022-23,3,12,2,1,41.2,MADE_BASKET,39-42,36.3,1,-2,3,2,2,2,1,1,111.9,119.0,1
0022200794,2022-23,1,26,30,0,30.8,MADE_BASKET,30-33,9.2,0,1,3,0,1,1,0,0,113.0,112.5,3
0022200794,2022-23,2,26,30,0,43.7,MADE_BASKET,42-45,29.9,1,2,0,0,1,1,0,0,113.0,112.5,0
0022200794,2022-23,3,26,30,0,30.5,MADE_BASKET,30-33,5.3,0,7,3,0,1,1,0,0,113.0,112.5,3
0022200795,2022-23,1,10,12,0,44.5,MADE_BASKET,42-45,39.2,1,-2,6,0,2,2,1,1,119.8,116.6,6
0022200795,2022-23,2,10,12,0,33.8,DREB,33-36,30.2,1,6,3,0,2,1,1,0,119.8,116.6,3
0022200795,2022-23,3,10,12,0,35.7,DREB,33-36,24.8,0,8,2,0,1,1,0,0,119.8,116.6,2
0022200796,2022-23,1,30,19,0,34.3,MADE_BASKET,33-36,24.1,0,4,0,0,1,1,0,0,112.3,106.9,0
0022200796,2022-23,2,19,30,1,37.6,DREB,36-39,28.7,1,4,0,0,2,1,1,0,123.8,112.5,0
0022200796,2022-23,3,30,19,0,40.8,MADE_BASKET,39-42,28.9,1,-2,3,0,1,1,0,0,112.3,106.9,3
0022200797,2022-23,1,9,7,0,34.5,MADE_BASKET,33-36,30.7,1,2,0,2,2,1,1,0,116.7,117.1,-2
0022200797,2022-23,2,9,7,0,45.0,MADE_BASKET,42-45,36.6,1,2,0,0,2,1,1,0,116.7,117.1,0
0022200797,2022-23,3,7,9,1,38.1,MADE_BASKET,36-39,15.0,0,-9,0,0,1,1,0,0,113.2,118.2,0
0022200798,2022-23,1,20,6,0,34.6,MADE_BASKET,33-36,18.1,0,2,3,5,2,1,1,0,128.8,109.2,-2
0022200798,2022-23,2,20,6,0,38.3,MADE_BASKET,36-39,28.3,1,8,0,0,2,1,1,0,128.8,109.2,0
0022200798,2022-23,3,20,6,0,42.3,MADE_BASKET,42-45,30.9,1,0,0,2,2,1,1,0,128.8,109.2,-2
0022200799,2022-23,1,22,16,0,38.1,MADE_BASKET,36-39,28.9,1,1,2,0,2,1,1,0,117.1,110.0,2
0022200799,2022-23,2,22,16,0,37.7,MADE_BASKET,36-39,33.5,1,-5,2,0,2,2,1,1,117.1,110.0,2
0022200799,2022-23,3,16,22,1,39.5,DREB,39-42,34.0,1,-14,0,3,2,2,1,1,121.8,117.1,-3
0022200800,2022-23,1,16,25,0,37.5,MADE_BASKET,36-39,21.6,0,-1,2,0,1,1,0,0,121.8,113.8,2
0022200800,2022-23,2,16,25,0,40.7,MADE_BASKET,39-42,28.1,1,-15,2,3,2,1,1,0,121.8,113.8,-1
0022200800,2022-23,3,25,16,1,34.2,MADE_BASKET,33-36,28.8,1,7,2,0,2,2,1,1,113.7,110.0,2
0022200801,2022-23,1,1,8,1,35.9,MADE_BASKET,33-36,10.6,0,-12,3,3,2,1,1,0,112.4,113.6,0
0022200801,2022-23,2,8,1,0,43.1,DREB,42-45,31.9,1,11,2,0,1,1,0,0,110.4,121.2,2
0022200801,2022-23,3,1,8,1,32.5,DREB,30-33,26.6,0,-4,0,0,1,1,0,0,112.4,113.6,0
0022200802,2022-23,1,19,4,1,37.4,MADE_BASKET,36-39,32.0,1,-7,2,1,2,1,1,0,123.8,123.9,1
0022200802,2022-23,2,19,4,1,31.9,DREB,30-33,29.6,1,-7,5,0,2,1,1,0,123.8,123.9,5
0022200802,2022-23,3,4,19,0,33.9,DEAD_BALL,33-36,31.3,1,6,3,0,2,1,1,0,117.5,106.9,3
0022200803,2022-23,1,27,16,0,35.4,MADE_BASKET,33-36,11.4,0,0,0,0,1,1,0,0,114.0,110.0,0
0022200803,2022-23,2,27,16,0,38.8,MADE_BASKET,36-39,29.8,1,-1,4,0,2,1,1,0,114.0,110.0,4
0022200803,2022-23,3,27,16,0,36.6,DREB,36-39,29.0,1,7,2,0,1,1,0,0,114.0,110.0,2
0022200804,2022-23,1,26,12,1,38.3,DREB,36-39,32.5,1,-7,0,0,2,1,1,0,113.0,116.6,0
0022200804,2022-23,2,26,12,1,36.4,DREB,36-39,17.4,0,5,3,0,1,1,0,0,113.0,116.6,3
0022200804,2022-23,3,26,12,1,37.1,DREB,36-39,25.0,0,-1,4,2,2,2,1,1,113.0,116.6,2
0022200805,2022-23,1,10,18,0,38.5,DREB,36-39,28.3,1,5,4,0,2,1,1,0,119.8,118.0,4
0022200805,2022-23,2,10,18,0,39.1,MADE_BASKET,39-42,29.8,1,8,0,0,1,1,0,0,119.8,118.0,0
0022200805,2022-23,3,10,18,0,37.1,MADE_BASKET,36-39,19.4,0,10,3,0,1,1,0,0,119.8,118.0,3
0022200806,2022-23,1,6,15,1,31.7,MADE_BASKET,30-33,14.2,0,0,3,3,2,1,1,0,117.2,112.7,0
0022200806,2022-23,2,15,6,0,34.8,DEAD_BALL,33-36,29.7,1,5,2,0,2,1,1,0,118.9,109.2,2
0022200806,2022-23,3,15,6,0,31.0,MADE_BASKET,30-33,10.3,0,8,0,2,1,1,0,0,118.9,109.2,-2
0022200807,2022-23,1,19,15,1,39.3,DREB,39-42,30.4,1,-1,2,2,1,1,0,0,123.8,112.7,0
0022200807,2022-23,3,15,19,0,38.3,DREB,36-39,33.5,1,-10,4,2,2,1,1,0,118.9,106.9,2
0022200808,2022-23,1,26,29,0,38.0,MADE_BASKET,36-39,30.0,1,-3,0,0,2,1,1,0,113.0,121.4,0
0022200808,2022-23,2,29,26,1,35.0,DREB,33-36,24.2,0,-2,0,0,1,1,0,0,119.3,118.7,0
0022200808,2022-23,3,26,29,0,32.1,MADE_BASKET,30-33,30.1,1,8,0,3,2,1,1,0,113.0,121.4,-3
0022200809,2022-23,1,8,9,1,39.3,MADE_BASKET,39-42,19.5,0,-5,2,0,1,1,0,0,110.4,118.2,2
0022200809,2022-23,2,8,9,1,33.2,DREB,33-36,30.6,1,0,1,0,2,2,1,1,110.4,118.2,1
0022200809,2022-23,3,8,9,1,37.7,MADE_BASKET,36-39,31.4,1,-8,1,0,2,1,1,0,110.4,118.2,1
0022200810,2022-23,1,10,22,1,33.4,MADE_BASKET,33-36,21.3,0,1,0,4,1,1,0,0,119.8,117.1,-4
0022200810,2022-23,2,10,22,1,39.6,DREB,39-42,23.7,0,-3,0,2,1,1,0,0,119.8,117.1,-2
0022200810,2022-23,3,22,10,0,43.2,LIVE_TOV,42-45,28.5,1,4,0,0,2,1,1,0,117.1,113.5,0
0022200811,2022-23,1,22,28,1,33.6,DREB,33-36,20.3,0,-5,2,0,1,1,0,0,117.1,116.2,2
0022200811,2022-23,2,28,22,0,36.3,DREB,36-39,29.3,1,13,4,2,2,2,1,1,117.8,117.1,2
0022200811,2022-23,3,28,22,0,42.4,MADE_BASKET,42-45,29.8,1,9,0,2,1,1,0,0,117.8,117.1,-2
0022200812,2022-23,1,11,24,0,39.9,DEAD_BALL,39-42,37.3,1,-3,3,5,3,2,1,1,118.3,113.3,-2
0022200812,2022-23,2,24,11,1,40.6,DREB,39-42,31.1,1,12,3,3,2,2,1,1,120.3,121.8,0
0022200812,2022-23,3,24,11,1,38.7,DREB,36-39,21.5,0,14,2,0,1,1,0,0,120.3,121.8,2
0022200813,2022-23,1,19,21,1,40.8,DREB,39-42,32.9,1,2,3,2,2,1,1,0,123.8,107.9,1
0022200813,2022-23,3,21,19,0,32.0,DREB,30-33,12.0,0,-12,0,2,1,1,0,0,118.7,106.9,-2
0022200814,2022-23,1,25,23,0,31.2,DREB,30-33,29.2,1,-13,2,2,2,1,1,0,113.7,118.1,0
0022200814,2022-23,2,25,23,0,32.3,DREB,30-33,30.3,1,-5,0,3,2,1,1,0,113.7,118.1,-3
0022200814,2022-23,3,25,23,0,34.2,MADE_BASKET,33-36,24.9,0,-8,2,0,1,1,0,0,113.7,118.1,2
0022200815,2022-23,1,19,24,0,39.1,LIVE_TOV,39-42,29.7,1,-6,2,0,2,1,1,0,123.8,113.3,2
0022200815,2022-23,2,19,24,0,35.5,DREB,33-36,25.8,0,1,2,0,2,1,1,0,123.8,113.3,2
0022200815,2022-23,3,19,24,0,37.2,DEAD_BALL,36-39,29.8,1,0,0,0,2,1,1,0,123.8,113.3,0
0022200816,2022-23,1,29,25,0,40.2,MADE_BASKET,39-42,23.2,0,1,0,0,1,1,0,0,119.3,113.8,0
0022200816,2022-23,3,29,25,0,34.0,MADE_BASKET,33-36,13.5,0,1,0,2,1,1,0,0,119.3,113.8,-2
0022200817,2022-23,1,2,19,1,42.9,DREB,42-45,31.7,1,-4,0,1,2,1,1,0,118.0,106.9,-1
0022200817,2022-23,2,19,2,0,40.3,MADE_BASKET,39-42,34.0,1,2,2,2,2,1,1,0,123.8,119.0,0
0022200817,2022-23,3,19,2,0,37.8,MADE_BASKET,36-39,33.2,1,5,2,2,2,1,1,0,123.8,119.0,0
0022200818,2022-23,1,14,29,1,42.4,DREB,42-45,29.6,1,7,3,2,2,1,1,0,118.8,121.4,1
0022200818,2022-23,2,14,29,1,34.0,DREB,33-36,29.9,1,13,3,0,2,1,1,0,118.8,121.4,3
0022200819,2022-23,1,20,4,1,45.0,DREB,42-45,31.3,1,0,2,3,1,1,0,0,128.8,123.9,-1
0022200819,2022-23,2,4,20,0,36.4,MADE_BASKET,36-39,29.3,1,-3,2,5,2,1,1,0,117.5,114.8,-3
0022200819,2022-23,3,4,20,0,37.7,MADE_BASKET,36-39,25.6,0,-16,2,0,1,1,0,0,117.5,114.8,2
0022200820,2022-23,1,5,23,1,33.4,DREB,33-36,26.7,0,-4,2,3,2,1,1,0,111.3,118.1,-1
0022200820,2022-23,3,5,23,1,44.6,MADE_BASKET,42-45,35.6,1,-15,3,2,2,2,1,1,111.3,118.1,1
0022200821,2022-23,2,4,21,1,39.4,MADE_BASKET,39-42,30.7,1,-20,0,3,1,1,0,0,117.5,107.9,-3
0022200821,2022-23,3,21,4,0,42.4,MADE_BASKET,42-45,37.2,1,29,2,0,2,1,1,0,118.7,123.9,2
0022200822,2022-23,1,23,10,1,35.4,DREB,33-36,22.2,0,0,2,0,1,1,0,0,112.7,113.5,2
0022200822,2022-23,2,10,23,0,42.4,DREB,42-45,39.9,1,6,0,4,2,1,1,0,119.8,118.1,-4
0022200822,2022-23,3,23,10,1,40.6,MADE_BASKET,39-42,22.9,0,-9,3,0,2,1,1,0,112.7,113.5,3
0022200823,2022-23,1,1,10,1,41.6,MADE_BASKET,39-42,33.9,1,-3,0,0,1,1,0,0,112.4,113.5,0
0022200823,2022-23,2,1,10,1,36.7,MADE_BASKET,36-39,30.2,1,-4,5,2,2,1,1,0,112.4,113.5,3
0022200823,2022-23,3,1,10,1,43.0,MADE_BASKET,42-45,27.0,0,-3,2,1,1,1,0,0,112.4,113.5,1
0022200824,2022-23,1,9,23,1,31.4,DREB,30-33,29.3,1,2,2,5,2,1,1,0,116.7,118.1,-3
0022200824,2022-23,2,9,23,1,38.6,DEAD_BALL,36-39,37.1,1,-3,0,3,2,2,1,1,116.7,118.1,-3
0022200825,2022-23,1,7,16,0,44.4,DREB,42-45,30.4,1,-5,1,0,2,1,1,0,113.2,110.0,1
0022200825,2022-23,2,16,7,1,30.2,DREB,30-33,17.5,0,6,2,0,1,1,0,0,121.8,117.1,2
0022200825,2022-23,3,7,16,0,38.5,MADE_BASKET,36-39,21.9,0,-7,0,3,1,1,0,0,113.2,110.0,-3
0022200826,2022-23,1,4,1,0,42.3,DREB,42-45,32.1,1,-3,0,0,2,1,1,0,117.5,121.2,0
0022200826,2022-23,2,4,1,0,40.6,MADE_BASKET,39-42,35.5,1,-5,5,0,2,1,1,0,117.5,121.2,5
0022200827,2022-23,1,24,12,1,43.7,LIVE_TOV,42-45,30.2,1,-12,4,1,2,2,1,1,120.3,116.6,3
0022200827,2022-23,2,12,24,0,30.1,MADE_BASKET,30-33,16.5,0,2,3,2,2,1,1,0,111.9,113.3,1
0022200827,2022-23,3,12,24,0,32.3,DREB,30-33,18.7,0,10,3,0,1,1,0,0,111.9,113.3,3
0022200828,2022-23,1,29,17,1,39.7,MADE_BASKET,39-42,29.4,1,-10,2,2,2,1,1,0,119.3,120.1,0
0022200828,2022-23,2,29,17,1,31.8,MADE_BASKET,30-33,19.4,0,-10,2,2,1,1,0,0,119.3,120.1,0
0022200828,2022-23,3,29,17,1,37.9,MADE_BASKET,36-39,25.0,0,-20,0,3,1,1,0,0,119.3,120.1,-3
0022200829,2022-23,1,24,2,0,31.3,DREB,30-33,17.6,0,-1,2,0,1,1,0,0,120.3,119.0,2
0022200829,2022-23,2,24,2,0,30.1,DREB,30-33,17.2,0,-4,0,0,1,1,0,0,120.3,119.0,0
0022200829,2022-23,3,2,24,1,38.6,MADE_BASKET,36-39,18.2,0,0,3,2,1,1,0,0,118.0,113.3,1
0022200830,2022-23,1,5,7,0,34.2,MADE_BASKET,33-36,20.1,0,3,2,1,1,1,0,0,111.3,117.1,1
0022200830,2022-23,2,5,7,0,42.7,MADE_BASKET,42-45,31.5,1,-7,2,0,2,1,1,0,111.3,117.1,2
0022200830,2022-23,3,5,7,0,31.5,MADE_BASKET,30-33,17.4,0,-12,3,0,1,1,0,0,111.3,117.1,3
0022200831,2022-23,1,4,10,0,31.6,MADE_BASKET,30-33,7.2,0,-4,0,3,2,1,1,0,117.5,113.5,-3
0022200831,2022-23,2,4,10,0,45.0,DREB,42-45,34.7,1,-12,4,0,2,1,1,0,117.5,113.5,4
0022200831,2022-23,3,10,4,1,43.2,MADE_BASKET,42-45,38.9,1,11,3,2,3,2,1,1,119.8,123.9,1
0022200832,2022-23,3,21,1,0,35.6,LIVE_TOV,33-36,29.8,1,-10,2,2,2,1,1,0,118.7,121.2,0
0022200833,2022-23,1,21,16,0,33.0,MADE_BASKET,33-36,28.5,1,2,0,2,2,1,1,0,118.7,110.0,-2
0022200833,2022-23,2,21,16,0,39.4,DREB,39-42,28.6,1,0,0,0,1,1,0,0,118.7,110.0,0
0022200833,2022-23,3,21,16,0,30.7,DREB,30-33,9.2,0,4,2,0,1,1,0,0,118.7,110.0,2
0022200834,2022-23,1,15,12,0,33.3,DREB,33-36,16.4,0,6,0,0,1,1,0,0,118.9,116.6,0
0022200834,2022-23,2,15,12,0,33.0,MADE_BASKET,33-36,8.9,0,7,0,2,2,1,1,0,118.9,116.6,-2
0022200834,2022-23,3,15,12,0,31.9,MADE_BASKET,30-33,22.7,0,-4,2,0,1,0,0,0,118.9,116.6,2
0022200835,2022-23,1,30,16,0,34.3,MADE_BASKET,33-36,16.2,0,11,0,0,1,1,0,0,112.3,110.0,0
0022200835,2022-23,2,16,30,1,31.5,DREB,30-33,29.6,1,-15,2,2,1,1,0,0,121.8,112.5,0
0022200835,2022-23,3,30,16,0,35.8,MADE_BASKET,33-36,21.8,0,26,0,0,2,1,1,0,112.3,110.0,0
0022200836,2022-23,1,9,25,0,41.9,MADE_BASKET,39-42,25.3,0,5,5,0,2,1,1,0,116.7,113.8,5
0022200836,2022-23,2,9,25,0,32.9,DEAD_BALL,30-33,22.2,0,0,2,2,2,1,1,0,116.7,113.8,0
0022200836,2022-23,3,25,9,1,35.3,MADE_BASKET,33-36,22.0,0,-2,0,3,1,1,0,0,113.7,118.2,-3
0022200837,2022-23,1,22,7,0,38.5,LIVE_TOV,36-39,31.8,1,1,0,3,2,1,1,0,117.1,117.1,-3
0022200837,2022-23,2,7,22,1,42.1,DREB,42-45,33.4,1,3,5,2,2,1,1,0,113.2,117.1,3
0022200837,2022-23,3,22,7,0,35.5,DREB,33-36,20.5,0,-3,1,0,1,1,0,0,117.1,117.1,1
0022200838,2022-23,1,2,12,0,34.8,DREB,33-36,29.6,1,-15,0,2,2,1,1,0,118.0,116.6,-2
0022200838,2022-23,2,12,2,1,37.5,DREB,36-39,29.0,1,20,0,2,2,1,1,0,111.9,119.0,-2
0022200838,2022-23,3,2,12,0,43.5,MADE_BASKET,42-45,30.0,1,-22,3,0,2,1,1,0,118.0,116.6,3
0022200839,2022-23,1,3,7,0,39.9,DREB,39-42,26.1,0,-4,2,3,1,1,0,0,118.5,117.1,-1
0022200839,2022-23,2,3,7,0,36.4,DREB,36-39,29.8,1,-8,0,2,2,1,1,0,118.5,117.1,-2
0022200839,2022-23,3,3,7,0,40.9,MADE_BASKET,39-42,35.0,1,-20,2,3,2,1,1,0,118.5,117.1,-1
0022200840,2022-23,1,21,27,1,37.2,MADE_BASKET,36-39,28.9,1,-2,4,0,2,2,1,1,118.7,115.3,4
0022200840,2022-23,3,27,21,0,35.2,MADE_BASKET,33-36,20.5,0,-14,0,3,2,1,1,0,114.0,107.9,-3
0022200841,2022-23,1,9,10,1,41.9,MADE_BASKET,39-42,22.8,0,7,0,2,1,1,0,0,116.7,113.5,-2
0022200841,2022-23,2,10,9,0,42.1,DREB,42-45,38.3,1,-2,0,3,2,1,1,0,119.8,118.2,-3
0022200841,2022-23,3,9,10,1,38.6,MADE_BASKET,36-39,21.5,0,5,0,2,1,1,0,0,116.7,113.5,-2
0022200842,2022-23,1,9,26,1,37.3,MADE_BASKET,36-39,13.5,0,8,3,0,1,1,0,0,116.7,118.7,3
0022200842,2022-23,2,26,9,0,33.4,DEAD_BALL,33-36,29.6,1,-8,5,2,2,1,1,0,113.0,118.2,3
0022200842,2022-23,3,26,9,0,33.7,MADE_BASKET,33-36,29.4,1,-4,2,0,1,1,0,0,113.0,118.2,2
0022200843,2022-23,1,6,19,0,39.2,MADE_BASKET,39-42,28.6,1,-3,2,3,2,1,1,0,117.2,106.9,-1
0022200843,2022-23,2,6,19,0,35.7,MADE_BASKET,33-36,32.1,1,2,0,2,2,1,1,0,117.2,106.9,-2
0022200843,2022-23,3,19,6,1,36.1,DREB,36-39,32.4,1,1,2,2,2,1,1,0,123.8,109.2,0
0022200844,2022-23,1,12,1,0,42.8,MADE_BASKET,42-45,39.0,1,6,0,2,2,1,1,0,111.9,121.2,-2
0022200844,2022-23,2,1,12,1,41.5,DREB,39-42,32.5,1,-7,0,0,2,2,1,1,112.4,116.6,0
0022200844,2022-23,3,1,12,1,30.9,MADE_BASKET,30-33,6.5,0,-2,0,3,1,1,0,0,112.4,116.6,-3
0022200845,2022-23,1,20,17,1,41.6,DREB,39-42,29.1,1,3,3,3,2,1,1,0,128.8,120.1,0
0022200845,2022-23,2,17,20,0,43.3,MADE_BASKET,42-45,31.6,1,0,2,0,2,1,1,0,121.1,114.8,2
0022200845,2022-23,3,17,20,0,41.6,MADE_BASKET,39-42,22.1,0,-1,2,0,1,1,0,0,121.1,114.8,2
0022200846,2022-23,1,22,8,1,39.3,MADE_BASKET,39-42,27.2,0,-8,3,0,1,1,0,0,117.1,113.6,3
0022200846,2022-23,2,8,22,0,33.7,DREB,33-36,20.1,0,8,0,2,2,1,1,0,110.4,117.1,-2
0022200846,2022-23,3,22,8,1,36.1,MADE_BASKET,36-39,30.2,1,-14,2,2,2,1,1,0,117.1,113.6,0
0022200847,2022-23,1,9,6,0,40.6,DREB,39-42,37.9,1,0,0,5,2,2,1,1,116.7,109.2,-5
0022200847,2022-23,2,9,6,0,31.8,LIVE_TOV,30-33,28.4,1,-3,2,4,2,1,1,0,116.7,109.2,-2
0022200847,2022-23,3,9,6,0,33.9,DREB,33-36,22.0,0,-6,3,0,1,1,0,0,116.7,109.2,3
0022200848,2022-23,3,8,15,0,41.4,LIVE_TOV,39-42,31.3,1,-4,3,0,1,1,0,0,110.4,112.7,3
0022200849,2022-23,1,3,25,0,36.3,MADE_BASKET,36-39,20.2,0,-6,4,1,1,1,0,0,118.5,113.8,3
0022200849,2022-23,2,3,25,0,30.6,MADE_BASKET,30-33,17.8,0,-3,4,3,2,1,1,0,118.5,113.8,1
0022200849,2022-23,3,25,3,1,33.3,DREB,33-36,17.4,0,-3,2,0,1,1,0,0,113.7,118.0,2
0022200850,2022-23,3,27,23,1,33.6,MADE_BASKET,33-36,13.0,0,-22,0,2,1,1,0,0,114.0,118.1,-2
0022200851,2022-23,1,13,4,0,33.7,MADE_BASKET,33-36,17.8,0,4,2,2,2,1,1,0,111.8,123.9,0
0022200851,2022-23,2,4,13,1,34.3,DREB,33-36,31.5,1,0,5,0,2,1,1,0,117.5,103.4,5
0022200851,2022-23,3,13,4,0,39.2,DREB,39-42,22.3,0,3,2,3,1,1,0,0,111.8,123.9,-1
0022200852,2022-23,2,30,3,0,38.3,MADE_BASKET,36-39,24.1,0,-1,0,2,1,1,0,0,112.3,118.0,-2
0022200852,2022-23,3,30,3,0,37.9,LIVE_TOV,36-39,30.7,1,-4,0,0,2,2,1,1,112.3,118.0,0
0022200853,2022-23,1,3,15,0,33.8,DEAD_BALL,33-36,22.9,0,4,0,0,2,1,1,0,118.5,112.7,0
0022200853,2022-23,2,3,15,0,39.4,DREB,39-42,25.9,0,3,0,2,2,1,1,0,118.5,112.7,-2
0022200853,2022-23,3,15,3,1,36.1,DEAD_BALL,36-39,20.1,0,14,0,2,2,1,1,0,118.9,118.0,-2
0022200854,2022-23,1,13,16,0,42.4,LIVE_TOV,42-45,38.3,1,3,2,3,2,2,1,1,111.8,110.0,-1
0022200854,2022-23,2,16,13,1,38.6,MADE_BASKET,36-39,29.3,1,-3,3,0,2,1,1,0,121.8,103.4,3
0022200854,2022-23,3,16,13,1,37.3,MADE_BASKET,36-39,28.3,1,0,2,0,2,1,1,0,121.8,103.4,2
0022200855,2022-23,1,30,20,0,42.3,DREB,42-45,28.9,1,1,0,0,2,1,1,0,112.3,114.8,0
0022200855,2022-23,2,20,30,1,42.3,DREB,42-45,29.3,1,5,5,2,2,1,1,0,128.8,112.5,3
0022200855,2022-23,3,20,30,1,35.6,LIVE_TOV,33-36,30.4,1,9,2,3,2,1,1,0,128.8,112.5,-1
0022200856,2022-23,1,27,20,1,36.3,MADE_BASKET,36-39,31.1,1,-5,3,0,2,1,1,0,114.0,114.8,3
0022200856,2022-23,3,20,27,0,44.2,DREB,42-45,30.0,1,2,2,0,2,2,1,1,128.8,115.3,2
0022200857,2022-23,1,5,25,1,30.2,MADE_BASKET,30-33,6.9,0,5,0,2,1,1,0,0,111.3,113.8,-2
0022200857,2022-23,2,5,25,1,42.2,MADE_BASKET,42-45,33.1,1,-3,2,2,2,1,1,0,111.3,113.8,0
0022200857,2022-23,3,5,25,1,39.7,DREB,39-42,37.2,1,-2,4,2,2,2,1,1,111.3,113.8,2
0022200858,2022-23,2,13,23,1,39.5,MADE_BASKET,39-42,29.6,1,4,0,0,2,1,1,0,111.8,118.1,0
0022200858,2022-23,3,23,13,0,41.4,DREB,39-42,22.5,0,-5,0,2,1,1,0,0,112.7,103.4,-2
0022200859,2022-23,1,14,2,1,34.4,MADE_BASKET,33-36,26.7,0,4,2,2,2,1,1,0,118.8,119.0,0
0022200859,2022-23,2,2,14,0,33.3,MADE_BASKET,33-36,14.7,0,0,6,2,2,1,1,0,118.0,119.9,4
0022200859,2022-23,3,14,2,1,30.3,MADE_BASKET,30-33,5.9,0,-7,2,2,2,1,1,0,118.8,119.0,0
0022200860,2022-23,2,24,21,0,44.5,MADE_BASKET,42-45,30.2,1,8,2,2,2,1,1,0,120.3,107.9,0
0022200861,2022-23,1,18,11,1,36.9,DREB,36-39,32.8,1,2,0,0,2,1,1,0,109.9,121.8,0
0022200861,2022-23,3,11,18,0,41.1,MADE_BASKET,39-42,36.1,1,4,2,0,2,1,1,0,118.3,118.0,2
0022200862,2022-23,1,15,8,1,34.9,MADE_BASKET,33-36,17.9,0,-2,3,2,2,1,1,0,118.9,113.6,1
0022200862,2022-23,2,15,8,1,33.8,MADE_BASKET,33-36,29.2,1,-5,0,2,1,1,0,0,118.9,113.6,-2
0022200862,2022-23,3,8,15,0,41.0,DEAD_BALL,39-42,29.4,1,8,3,0,1,1,0,0,110.4,112.7,3
0022200863,2022-23,2,20,9,1,31.1,DREB,30-33,22.7,0,4,0,0,1,1,0,0,128.8,118.2,0
0022200863,2022-23,3,9,20,0,36.5,MADE_BASKET,36-39,24.6,0,3,2,0,1,1,0,0,116.7,114.8,2
0022200865,2022-23,1,18,3,1,38.0,MADE_BASKET,36-39,34.3,1,-1,2,0,2,2,1,1,109.9,118.0,2
0022200865,2022-23,2,18,3,1,31.3,DREB,30-33,14.2,0,-1,3,2,1,1,0,0,109.9,118.0,1
0022200866,2022-23,2,12,9,1,34.9,DREB,33-36,29.0,1,4,0,1,2,1,1,0,111.9,118.2,-1
0022200866,2022-23,3,12,9,1,40.7,MADE_BASKET,39-42,35.2,1,-9,0,3,2,2,1,1,111.9,118.2,-3
0022200867,2022-23,1,22,15,0,35.2,MADE_BASKET,33-36,30.2,1,-3,3,2,2,1,1,0,117.1,112.7,1
0022200867,2022-23,2,22,15,0,40.0,DREB,39-42,31.5,1,-3,3,2,2,1,1,0,117.1,112.7,1
0022200867,2022-23,3,15,22,1,35.7,MADE_BASKET,33-36,20.8,0,12,1,2,2,1,1,0,118.9,117.1,-1
0022200868,2022-23,1,22,1,1,36.6,LIVE_TOV,36-39,30.3,1,1,5,2,2,1,1,0,117.1,121.2,3
0022200868,2022-23,2,1,22,0,39.1,MADE_BASKET,39-42,23.8,0,4,0,0,1,1,0,0,112.4,117.1,0
0022200868,2022-23,3,1,22,0,31.9,DREB,30-33,25.5,0,8,3,0,2,1,1,0,112.4,117.1,3
0022200869,2022-23,1,9,1,0,44.5,LIVE_TOV,42-45,33.2,1,-6,4,2,2,1,1,0,116.7,121.2,2
0022200869,2022-23,2,9,1,0,44.0,MADE_BASKET,42-45,37.5,1,-8,0,3,2,2,1,1,116.7,121.2,-3
0022200869,2022-23,3,1,9,1,36.7,DREB,36-39,29.9,1,10,2,1,1,1,0,0,112.4,118.2,1
0022200870,2022-23,1,24,10,1,43.5,MADE_BASKET,42-45,39.1,1,2,0,2,2,1,1,0,120.3,113.5,-2
0022200870,2022-23,2,10,24,0,35.3,LIVE_TOV,33-36,28.6,1,-11,0,0,2,1,1,0,119.8,113.3,0
0022200870,2022-23,3,10,24,0,31.2,MADE_BASKET,30-33,19.4,0,-7,0,2,1,1,0,0,119.8,113.3,-2
0022200871,2022-23,1,8,9,0,30.6,MADE_BASKET,30-33,12.5,0,-3,0,0,1,1,0,0,110.4,118.2,0
0022200871,2022-23,2,8,9,0,36.4,MADE_BASKET,36-39,19.7,0,-13,2,0,1,1,0,0,110.4,118.2,2
0022200871,2022-23,3,9,8,1,35.8,DREB,33-36,27.5,0,6,3,0,1,1,0,0,116.7,113.6,3
0022200872,2022-23,1,15,6,0,37.8,DEAD_BALL,36-39,29.7,1,-4,2,2,2,1,1,0,118.9,109.2,0
0022200872,2022-23,2,15,6,0,33.2,DREB,33-36,29.4,1,12,3,3,2,1,1,0,118.9,109.2,0
0022200872,2022-23,3,15,6,0,40.9,MADE_BASKET,39-42,24.7,0,7,2,2,1,1,0,0,118.9,109.2,0
0022200873,2022-23,2,2,25,1,36.4,DREB,36-39,20.4,0,7,0,0,1,1,0,0,118.0,113.8,0
0022200873,2022-23,3,2,25,1,37.6,DREB,36-39,29.3,1,5,2,0,1,1,0,0,118.0,113.8,2
0022200874,2022-23,1,14,22,0,42.2,DREB,42-45,33.0,1,2,0,0,2,2,1,1,118.8,117.1,0
0022200874,2022-23,2,14,22,0,41.9,MADE_BASKET,39-42,29.9,1,10,6,0,2,1,1,0,118.8,117.1,6
0022200874,2022-23,3,14,22,0,43.8,DREB,42-45,28.6,1,20,2,2,2,1,1,0,118.8,117.1,0
0022200875,2022-23,2,21,13,0,32.4,MADE_BASKET,30-33,16.8,0,-12,2,2,2,1,1,0,118.7,103.4,0
0022200875,2022-23,3,21,13,0,30.5,MADE_BASKET,30-33,6.1,0,-23,0,0,1,0,0,0,118.7,103.4,0
0022200876,2022-23,1,24,28,1,38.0,MADE_BASKET,36-39,30.2,1,-8,2,1,1,1,0,0,120.3,116.2,1
0022200876,2022-23,2,28,24,0,42.1,DREB,42-45,29.8,1,10,0,3,2,2,1,1,117.8,113.3,-3
0022200876,2022-23,3,28,24,0,38.8,DREB,36-39,26.4,0,3,2,0,1,1,0,0,117.8,113.3,2
0022200877,2022-23,1,29,22,1,38.2,MADE_BASKET,36-39,22.9,0,0,0,0,1,1,0,0,119.3,117.1,0
0022200877,2022-23,2,22,29,0,40.1,MADE_BASKET,39-42,29.0,1,3,3,2,2,1,1,0,117.1,121.4,1
0022200877,2022-23,3,22,29,0,43.5,DREB,42-45,35.4,1,-3,2,0,2,2,1,1,117.1,121.4,2
0022200878,2022-23,3,13,1,0,33.0,DREB,33-36,18.7,0,7,2,1,1,1,0,0,111.8,121.2,1
0022200879,2022-23,1,24,18,0,33.0,LIVE_TOV,33-36,29.0,1,9,5,1,2,1,1,0,120.3,118.0,4
0022200879,2022-23,3,24,18,0,40.9,LIVE_TOV,39-42,35.1,1,-4,5,5,3,2,1,1,120.3,118.0,0
0022200880,2022-23,1,22,28,1,37.8,MADE_BASKET,36-39,26.0,0,15,4,2,2,1,1,0,117.1,116.2,2
0022200880,2022-23,2,22,28,1,37.6,DEAD_BALL,36-39,29.0,1,20,2,3,2,1,1,0,117.1,116.2,-1
0022200880,2022-23,3,28,22,0,42.7,DREB,42-45,32.3,1,-17,0,2,2,1,1,0,117.8,117.1,-2
0022200881,2022-23,1,21,26,0,35.8,DREB,33-36,23.4,0,6,6,2,1,1,0,0,118.7,118.7,4
0022200881,2022-23,3,21,26,0,32.0,LIVE_TOV,30-33,19.7,0,20,0,0,2,1,1,0,118.7,118.7,0
0022200882,2022-23,1,6,29,0,37.6,DREB,36-39,22.9,0,0,0,2,1,1,0,0,117.2,121.4,-2
0022200882,2022-23,2,29,6,1,40.0,DREB,39-42,24.8,0,12,0,0,1,1,0,0,119.3,109.2,0
0022200882,2022-23,3,29,6,1,31.1,MADE_BASKET,30-33,28.9,1,15,1,3,2,1,1,0,119.3,109.2,-2
0022200883,2022-23,1,5,7,1,41.6,DREB,39-42,33.5,1,-8,2,3,2,1,1,0,111.3,117.1,-1
0022200883,2022-23,2,7,5,0,35.3,DEAD_BALL,33-36,29.4,1,19,0,0,1,1,0,0,113.2,118.5,0
0022200883,2022-23,3,7,5,0,35.6,MADE_BASKET,33-36,18.4,0,9,0,0,1,1,0,0,113.2,118.5,0
0022200884,2022-23,1,15,2,0,32.9,DREB,30-33,22.0,0,-9,0,2,1,1,0,0,118.9,119.0,-2
0022200884,2022-23,2,2,15,1,42.8,MADE_BASKET,42-45,26.6,0,4,0,4,2,2,1,1,118.0,112.7,-4
0022200885,2022-23,1,15,4,1,44.9,MADE_BASKET,42-45,36.1,1,6,4,0,2,2,1,1,118.9,123.9,4
0022200885,2022-23,2,4,15,0,43.2,MADE_BASKET,42-45,39.2,1,-19,4,0,2,1,1,0,117.5,112.7,4
0022200885,2022-23,3,4,15,0,35.1,DREB,33-36,29.6,1,-10,2,2,2,1,1,0,117.5,112.7,0
0022200886,2022-23,1,18,17,0,41.1,DREB,39-42,39.3,1,0,6,2,2,2,1,1,109.9,120.1,4
0022200886,2022-23,2,18,17,0,34.3,MADE_BASKET,33-36,11.0,0,9,0,0,2,1,1,0,109.9,120.1,0
0022200886,2022-23,3,18,17,0,33.5,MADE_BASKET,33-36,16.5,0,15,0,0,1,1,0,0,109.9,120.1,0
0022200887,2022-23,1,20,5,0,33.3,LIVE_TOV,33-36,21.4,0,2,0,1,1,1,0,0,128.8,118.5,-1
0022200887,2022-23,2,5,20,1,39.6,MADE_BASKET,39-42,22.8,0,-7,3,1,1,1,0,0,111.3,114.8,2
0022200887,2022-23,3,5,20,1,33.6,DREB,33-36,29.6,1,-10,0,0,2,1,1,0,111.3,114.8,0
0022200888,2022-23,1,3,12,0,32.1,DREB,30-33,10.7,0,3,2,0,1,1,0,0,118.5,116.6,2
0022200888,2022-23,2,12,3,1,44.2,MADE_BASKET,42-45,40.8,1,-6,3,0,2,1,1,0,111.9,118.0,3
0022200888,2022-23,3,12,3,1,37.8,LIVE_TOV,36-39,29.0,1,4,5,3,2,2,1,1,111.9,118.0,2
0022200889,2022-23,1,23,19,0,43.9,MADE_BASKET,42-45,40.8,1,5,2,2,2,2,1,1,112.7,106.9,0
0022200889,2022-23,2,19,23,1,40.9,DREB,39-42,35.9,1,-10,1,0,2,1,1,0,123.8,118.1,1
0022200890,2022-23,1,30,15,0,33.5,DREB,33-36,20.6,0,-1,0,0,1,1,0,0,112.3,112.7,0
0022200890,2022-23,3,30,15,0,41.5,MADE_BASKET,39-42,17.0,0,-13,0,0,1,1,0,0,112.3,112.7,0
0022200891,2022-23,1,25,15,1,43.0,MADE_BASKET,42-45,35.0,1,7,0,0,2,1,1,0,113.7,112.7,0
0022200891,2022-23,2,15,25,0,41.5,MADE_BASKET,39-42,39.4,1,-12,3,4,2,2,1,1,118.9,113.8,-1
0022200891,2022-23,3,25,15,1,31.4,LIVE_TOV,30-33,28.7,1,11,6,0,2,1,1,0,113.7,112.7,6
0022200892,2022-23,1,12,25,1,40.8,LIVE_TOV,39-42,31.0,1,-15,0,3,2,1,1,0,111.9,113.8,-3
0022200892,2022-23,2,12,25,1,37.4,LIVE_TOV,36-39,31.6,1,-17,3,0,2,1,1,0,111.9,113.8,3
0022200892,2022-23,3,25,12,0,30.8,LIVE_TOV,30-33,21.2,0,17,0,2,1,1,0,0,113.7,116.6,-2
0022200893,2022-23,1,19,26,1,41.1,DREB,39-42,33.4,1,-6,3,0,2,1,1,0,123.8,118.7,3
0022200893,2022-23,2,19,26,1,37.0,MADE_BASKET,36-39,21.3,0,-4,0,0,1,1,0,0,123.8,118.7,0
0022200893,2022-23,3,19,26,1,37.4,DREB,36-39,25.0,0,-8,5,2,2,1,1,0,123.8,118.7,3
0022200894,2022-23,2,6,29,1,30.6,MADE_BASKET,30-33,14.8,0,3,3,2,2,1,1,0,117.2,121.4,1
0022200895,2022-23,2,7,10,0,40.7,MADE_BASKET,39-42,35.2,1,-5,2,5,2,2,1,1,113.2,113.5,-3
0022200895,2022-23,3,10,7,1,41.3,LIVE_TOV,39-42,37.3,1,8,0,2,2,2,1,1,119.8,117.1,-2
0022200896,2022-23,1,26,15,1,44.8,MADE_BASKET,42-45,33.4,1,-10,2,0,2,1,1,0,113.0,112.7,2
0022200896,2022-23,2,15,26,0,43.9,DREB,42-45,34.5,1,4,0,4,2,1,1,0,118.9,118.7,-4
0022200897,2022-23,1,29,3,0,37.8,MADE_BASKET,36-39,21.2,0,0,2,2,2,1,1,0,119.3,118.0,0
0022200897,2022-23,2,3,29,1,38.2,DREB,36-39,32.2,1,13,0,1,2,1,1,0,118.5,121.4,-1
0022200897,2022-23,3,29,3,0,36.4,MADE_BASKET,36-39,21.6,0,-20,0,0,1,1,0,0,119.3,118.0,0
0022200898,2022-23,1,5,2,0,30.4,DREB,30-33,17.1,0,2,0,3,2,1,1,0,111.3,119.0,-3
0022200898,2022-23,2,5,2,0,34.2,DREB,33-36,17.7,0,-8,0,2,1,1,0,0,111.3,119.0,-2
0022200898,2022-23,3,2,5,1,32.0,DREB,30-33,16.3,0,18,0,2,2,1,1,0,118.0,118.5,-2
0022200899,2022-23,1,2,15,0,32.0,MADE_BASKET,30-33,9.6,0,2,0,2,1,1,0,0,118.0,112.7,-2
0022200899,2022-23,2,2,15,0,38.7,DREB,36-39,35.3,1,-4,3,2,2,1,1,0,118.0,112.7,1
0022200899,2022-23,3,15,2,1,41.4,DREB,39-42,31.0,1,-2,1,0,2,2,1,1,118.9,119.0,1
0022200900,2022-23,1,14,6,0,42.1,DEAD_BALL,42-45,33.7,1,-6,2,2,2,1,1,0,118.8,109.2,0
0022200900,2022-23,2,14,6,0,33.3,DREB,33-36,16.2,0,-4,2,1,2,1,1,0,118.8,109.2,1
0022200900,2022-23,3,6,14,1,42.9,MADE_BASKET,42-45,34.7,1,5,0,2,2,1,1,0,117.2,119.9,-2
0022200901,2022-23,3,5,14,1,40.2,MADE_BASKET,39-42,30.2,1,-9,5,0,2,1,1,0,111.3,119.9,5
0022200902,2022-23,1,18,30,1,36.2,LIVE_TOV,36-39,32.9,1,6,2,2,2,1,1,0,109.9,112.5,0
0022200902,2022-23,2,18,30,1,36.5,MADE_BASKET,36-39,18.9,0,0,2,3,1,1,0,0,109.9,112.5,-1
0022200902,2022-23,3,18,30,1,38.4,MADE_BASKET,36-39,31.1,1,-1,0,0,1,1,0,0,109.9,112.5,0
0022200903,2022-23,1,8,17,1,32.9,DREB,30-33,20.9,0,1,0,0,1,1,0,0,110.4,120.1,0
0022200903,2022-23,3,8,17,1,39.5,MADE_BASKET,39-42,32.0,1,-14,2,0,2,1,1,0,110.4,120.1,2
0022200904,2022-23,1,3,27,0,33.8,DREB,33-36,22.4,0,2,0,1,1,1,0,0,118.5,115.3,-1
0022200904,2022-23,2,27,3,1,33.7,LIVE_TOV,33-36,28.8,1,-4,0,0,1,1,0,0,114.0,118.0,0
0022200904,2022-23,3,3,27,0,34.0,MADE_BASKET,33-36,11.3,0,2,3,0,1,1,0,0,118.5,115.3,3
0022200905,2022-23,1,8,10,0,43.5,DREB,42-45,28.9,1,5,6,3,2,2,1,1,110.4,113.5,3
0022200905,2022-23,2,10,8,1,40.0,DREB,39-42,33.1,1,12,2,0,2,1,1,0,119.8,113.6,2
0022200905,2022-23,3,8,10,0,34.9,DEAD_BALL,33-36,27.6,0,-31,2,3,2,1,1,0,110.4,113.5,-1
0022200906,2022-23,1,27,18,0,35.9,DREB,33-36,19.8,0,-1,0,3,1,1,0,0,114.0,118.0,-3
0022200906,2022-23,2,18,27,1,44.8,MADE_BASKET,42-45,27.4,0,-2,4,3,2,1,1,0,109.9,115.3,1
0022200906,2022-23,3,18,27,1,36.1,MADE_BASKET,36-39,30.0,1,-6,1,0,2,1,1,0,109.9,115.3,1
0022200907,2022-23,1,5,19,1,43.4,DEAD_BALL,42-45,34.0,1,-7,3,5,2,2,1,1,111.3,106.9,-2
0022200907,2022-23,2,5,19,1,37.0,MADE_BASKET,36-39,29.1,1,-15,0,5,2,1,1,0,111.3,106.9,-5
0022200908,2022-23,1,14,2,0,39.9,MADE_BASKET,39-42,16.4,0,-11,2,0,1,1,0,0,118.8,119.0,2
0022200908,2022-23,2,2,14,1,43.3,DREB,42-45,30.7,1,6,3,0,2,2,1,1,118.0,119.9,3
0022200908,2022-23,3,2,14,1,42.3,DREB,42-45,34.2,1,9,5,2,2,1,1,0,118.0,119.9,3
0022200909,2022-23,1,30,10,1,44.2,MADE_BASKET,42-45,33.5,1,-1,0,1,2,2,1,1,112.3,113.5,-1
0022200909,2022-23,2,10,30,0,41.1,MADE_BASKET,39-42,25.4,0,2,0,0,1,1,0,0,119.8,112.5,0
0022200909,2022-23,3,10,30,0,35.3,DREB,33-36,17.9,0,1,2,0,1,1,0,0,119.8,112.5,2
0022200910,2022-23,1,1,25,0,36.0,MADE_BASKET,36-39,18.2,0,11,0,2,2,1,1,0,112.4,113.8,-2
0022200910,2022-23,2,1,25,0,31.1,DREB,30-33,20.3,0,15,2,2,1,1,0,0,112.4,113.8,0
0022200910,2022-23,3,1,25,0,37.5,MADE_BASKET,36-39,18.3,0,7,2,0,1,1,0,0,112.4,113.8,2
0022200911,2022-23,1,16,29,1,43.4,DREB,42-45,29.1,1,1,4,2,2,1,1,0,121.8,121.4,2
0022200911,2022-23,3,16,29,1,40.3,MADE_BASKET,39-42,21.9,0,2,3,3,1,1,0,0,121.8,121.4,0
0022200912,2022-23,1,2,26,1,32.5,DREB,30-33,15.8,0,9,3,0,1,1,0,0,118.0,118.7,3
0022200912,2022-23,2,26,2,0,35.4,MADE_BASKET,33-36,18.9,0,-16,2,3,2,1,1,0,113.0,119.0,-1
0022200912,2022-23,3,2,26,1,40.5,LIVE_TOV,39-42,33.3,1,8,2,0,2,1,1,0,118.0,118.7,2
0022200913,2022-23,1,3,12,1,44.3,MADE_BASKET,42-45,35.9,1,-3,3,2,3,2,1,1,118.5,116.6,1
0022200913,2022-23,2,3,12,1,33.4,MADE_BASKET,33-36,29.9,1,-8,0,3,2,1,1,0,118.5,116.6,-3
0022200913,2022-23,3,3,12,1,43.8,LIVE_TOV,42-45,29.9,1,2,2,2,2,1,1,0,118.5,116.6,0
0022200914,2022-23,1,20,4,0,40.5,DREB,39-42,32.7,1,1,5,0,2,1,1,0,128.8,123.9,5
0022200914,2022-23,2,4,20,1,33.1,LIVE_TOV,33-36,30.7,1,1,2,5,2,2,1,1,117.5,114.8,-3
0022200915,2022-23,1,14,20,1,36.6,MADE_BASKET,36-39,17.0,0,-6,0,3,1,1,0,0,118.8,114.8,-3
0022200915,2022-23,2,20,14,0,34.7,DREB,33-36,23.3,0,8,3,3,1,1,0,0,128.8,119.9,0
0022200915,2022-23,3,14,20,1,37.2,DREB,36-39,30.4,1,-3,0,0,2,1,1,0,118.8,114.8,0
0022200916,2022-23,2,24,13,1,39.6,DREB,39-42,30.7,1,4,2,0,2,1,1,0,120.3,103.4,2
0022200916,2022-23,3,24,13,1,32.5,MADE_BASKET,30-33,7.5,0,9,3,3,1,1,0,0,120.3,103.4,0
0022200917,2022-23,1,8,18,1,37.1,MADE_BASKET,36-39,19.8,0,13,0,0,1,1,0,0,110.4,118.0,0
0022200917,2022-23,2,18,8,0,36.8,DREB,36-39,34.2,1,-15,0,0,2,2,1,1,109.9,113.6,0
0022200918,2022-23,1,12,10,0,44.6,LIVE_TOV,42-45,30.0,1,9,1,3,2,1,1,0,111.9,113.5,-2
0022200918,2022-23,2,12,10,0,33.6,DREB,33-36,22.3,0,7,3,0,1,1,0,0,111.9,113.5,3
0022200918,2022-23,3,10,12,1,37.8,MADE_BASKET,36-39,25.4,0,-20,2,2,1,1,0,0,119.8,116.6,0
0022200919,2022-23,1,7,26,0,32.6,DREB,30-33,20.6,0,8,0,0,1,1,0,0,113.2,118.7,0
0022200919,2022-23,3,7,26,0,34.7,MADE_BASKET,33-36,16.8,0,21,3,0,1,1,0,0,113.2,118.7,3
0022200920,2022-23,1,30,5,0,31.3,MADE_BASKET,30-33,29.0,1,-4,0,0,2,1,1,0,112.3,118.5,0
0022200920,2022-23,2,5,30,1,43.5,DREB,42-45,34.4,1,1,3,2,2,1,1,0,111.3,112.5,1
0022200920,2022-23,3,5,30,1,43.1,DREB,42-45,40.5,1,2,0,2,2,2,1,1,111.3,112.5,-2
0022200921,2022-23,1,13,9,1,44.7,DREB,42-45,35.0,1,7,3,2,2,1,1,0,111.8,118.2,1
0022200921,2022-23,2,13,9,1,41.3,LIVE_TOV,39-42,31.6,1,11,2,2,2,1,1,0,111.8,118.2,0
0022200921,2022-23,3,9,13,0,38.7,LIVE_TOV,36-39,28.5,1,-15,0,2,2,1,1,0,116.7,103.4,-2
0022200922,2022-23,2,28,9,0,37.4,DREB,36-39,22.0,0,0,0,0,1,1,0,0,117.8,118.2,0
0022200922,2022-23,3,9,28,1,36.5,DREB,36-39,18.9,0,16,2,2,2,1,1,0,116.7,116.2,0
0022200923,2022-23,1,8,29,0,34.4,MADE_BASKET,33-36,23.0,0,5,0,0,1,1,0,0,110.4,121.4,0
0022200923,2022-23,2,29,8,1,37.8,LIVE_TOV,36-39,33.6,1,-4,0,4,2,2,1,1,119.3,113.6,-4
0022200923,2022-23,3,8,29,0,39.4,MADE_BASKET,39-42,25.5,0,4,4,2,2,1,1,0,110.4,121.4,2
0022200924,2022-23,2,27,7,1,42.7,MADE_BASKET,42-45,28.4,1,5,2,0,1,1,0,0,114.0,117.1,2
0022200924,2022-23,3,7,27,0,37.9,MADE_BASKET,36-39,19.0,0,-12,0,0,1,1,0,0,113.2,115.3,0
0022200925,2022-23,2,19,16,0,42.7,MADE_BASKET,42-45,34.8,1,-7,1,0,2,1,1,0,123.8,110.0,1
0022200925,2022-23,3,16,19,1,41.3,MADE_BASKET,39-42,34.6,1,2,2,4,2,2,1,1,121.8,106.9,-2
0022200926,2022-23,1,19,25,0,37.4,DREB,36-39,23.1,0,1,2,2,1,1,0,0,123.8,113.8,0
0022200926,2022-23,2,19,25,0,30.5,DREB,30-33,9.2,0,8,0,0,1,1,0,0,123.8,113.8,0
0022200926,2022-23,3,25,19,1,36.2,DREB,36-39,34.5,1,-6,0,3,2,1,1,0,113.7,106.9,-3
0022200927,2022-23,1,8,25,1,37.2,MADE_BASKET,36-39,25.0,0,-3,3,2,1,1,0,0,110.4,113.8,1
0022200927,2022-23,2,8,25,1,35.5,MADE_BASKET,33-36,28.7,1,-5,0,2,2,1,1,0,110.4,113.8,-2
0022200927,2022-23,3,8,25,1,36.8,DREB,36-39,32.9,1,-10,3,3,2,2,1,1,110.4,113.8,0
0022200928,2022-23,2,1,26,0,38.5,DREB,36-39,36.6,1,8,3,4,3,2,1,1,112.4,118.7,-1
0022200929,2022-23,2,30,24,1,37.2,MADE_BASKET,36-39,32.2,1,-17,2,4,3,2,1,1,112.3,113.3,-2
0022200929,2022-23,3,30,24,1,36.7,MADE_BASKET,36-39,28.8,1,-22,2,2,1,1,0,0,112.3,113.3,0
0022200930,2022-23,1,2,22,0,34.1,DREB,33-36,12.8,0,-6,2,3,1,1,0,0,118.0,117.1,-1
0022200930,2022-23,2,2,22,0,38.7,MADE_BASKET,36-39,19.6,0,-10,2,0,1,1,0,0,118.0,117.1,2
0022200931,2022-23,1,26,8,0,36.5,DREB,36-39,31.8,1,3,2,2,2,1,1,0,113.0,113.6,0
0022200931,2022-23,2,26,8,0,44.5,DREB,42-45,29.7,1,4,2,0,2,1,1,0,113.0,113.6,2
0022200931,2022-23,3,8,26,1,38.6,MADE_BASKET,36-39,30.1,1,-6,2,2,2,1,1,0,110.4,118.7,0
0022200932,2022-23,1,16,21,1,42.1,DREB,42-45,27.5,0,0,0,0,2,1,1,0,121.8,107.9,0
0022200932,2022-23,2,16,21,1,31.4,DREB,30-33,29.0,1,-10,0,0,2,1,1,0,121.8,107.9,0
0022200932,2022-23,3,16,21,1,37.4,MADE_BASKET,36-39,18.7,0,-10,0,3,1,1,0,0,121.8,107.9,-3
0022200933,2022-23,1,1,26,1,40.5,MADE_BASKET,39-42,21.5,0,8,0,0,1,1,0,0,112.4,118.7,0
0022200933,2022-23,3,26,1,0,42.9,LIVE_TOV,42-45,34.1,1,-2,2,2,2,2,1,1,113.0,121.2,0
0022200934,2022-23,2,2,7,0,39.6,DREB,39-42,22.6,0,10,0,2,1,1,0,0,118.0,117.1,-2
0022200934,2022-23,3,7,2,1,38.8,DREB,36-39,34.7,1,-11,3,3,2,2,1,1,113.2,119.0,0
0022200935,2022-23,1,27,15,0,32.1,MADE_BASKET,30-33,15.4,0,-6,3,3,2,1,1,0,114.0,112.7,0
0022200936,2022-23,1,21,11,1,41.2,MADE_BASKET,39-42,35.0,1,6,5,0,2,1,1,0,118.7,121.8,5
0022200936,2022-23,2,11,21,0,30.7,DREB,30-33,7.8,0,-17,3,0,1,1,0,0,118.3,107.9,3
0022200936,2022-23,3,21,11,1,34.0,MADE_BASKET,33-36,30.2,1,2,2,3,2,1,1,0,118.7,121.8,-1
0022200937,2022-23,1,14,10,0,32.9,MADE_BASKET,30-33,14.7,0,-7,1,0,1,1,0,0,118.8,113.5,1
0022200937,2022-23,2,10,14,1,35.2,MADE_BASKET,33-36,13.7,0,7,2,0,1,1,0,0,119.8,119.9,2
0022200937,2022-23,3,10,14,1,30.8,MADE_BASKET,30-33,10.2,0,2,2,0,1,1,0,0,119.8,119.9,2
0022200938,2022-23,2,2,3,0,37.7,MADE_BASKET,36-39,28.8,1,-11,2,2,1,1,0,0,118.0,118.0,0
0022200939,2022-23,1,12,23,0,43.2,DREB,42-45,36.1,1,-3,2,4,2,2,1,1,111.9,118.1,-2
0022200939,2022-23,2,12,23,0,33.7,MADE_BASKET,33-36,18.8,0,-16,3,2,1,1,0,0,111.9,118.1,1
0022200939,2022-23,3,12,23,0,31.9,DREB,30-33,30.1,1,-11,3,3,2,1,1,0,111.9,118.1,0
0022200940,2022-23,1,22,12,1,39.3,DREB,39-42,29.0,1,10,3,2,1,1,0,0,117.1,116.6,1
0022200940,2022-23,2,12,22,0,34.5,DREB,33-36,31.0,1,-1,2,3,2,1,1,0,111.9,117.1,-1
0022200940,2022-23,3,12,22,0,41.5,LIVE_TOV,39-42,32.6,1,-1,5,0,2,1,1,0,111.9,117.1,5
0022200941,2022-23,1,9,15,0,43.0,MADE_BASKET,42-45,32.8,1,6,2,0,2,1,1,0,116.7,112.7,2
0022200941,2022-23,2,9,15,0,37.3,MADE_BASKET,36-39,31.0,1,8,0,0,2,1,1,0,116.7,112.7,0
0022200941,2022-23,3,9,15,0,43.1,MADE_BASKET,42-45,22.3,0,9,0,0,1,1,0,0,116.7,112.7,0
0022200942,2022-23,1,21,19,1,43.7,LIVE_TOV,42-45,29.1,1,3,2,0,2,1,1,0,118.7,106.9,2
0022200942,2022-23,2,21,19,1,42.2,DREB,42-45,31.5,1,1,2,3,2,1,1,0,118.7,106.9,-1
0022200942,2022-23,3,19,21,0,34.1,MADE_BASKET,33-36,19.2,0,-3,2,2,1,1,0,0,123.8,107.9,0
0022200943,2022-23,1,11,6,1,34.1,MADE_BASKET,33-36,16.4,0,1,2,0,1,1,0,0,118.3,109.2,2
0022200943,2022-23,2,11,6,1,43.2,MADE_BASKET,42-45,30.3,1,-2,4,3,2,1,1,0,118.3,109.2,1
0022200943,2022-23,3,11,6,1,43.4,DREB,42-45,38.3,1,-2,3,2,2,1,1,0,118.3,109.2,1
0022200944,2022-23,1,26,5,1,39.2,DREB,39-42,18.6,0,0,3,3,1,1,0,0,113.0,118.5,0
0022200944,2022-23,2,26,5,1,33.0,DREB,33-36,19.9,0,6,0,2,2,1,1,0,113.0,118.5,-2
0022200944,2022-23,3,26,5,1,41.4,LIVE_TOV,39-42,28.7,1,11,0,2,2,1,1,0,113.0,118.5,-2
0022200945,2022-23,1,1,10,0,40.8,MADE_BASKET,39-42,35.5,1,1,2,0,2,1,1,0,112.4,113.5,2
0022200945,2022-23,2,1,10,0,44.9,MADE_BASKET,42-45,34.8,1,-4,5,0,2,1,1,0,112.4,113.5,5
0022200945,2022-23,3,1,10,0,40.2,DREB,39-42,30.7,1,5,2,2,2,1,1,0,112.4,113.5,0
0022200946,2022-23,1,26,18,0,32.0,DREB,30-33,28.3,1,4,2,0,2,2,1,1,113.0,118.0,2
0022200946,2022-23,2,26,18,0,41.1,MADE_BASKET,39-42,30.3,1,7,5,0,2,2,1,1,113.0,118.0,5
0022200946,2022-23,3,26,18,0,32.9,MADE_BASKET,30-33,24.8,0,15,2,0,1,1,0,0,113.0,118.0,2
0022200947,2022-23,1,15,19,1,40.1,MADE_BASKET,39-42,34.2,1,-7,2,2,2,1,1,0,118.9,106.9,0
0022200947,2022-23,2,19,15,0,30.3,DREB,30-33,10.8,0,0,3,0,1,1,0,0,123.8,112.7,3
0022200947,2022-23,3,19,15,0,42.7,MADE_BASKET,42-45,33.8,1,-6,0,2,2,1,1,0,123.8,112.7,-2
0022200948,2022-23,2,7,29,0,33.3,MADE_BASKET,33-36,9.9,0,-12,0,2,1,1,0,0,113.2,121.4,-2
0022200948,2022-23,3,29,7,1,40.0,LIVE_TOV,39-42,33.1,1,14,2,3,2,1,1,0,119.3,117.1,-1
0022200949,2022-23,1,15,22,1,36.3,MADE_BASKET,36-39,17.4,0,-6,2,0,1,1,0,0,118.9,117.1,2
0022200949,2022-23,2,22,15,0,41.7,MADE_BASKET,39-42,22.0,0,9,2,3,1,1,0,0,117.1,112.7,-1
0022200950,2022-23,2,30,1,1,32.1,DREB,30-33,23.5,0,22,0,0,1,1,0,0,112.3,121.2,0
0022200950,2022-23,3,30,1,1,41.0,LIVE_TOV,39-42,34.2,1,21,0,0,2,1,1,0,112.3,121.2,0
0022200951,2022-23,1,14,17,0,42.5,LIVE_TOV,42-45,31.0,1,3,2,0,2,1,1,0,118.8,120.1,2
0022200951,2022-23,2,17,14,1,42.4,DREB,42-45,31.9,1,-13,2,0,2,1,1,0,121.1,119.9,2
0022200951,2022-23,3,14,17,0,36.2,LIVE_TOV,36-39,29.6,1,11,2,2,2,1,1,0,118.8,120.1,0
0022200952,2022-23,2,6,30,0,31.8,MADE_BASKET,30-33,10.2,0,-12,2,3,1,1,0,0,117.2,112.5,-1
0022200952,2022-23,3,6,30,0,37.1,MADE_BASKET,36-39,23.8,0,-12,0,3,2,1,1,0,117.2,112.5,-3
0022200953,2022-23,1,30,13,1,43.6,DEAD_BALL,42-45,27.1,0,-2,0,0,2,1,1,0,112.3,103.4,0
0022200953,2022-23,2,13,30,0,34.3,MADE_BASKET,33-36,16.1,0,4,2,0,1,1,0,0,111.8,112.5,2
0022200953,2022-23,3,13,30,0,31.1,DREB,30-33,15.5,0,15,3,0,1,1,0,0,111.8,112.5,3
0022200954,2022-23,2,13,27,0,44.8,MADE_BASKET,42-45,33.5,1,12,0,2,2,1,1,0,111.8,115.3,-2
0022200954,2022-23,3,27,13,1,35.0,DREB,33-36,12.1,0,-10,2,0,1,1,0,0,114.0,103.4,2
0022200955,2022-23,1,2,17,0,30.5,DREB,30-33,7.4,0,6,2,0,1,1,0,0,118.0,120.1,2
0022200955,2022-23,3,17,2,1,30.8,LIVE_TOV,30-33,7.8,0,1,0,0,1,1,0,0,121.1,119.0,0
0022200956,2022-23,1,10,29,0,42.0,MADE_BASKET,42-45,35.0,1,-6,2,0,1,1,0,0,119.8,121.4,2
0022200956,2022-23,3,29,10,1,39.9,MADE_BASKET,39-42,34.0,1,7,0,2,3,2,1,1,119.3,113.5,-2
0022200957,2022-23,1,25,11,1,42.9,MADE_BASKET,42-45,28.9,1,-3,3,0,2,1,1,0,113.7,121.8,3
0022200957,2022-23,2,11,25,0,44.0,DREB,42-45,28.7,1,-2,0,2,2,1,1,0,118.3,113.8,-2
0022200957,2022-23,3,25,11,1,34.7,DREB,33-36,32.7,1,0,1,0,2,1,1,0,113.7,121.8,1
0022200958,2022-23,1,9,20,1,31.5,MADE_BASKET,30-33,23.4,0,-8,2,2,1,1,0,0,116.7,114.8,0
0022200958,2022-23,2,20,9,0,33.1,MADE_BASKET,33-36,13.1,0,6,2,0,1,1,0,0,128.8,118.2,2
0022200959,2022-23,1,26,23,1,43.7,DREB,42-45,32.2,1,9,0,0,2,1,1,0,113.0,118.1,0
0022200959,2022-23,2,26,23,1,44.7,DREB,42-45,39.1,1,-3,2,3,2,2,1,1,113.0,118.1,-1
0022200959,2022-23,3,26,23,1,31.9,DREB,30-33,29.3,1,-3,2,2,2,1,1,0,113.0,118.1,0
0022200960,2022-23,2,13,17,0,35.3,MADE_BASKET,33-36,28.7,1,-2,1,3,2,1,1,0,111.8,120.1,-2
0022200960,2022-23,3,13,17,0,42.1,LIVE_TOV,42-45,32.0,1,0,2,1,2,1,1,0,111.8,120.1,1
0022200961,2022-23,1,13,14,1,32.2,MADE_BASKET,30-33,8.8,0,5,0,2,1,1,0,0,111.8,119.9,-2
0022200961,2022-23,2,13,14,1,41.0,DREB,39-42,37.1,1,0,1,2,2,1,1,0,111.8,119.9,-1
0022200961,2022-23,3,13,14,1,44.5,MADE_BASKET,42-45,28.6,1,-1,0,0,2,1,1,0,111.8,119.9,0
0022200962,2022-23,1,7,17,0,36.0,MADE_BASKET,36-39,33.8,1,3,0,0,2,1,1,0,113.2,120.1,0
0022200962,2022-23,2,7,17,0,35.0,MADE_BASKET,33-36,31.5,1,-5,0,2,2,1,1,0,113.2,120.1,-2
0022200962,2022-23,3,7,17,0,38.4,DEAD_BALL,36-39,35.3,1,-10,3,0,2,1,1,0,113.2,120.1,3
0022200963,2022-23,1,24,22,0,44.1,DREB,42-45,29.8,1,9,0,2,2,1,1,0,120.3,117.1,-2
0022200963,2022-23,3,24,22,0,39.4,DEAD_BALL,39-42,32.9,1,1,0,3,2,1,1,0,120.3,117.1,-3
0022200964,2022-23,1,7,1,1,39.9,MADE_BASKET,39-42,23.6,0,-13,0,2,2,1,1,0,113.2,121.2,-2
0022200964,2022-23,3,7,1,1,42.7,DEAD_BALL,42-45,39.9,1,-17,2,4,2,2,1,1,113.2,121.2,-2
0022200965,2022-23,1,3,7,1,31.7,DEAD_BALL,30-33,19.8,0,2,2,0,1,1,0,0,118.5,117.1,2
0022200965,2022-23,2,3,7,1,33.8,MADE_BASKET,33-36,20.0,0,0,0,2,1,1,0,0,118.5,117.1,-2
0022200965,2022-23,3,7,3,0,43.1,MADE_BASKET,42-45,37.8,1,-12,5,0,2,1,1,0,113.2,118.0,5
0022200966,2022-23,2,1,11,0,41.3,MADE_BASKET,39-42,25.6,0,-12,3,0,1,1,0,0,112.4,121.8,3
0022200966,2022-23,3,1,11,0,44.3,DREB,42-45,30.2,1,-12,2,0,2,1,1,0,112.4,121.8,2
0022200967,2022-23,1,23,20,1,34.1,MADE_BASKET,33-36,19.1,0,-7,0,0,1,1,0,0,112.7,114.8,0
0022200967,2022-23,2,20,23,0,37.1,MADE_BASKET,36-39,26.3,0,-4,2,2,2,1,1,0,128.8,118.1,0
0022200967,2022-23,3,23,20,1,38.1,MADE_BASKET,36-39,19.4,0,5,0,2,1,1,0,0,112.7,114.8,-2
0022200968,2022-23,1,8,26,1,40.7,MADE_BASKET,39-42,30.9,1,-17,3,0,2,2,1,1,110.4,118.7,3
0022200968,2022-23,2,8,26,1,39.1,DREB,39-42,32.0,1,-12,0,0,2,1,1,0,110.4,118.7,0
0022200968,2022-23,3,8,26,1,37.5,MADE_BASKET,36-39,16.4,0,-12,2,2,1,1,0,0,110.4,118.7,0
0022200969,2022-23,1,6,16,1,43.9,DREB,42-45,28.4,1,1,0,3,2,1,1,0,117.2,110.0,-3
0022200969,2022-23,2,16,6,0,32.2,DEAD_BALL,30-33,28.4,1,0,1,2,2,1,1,0,121.8,109.2,-1
0022200969,2022-23,3,16,6,0,43.2,DREB,42-45,30.7,1,-2,4,2,2,2,1,1,121.8,109.2,2
0022200970,2022-23,2,15,24,1,37.9,DREB,36-39,31.8,1,11,2,2,2,1,1,0,118.9,113.3,0
0022200970,2022-23,3,24,15,0,30.7,MADE_BASKET,30-33,8.3,0,-8,2,3,2,1,1,0,120.3,112.7,-1
0022200971,2022-23,1,18,20,0,32.5,DREB,30-33,20.7,0,-1,1,0,1,1,0,0,109.9,114.8,1
0022200971,2022-23,2,18,20,0,39.2,DREB,39-42,36.9,1,-3,2,2,2,2,1,1,109.9,114.8,0
0022200971,2022-23,3,18,20,0,34.7,LIVE_TOV,33-36,32.3,1,2,2,0,2,1,1,0,109.9,114.8,2
0022200972,2022-23,1,24,10,0,42.0,MADE_BASKET,42-45,34.9,1,5,1,2,2,1,1,0,120.3,113.5,-1
0022200972,2022-23,2,24,10,0,43.3,DREB,42-45,31.9,1,13,5,0,2,1,1,0,120.3,113.5,5
0022200972,2022-23,3,24,10,0,34.0,MADE_BASKET,33-36,30.1,1,15,2,0,1,1,0,0,120.3,113.5,2
0022200973,2022-23,1,17,30,0,41.8,MADE_BASKET,39-42,35.3,1,1,0,2,2,1,1,0,121.1,112.5,-2
0022200973,2022-23,2,17,30,0,40.3,DREB,39-42,34.9,1,-2,3,2,2,1,1,0,121.1,112.5,1
0022200973,2022-23,3,30,17,1,35.1,DREB,33-36,12.2,0,6,2,3,2,1,1,0,112.3,120.1,-1
0022200974,2022-23,1,29,9,0,33.4,MADE_BASKET,33-36,12.8,0,-10,2,0,1,1,0,0,119.3,118.2,2
0022200974,2022-23,2,29,9,0,39.2,DREB,39-42,32.3,1,-9,2,2,2,1,1,0,119.3,118.2,0
0022200975,2022-23,1,12,8,1,35.3,MADE_BASKET,33-36,21.3,0,4,0,0,1,1,0,0,111.9,113.6,0
0022200975,2022-23,2,8,12,0,37.5,MADE_BASKET,36-39,20.0,0,-11,0,2,2,1,1,0,110.4,116.6,-2
0022200975,2022-23,3,12,8,1,34.3,LIVE_TOV,33-36,28.6,1,19,2,0,2,1,1,0,111.9,113.6,2
0022200976,2022-23,1,18,7,0,34.0,DREB,33-36,30.5,1,2,3,0,2,1,1,0,109.9,117.1,3
0022200976,2022-23,2,7,18,1,36.6,MADE_BASKET,36-39,13.3,0,5,2,0,1,1,0,0,113.2,118.0,2
0022200976,2022-23,3,18,7,0,33.3,DREB,33-36,18.9,0,-11,0,0,1,1,0,0,109.9,117.1,0
0022200977,2022-23,1,16,15,1,33.6,DREB,33-36,17.5,0,3,0,0,1,1,0,0,121.8,112.7,0
0022200977,2022-23,2,16,15,1,35.8,DREB,33-36,25.2,0,6,0,3,1,1,0,0,121.8,112.7,-3
0022200977,2022-23,3,15,16,0,44.5,MADE_BASKET,42-45,29.2,1,-2,0,0,2,1,1,0,118.9,110.0,0
0022200978,2022-23,1,20,30,1,32.7,DREB,30-33,21.4,0,-7,2,0,1,1,0,0,128.8,112.5,2
0022200978,2022-23,2,20,30,1,41.9,DREB,39-42,28.8,1,-3,2,2,2,2,1,1,128.8,112.5,0
0022200978,2022-23,3,20,30,1,41.7,MADE_BASKET,39-42,32.9,1,-13,2,3,2,2,1,1,128.8,112.5,-1
0022200979,2022-23,2,11,15,1,36.9,DREB,36-39,23.4,0,10,2,3,1,1,0,0,118.3,112.7,-1
0022200979,2022-23,3,11,15,1,43.7,LIVE_TOV,42-45,33.6,1,10,1,2,2,1,1,0,118.3,112.7,-1
0022200980,2022-23,1,30,21,1,40.7,MADE_BASKET,39-42,33.4,1,6,2,0,1,1,0,0,112.3,107.9,2
0022200981,2022-23,1,11,26,1,34.1,DREB,33-36,11.6,0,-5,1,2,1,1,0,0,118.3,118.7,-1
0022200981,2022-23,2,26,11,0,33.9,LIVE_TOV,33-36,31.7,1,13,0,2,2,1,1,0,113.0,121.8,-2
0022200981,2022-23,3,11,26,1,33.4,DREB,33-36,24.4,0,-10,3,2,1,1,0,0,118.3,118.7,1
0022200982,2022-23,1,16,3,1,31.5,DREB,30-33,14.3,0,4,0,2,1,1,0,0,121.8,118.0,-2
0022200982,2022-23,2,3,16,0,38.9,DREB,36-39,35.6,1,-12,0,2,3,2,1,1,118.5,110.0,-2
0022200982,2022-23,3,16,3,1,43.9,MADE_BASKET,42-45,34.9,1,16,2,0,2,1,1,0,121.8,118.0,2
0022200983,2022-23,1,15,27,0,32.7,MADE_BASKET,30-33,10.4,0,-2,3,0,1,1,0,0,118.9,115.3,3
0022200983,2022-23,2,15,27,0,31.7,MADE_BASKET,30-33,11.1,0,2,0,2,2,1,1,0,118.9,115.3,-2
0022200983,2022-23,3,27,15,1,34.3,DREB,33-36,25.3,0,-6,0,2,1,1,0,0,114.0,112.7,-2
0022200984,2022-23,1,6,25,1,36.6,MADE_BASKET,36-39,23.1,0,-11,0,0,1,1,0,0,117.2,113.8,0
0022200984,2022-23,2,6,25,1,34.4,MADE_BASKET,33-36,17.4,0,-5,3,3,1,1,0,0,117.2,113.8,0
0022200984,2022-23,3,6,25,1,37.4,DREB,36-39,33.1,1,-8,0,3,2,1,1,0,117.2,113.8,-3
0022200985,2022-23,1,11,25,1,31.5,DREB,30-33,29.6,1,-3,0,0,2,1,1,0,118.3,113.8,0
0022200985,2022-23,2,11,25,1,40.5,MADE_BASKET,39-42,30.3,1,11,0,2,2,1,1,0,118.3,113.8,-2
0022200985,2022-23,3,11,25,1,33.0,MADE_BASKET,33-36,12.9,0,13,2,0,1,1,0,0,118.3,113.8,2
0022200986,2022-23,2,30,15,1,43.8,DREB,42-45,30.5,1,-3,0,0,1,1,0,0,112.3,112.7,0
0022200987,2022-23,1,23,28,0,41.6,DEAD_BALL,39-42,31.0,1,-9,0,2,2,1,1,0,112.7,116.2,-2
0022200987,2022-23,2,28,23,1,30.1,DREB,30-33,13.8,0,7,3,0,1,0,0,0,117.8,118.1,3
0022200987,2022-23,3,23,28,0,33.6,DREB,33-36,19.4,0,-12,2,2,1,1,0,0,112.7,116.2,0
0022200988,2022-23,1,25,7,0,38.6,DREB,36-39,35.0,1,-4,2,0,3,2,1,1,113.7,117.1,2
0022200988,2022-23,3,7,25,1,43.8,LIVE_TOV,42-45,39.8,1,5,3,3,2,2,1,1,113.2,113.8,0
0022200989,2022-23,1,30,11,0,31.9,MADE_BASKET,30-33,9.7,0,-2,2,2,1,1,0,0,112.3,121.8,0
0022200989,2022-23,2,30,11,0,33.3,DREB,33-36,29.5,1,0,2,0,1,1,0,0,112.3,121.8,2
0022200990,2022-23,1,14,1,0,39.1,MADE_BASKET,39-42,21.9,0,-7,2,0,1,1,0,0,118.8,121.2,2
0022200990,2022-23,2,14,1,0,30.8,DREB,30-33,7.6,0,-2,0,0,1,1,0,0,118.8,121.2,0
0022200990,2022-23,3,1,14,1,39.8,DREB,39-42,20.0,0,-5,0,2,2,1,1,0,112.4,119.9,-2
0022200991,2022-23,2,22,11,1,32.8,MADE_BASKET,30-33,18.8,0,4,2,0,1,1,0,0,117.1,121.8,2
0022200991,2022-23,3,22,11,1,34.1,MADE_BASKET,33-36,26.8,0,-3,2,0,2,1,1,0,117.1,121.8,2
0022200992,2022-23,1,13,23,0,38.2,MADE_BASKET,36-39,16.1,0,-3,2,0,1,1,0,0,111.8,118.1,2
0022200992,2022-23,2,23,13,1,31.5,MADE_BASKET,30-33,15.0,0,-4,2,0,1,0,0,0,112.7,103.4,2
0022200993,2022-23,1,5,10,1,40.9,DREB,39-42,30.7,1,-4,0,2,2,1,1,0,111.3,113.5,-2
0022200993,2022-23,2,5,10,1,41.3,DREB,39-42,32.1,1,3,1,2,2,2,1,1,111.3,113.5,-1
0022200993,2022-23,3,10,5,0,36.0,DEAD_BALL,36-39,23.0,0,-3,5,0,2,1,1,0,119.8,118.5,5
0022200994,2022-23,2,29,16,0,35.2,MADE_BASKET,33-36,24.2,0,6,5,0,1,1,0,0,119.3,110.0,5
0022200994,2022-23,3,29,16,0,40.2,MADE_BASKET,39-42,33.0,1,19,1,0,2,1,1,0,119.3,110.0,1
0022200995,2022-23,1,19,10,0,42.7,DREB,42-45,28.9,1,0,2,0,2,1,1,0,123.8,113.5,2
0022200995,2022-23,2,10,19,1,35.8,MADE_BASKET,33-36,31.4,1,-13,0,2,2,1,1,0,119.8,106.9,-2
0022200995,2022-23,3,19,10,0,33.7,DREB,33-36,21.6,0,19,0,0,1,1,0,0,123.8,113.5,0
0022200996,2022-23,1,21,8,1,36.9,MADE_BASKET,36-39,24.0,0,4,3,0,1,1,0,0,118.7,113.6,3
0022200996,2022-23,2,8,21,0,34.2,DREB,33-36,18.5,0,-16,0,2,1,1,0,0,110.4,107.9,-2
0022200996,2022-23,3,8,21,0,37.3,MADE_BASKET,36-39,30.8,1,-16,2,0,1,1,0,0,110.4,107.9,2
0022200997,2022-23,1,20,8,0,45.0,LIVE_TOV,42-45,33.9,1,5,0,4,2,2,1,1,128.8,113.6,-4
0022200997,2022-23,3,8,20,1,36.4,DREB,36-39,25.3,0,5,0,0,2,1,1,0,110.4,114.8,0
0022200998,2022-23,1,22,6,1,30.0,MADE_BASKET,30-33,12.5,0,-6,2,2,1,1,0,0,117.1,109.2,0
0022200998,2022-23,2,22,6,1,33.0,MADE_BASKET,33-36,11.9,0,-6,0,1,1,1,0,0,117.1,109.2,-1
0022200998,2022-23,3,22,6,1,30.8,DREB,30-33,19.3,0,-11,2,0,1,1,0,0,117.1,109.2,2
0022200999,2022-23,1,9,15,1,37.4,MADE_BASKET,36-39,29.4,1,3,1,0,2,1,1,0,116.7,112.7,1
0022200999,2022-23,2,15,9,0,30.5,MADE_BASKET,30-33,14.6,0,2,0,0,2,1,1,0,118.9,118.2,0
0022201000,2022-23,1,28,29,1,43.1,MADE_BASKET,42-45,32.5,1,-7,2,0,2,1,1,0,117.8,121.4,2
0022201000,2022-23,2,29,28,0,41.9,MADE_BASKET,39-42,26.5,0,12,2,2,2,1,1,0,119.3,116.2,0
0022201000,2022-23,3,28,29,1,37.8,DREB,36-39,34.6,1,-8,2,2,2,2,1,1,117.8,121.4,0
0022201001,2022-23,1,25,26,0,43.3,DREB,42-45,37.0,1,-4,6,0,2,1,1,0,113.7,118.7,6
0022201001,2022-23,2,26,25,1,40.1,MADE_BASKET,39-42,32.3,1,-4,2,2,2,1,1,0,113.0,113.8,0
0022201001,2022-23,3,26,25,1,37.6,MADE_BASKET,36-39,31.5,1,-11,3,5,2,2,1,1,113.0,113.8,-2
0022201002,2022-23,1,7,21,1,43.4,LIVE_TOV,42-45,34.8,1,-3,0,3,2,1,1,0,113.2,107.9,-3
0022201002,2022-23,2,21,7,0,36.1,DEAD_BALL,36-39,21.6,0,4,3,2,1,1,0,0,118.7,117.1,1
0022201002,2022-23,3,21,7,0,41.2,DEAD_BALL,39-42,38.9,1,-2,0,0,2,1,1,0,118.7,117.1,0
0022201003,2022-23,1,2,1,1,35.3,MADE_BASKET,33-36,29.1,1,5,2,0,2,1,1,0,118.0,121.2,2
0022201003,2022-23,2,1,2,0,30.8,MADE_BASKET,30-33,4.8,0,-14,0,3,1,1,0,0,112.4,119.0,-3
0022201003,2022-23,3,2,1,1,34.5,MADE_BASKET,33-36,29.3,1,24,3,2,2,1,1,0,118.0,121.2,1
0022201004,2022-23,1,4,5,0,44.1,MADE_BASKET,42-45,35.0,1,-2,4,4,2,2,1,1,117.5,118.5,0
0022201004,2022-23,2,4,5,0,40.7,MADE_BASKET,39-42,35.0,1,-7,2,2,2,1,1,0,117.5,118.5,0
0022201004,2022-23,3,4,5,0,44.1,LIVE_TOV,42-45,31.2,1,-3,0,0,2,1,1,0,117.5,118.5,0
0022201005,2022-23,1,24,6,1,35.3,LIVE_TOV,33-36,29.9,1,3,2,0,2,1,1,0,120.3,109.2,2
0022201005,2022-23,2,6,24,0,42.7,MADE_BASKET,42-45,26.4,0,-15,1,0,1,1,0,0,117.2,113.3,1
0022201005,2022-23,3,24,6,1,37.6,LIVE_TOV,36-39,33.8,1,17,2,0,2,1,1,0,120.3,109.2,2
0022201006,2022-23,1,13,2,1,31.6,MADE_BASKET,30-33,17.6,0,-12,2,0,1,1,0,0,111.8,119.0,2
0022201006,2022-23,2,13,2,1,32.0,DREB,30-33,24.9,0,-9,0,0,2,1,1,0,111.8,119.0,0
0022201006,2022-23,3,2,13,0,40.8,MADE_BASKET,39-42,29.7,1,15,0,2,2,1,1,0,118.0,103.4,-2
0022201007,2022-23,1,21,11,0,42.5,DREB,42-45,28.6,1,-2,2,2,2,1,1,0,118.7,121.8,0
0022201007,2022-23,2,11,21,1,38.5,MADE_BASKET,36-39,24.0,0,-1,0,0,1,1,0,0,118.3,107.9,0
0022201007,2022-23,3,11,21,1,35.8,MADE_BASKET,33-36,30.7,1,-11,2,0,1,1,0,0,118.3,107.9,2
0022201008,2022-23,1,24,23,0,43.0,DREB,42-45,34.2,1,4,3,3,2,2,1,1,120.3,118.1,0
0022201008,2022-23,3,24,23,0,42.1,MADE_BASKET,42-45,37.7,1,2,5,2,2,1,1,0,120.3,118.1,3
0022201009,2022-23,1,18,30,0,35.1,DREB,33-36,18.8,0,10,3,2,1,1,0,0,109.9,112.5,1
0022201009,2022-23,3,30,18,1,44.6,DREB,42-45,29.9,1,-10,0,2,2,1,1,0,112.3,118.0,-2
0022201010,2022-23,2,16,17,0,39.8,MADE_BASKET,39-42,32.7,1,-13,0,2,2,1,1,0,121.8,120.1,-2
0022201010,2022-23,3,16,17,0,33.3,DREB,33-36,29.5,1,-18,4,0,2,2,1,1,121.8,120.1,4
0022201011,2022-23,1,24,5,0,30.2,DREB,30-33,8.9,0,-5,0,2,1,1,0,0,120.3,118.5,-2
0022201011,2022-23,2,5,24,1,43.4,MADE_BASKET,42-45,31.7,1,4,0,2,2,1,1,0,111.3,113.3,-2
0022201011,2022-23,3,24,5,0,35.7,DREB,33-36,28.4,1,-8,1,0,2,1,1,0,120.3,118.5,1
0022201012,2022-23,1,15,11,0,35.3,LIVE_TOV,33-36,30.0,1,8,2,0,1,1,0,0,118.9,121.8,2
0022201012,2022-23,2,15,11,0,30.7,MADE_BASKET,30-33,7.0,0,17,2,0,1,1,0,0,118.9,121.8,2
0022201012,2022-23,3,15,11,0,30.7,MADE_BASKET,30-33,7.9,0,19,0,0,1,1,0,0,118.9,121.8,0
0022201013,2022-23,1,22,11,1,44.0,MADE_BASKET,42-45,29.6,1,-5,2,2,2,1,1,0,117.1,121.8,0
0022201013,2022-23,2,22,11,1,40.4,DEAD_BALL,39-42,29.7,1,3,2,2,2,1,1,0,117.1,121.8,0
0022201013,2022-23,3,22,11,1,40.4,DEAD_BALL,39-42,33.1,1,-6,5,2,2,1,1,0,117.1,121.8,3
0022201014,2022-23,2,19,17,0,43.6,LIVE_TOV,42-45,30.9,1,6,0,0,1,1,0,0,123.8,120.1,0
0022201014,2022-23,3,17,19,1,35.6,MADE_BASKET,33-36,25.1,0,-16,0,0,1,1,0,0,121.1,106.9,0
0022201015,2022-23,1,30,20,1,43.3,MADE_BASKET,42-45,31.7,1,0,0,2,2,1,1,0,112.3,114.8,-2
0022201015,2022-23,2,30,20,1,44.0,MADE_BASKET,42-45,32.5,1,-3,2,2,2,1,1,0,112.3,114.8,0
0022201015,2022-23,3,30,20,1,39.3,MADE_BASKET,39-42,28.1,1,2,0,2,2,1,1,0,112.3,114.8,-2
0022201016,2022-23,1,11,26,0,43.5,DREB,42-45,40.2,1,0,3,0,2,2,1,1,118.3,118.7,3
0022201016,2022-23,2,26,11,1,36.9,DREB,36-39,19.8,0,-3,0,0,1,1,0,0,113.0,121.8,0
0022201016,2022-23,3,26,11,1,37.5,MADE_BASKET,36-39,27.4,0,-7,2,2,2,2,1,1,113.0,121.8,0
0022201017,2022-23,2,3,23,1,44.1,MADE_BASKET,42-45,32.9,1,2,4,0,2,1,1,0,118.5,118.1,4
0022201017,2022-23,3,3,23,1,44.4,DREB,42-45,32.1,1,7,2,0,2,2,1,1,118.5,118.1,2
0022201018,2022-23,1,1,11,1,37.4,MADE_BASKET,36-39,31.5,1,-7,0,0,2,1,1,0,112.4,121.8,0
0022201018,2022-23,2,1,11,1,31.6,MADE_BASKET,30-33,8.0,0,-12,3,0,1,1,0,0,112.4,121.8,3
0022201019,2022-23,1,27,11,0,38.8,MADE_BASKET,36-39,33.2,1,12,2,2,2,1,1,0,114.0,121.8,0
0022201019,2022-23,2,27,11,0,38.6,DREB,36-39,29.4,1,22,0,0,2,1,1,0,114.0,121.8,0
0022201019,2022-23,3,11,27,1,30.1,DREB,30-33,7.8,0,-11,0,0,1,1,0,0,118.3,115.3,0
0022201020,2022-23,1,5,19,1,42.1,DREB,42-45,37.1,1,2,4,3,2,2,1,1,111.3,106.9,1
0022201020,2022-23,2,19,5,0,44.5,DREB,42-45,33.5,1,-3,2,0,2,1,1,0,123.8,118.5,2
0022201021,2022-23,1,9,3,0,41.4,MADE_BASKET,39-42,36.6,1,-8,0,2,2,1,1,0,116.7,118.0,-2
0022201021,2022-23,2,9,3,0,42.9,DREB,42-45,30.3,1,-3,3,0,2,1,1,0,116.7,118.0,3
0022201021,2022-23,3,3,9,1,40.8,MADE_BASKET,39-42,32.2,1,-1,2,0,2,1,1,0,118.5,118.2,2
0022201022,2022-23,1,5,18,0,36.1,MADE_BASKET,36-39,17.6,0,0,3,1,1,1,0,0,111.3,118.0,2
0022201022,2022-23,3,5,18,0,38.2,MADE_BASKET,36-39,34.5,1,21,2,0,2,2,1,1,111.3,118.0,2
0022201023,2022-23,1,1,13,1,36.4,DREB,36-39,32.5,1,13,0,0,2,2,1,1,112.4,103.4,0
0022201023,2022-23,2,13,1,0,41.5,MADE_BASKET,39-42,37.5,1,-12,2,0,2,2,1,1,111.8,121.2,2
0022201023,2022-23,3,1,13,1,32.4,DREB,30-33,24.3,0,7,2,0,1,1,0,0,112.4,103.4,2
0022201024,2022-23,1,27,13,1,44.7,MADE_BASKET,42-45,34.5,1,-4,2,2,2,2,1,1,114.0,103.4,0
0022201024,2022-23,2,27,13,1,35.2,MADE_BASKET,33-36,20.6,0,-5,0,1,1,1,0,0,114.0,103.4,-1
0022201025,2022-23,1,6,2,1,44.5,DREB,42-45,33.6,1,7,2,2,2,1,1,0,117.2,119.0,0
0022201025,2022-23,2,6,2,1,44.9,DREB,42-45,33.3,1,7,3,2,2,1,1,0,117.2,119.0,1
0022201025,2022-23,3,2,6,0,37.2,DREB,36-39,34.0,1,-19,0,2,2,1,1,0,118.0,109.2,-2
0022201026,2022-23,2,10,11,0,42.2,DEAD_BALL,42-45,31.0,1,5,0,0,2,1,1,0,119.8,121.8,0
0022201027,2022-23,1,7,22,0,41.1,MADE_BASKET,39-42,27.0,0,0,3,0,2,2,1,1,113.2,117.1,3
0022201027,2022-23,2,7,22,0,34.5,DEAD_BALL,33-36,32.0,1,7,2,2,2,1,1,0,113.2,117.1,0
0022201027,2022-23,3,7,22,0,35.6,MADE_BASKET,33-36,30.6,1,11,0,0,2,1,1,0,113.2,117.1,0
0022201028,2022-23,1,27,24,1,35.9,MADE_BASKET,33-36,16.8,0,0,0,2,1,1,0,0,114.0,113.3,-2
0022201028,2022-23,2,27,24,1,40.2,MADE_BASKET,39-42,36.8,1,-2,0,2,2,1,1,0,114.0,113.3,-2
0022201029,2022-23,2,23,30,0,30.3,DREB,30-33,7.5,0,-1,2,2,1,1,0,0,112.7,112.5,0
0022201029,2022-23,3,23,30,0,32.0,DREB,30-33,21.0,0,-9,3,1,1,1,0,0,112.7,112.5,2
0022201030,2022-23,1,26,3,1,39.3,DREB,39-42,35.2,1,-3,0,0,2,2,1,1,113.0,118.0,0
0022201030,2022-23,2,26,3,1,36.9,DREB,36-39,28.8,1,-1,4,0,2,1,1,0,113.0,118.0,4
0022201031,2022-23,2,23,17,0,37.4,DREB,36-39,27.8,0,-1,2,0,1,1,0,0,112.7,120.1,2
0022201031,2022-23,3,23,17,0,38.2,MADE_BASKET,36-39,34.1,1,0,5,3,2,2,1,1,112.7,120.1,2
0022201032,2022-23,1,4,23,1,41.8,MADE_BASKET,39-42,25.2,0,1,2,0,2,1,1,0,117.5,118.1,2
0022201032,2022-23,2,4,23,1,38.3,DREB,36-39,33.7,1,4,2,2,2,2,1,1,117.5,118.1,0
0022201033,2022-23,1,23,8,1,35.0,MADE_BASKET,33-36,20.5,0,-8,0,0,1,1,0,0,112.7,113.6,0
0022201033,2022-23,2,23,8,1,39.8,MADE_BASKET,39-42,31.5,1,-5,2,2,2,1,1,0,112.7,113.6,0
0022201034,2022-23,1,4,6,1,34.0,LIVE_TOV,33-36,20.7,0,-3,0,1,1,1,0,0,117.5,109.2,-1
0022201034,2022-23,2,6,4,0,32.9,DREB,30-33,18.8,0,-4,0,1,1,1,0,0,117.2,123.9,-1
0022201034,2022-23,3,4,6,1,32.4,MADE_BASKET,30-33,17.4,0,-10,0,0,1,1,0,0,117.5,109.2,0
0022201035,2022-23,1,1,25,0,34.1,DEAD_BALL,33-36,28.6,1,-2,3,0,1,0,0,0,112.4,113.8,3
0022201035,2022-23,2,1,25,0,30.5,DREB,30-33,13.0,0,7,0,2,1,1,0,0,112.4,113.8,-2
0022201035,2022-23,3,25,1,1,42.1,DREB,42-45,29.4,1,-6,4,2,2,1,1,0,113.7,121.2,2
0022201036,2022-23,1,27,6,0,44.3,MADE_BASKET,42-45,33.0,1,-4,0,3,2,1,1,0,114.0,109.2,-3
0022201036,2022-23,2,6,27,1,31.7,MADE_BASKET,30-33,9.4,0,9,2,2,2,1,1,0,117.2,115.3,0
0022201036,2022-23,3,27,6,0,32.0,DREB,30-33,13.3,0,-8,0,0,1,0,0,0,114.0,109.2,0
0022201037,2022-23,1,16,2,0,41.8,MADE_BASKET,39-42,35.3,1,-7,0,0,2,1,1,0,121.8,119.0,0
0022201037,2022-23,2,2,16,1,30.2,MADE_BASKET,30-33,9.2,0,2,2,0,1,1,0,0,118.0,110.0,2
0022201037,2022-23,3,16,2,0,31.2,DEAD_BALL,30-33,23.2,0,-1,0,2,1,1,0,0,121.8,119.0,-2
0022201038,2022-23,1,1,3,0,39.0,MADE_BASKET,39-42,25.2,0,-2,0,0,2,1,1,0,112.4,118.0,0
0022201038,2022-23,3,1,3,0,36.9,MADE_BASKET,36-39,20.7,0,-7,0,0,1,1,0,0,112.4,118.0,0
0022201039,2022-23,1,7,21,0,36.2,MADE_BASKET,36-39,20.4,0,6,3,0,1,1,0,0,113.2,107.9,3
0022201039,2022-23,2,21,7,1,35.8,DREB,33-36,29.9,1,-7,2,0,2,1,1,0,118.7,117.1,2
0022201039,2022-23,3,21,7,1,39.8,MADE_BASKET,39-42,33.3,1,-10,4,3,2,1,1,0,118.7,117.1,1
0022201040,2022-23,1,16,1,1,31.9,MADE_BASKET,30-33,7.5,0,-8,2,2,1,1,0,0,121.8,121.2,0
0022201040,2022-23,2,1,16,0,40.1,DREB,39-42,28.7,1,0,0,0,2,1,1,0,112.4,110.0,0
0022201040,2022-23,3,1,16,0,37.7,MADE_BASKET,36-39,21.8,0,6,0,2,1,1,0,0,112.4,110.0,-2
0022201041,2022-23,1,12,9,0,40.6,DREB,39-42,30.4,1,5,0,0,2,1,1,0,111.9,118.2,0
0022201041,2022-23,2,9,12,1,43.5,MADE_BASKET,42-45,30.2,1,-10,4,0,2,1,1,0,116.7,116.6,4
0022201041,2022-23,3,12,9,0,36.7,DREB,36-39,20.6,0,13,2,0,1,1,0,0,111.9,118.2,2
0022201042,2022-23,1,25,17,0,32.2,MADE_BASKET,30-33,7.6,0,5,3,0,1,1,0,0,113.7,120.1,3
0022201042,2022-23,2,25,17,0,33.0,DREB,33-36,19.3,0,-4,2,3,1,1,0,0,113.7,120.1,-1
0022201042,2022-23,3,17,25,1,34.4,MADE_BASKET,33-36,20.6,0,5,0,3,1,1,0,0,121.1,113.8,-3
0022201043,2022-23,1,4,6,1,31.0,MADE_BASKET,30-33,28.7,1,6,0,3,1,1,0,0,117.5,109.2,-3
0022201043,2022-23,2,4,6,1,41.6,MADE_BASKET,39-42,31.6,1,2,2,0,2,1,1,0,117.5,109.2,2
0022201043,2022-23,3,6,4,0,38.6,MADE_BASKET,36-39,16.3,0,-7,0,0,1,1,0,0,117.2,123.9,0
0022201044,2022-23,1,15,19,1,42.8,MADE_BASKET,42-45,34.9,1,-8,0,2,2,1,1,0,118.9,106.9,-2
0022201044,2022-23,2,15,19,1,33.1,MADE_BASKET,33-36,29.1,1,-8,0,2,2,1,1,0,118.9,106.9,-2
0022201044,2022-23,3,15,19,1,40.6,MADE_BASKET,39-42,30.4,1,-9,2,0,2,1,1,0,118.9,106.9,2
0022201045,2022-23,2,8,30,0,34.0,DREB,33-36,21.7,0,-2,0,0,1,1,0,0,110.4,112.5,0
0022201045,2022-23,3,8,30,0,30.1,DREB,30-33,8.3,0,-6,2,0,1,0,0,0,110.4,112.5,2
0022201046,2022-23,1,18,4,1,30.6,MADE_BASKET,30-33,13.6,0,0,2,2,1,1,0,0,109.9,123.9,0
0022201046,2022-23,2,4,18,0,34.5,MADE_BASKET,33-36,17.3,0,-1,2,0,1,1,0,0,117.5,118.0,2
0022201046,2022-23,3,4,18,0,35.7,MADE_BASKET,33-36,29.5,1,-2,0,2,2,1,1,0,117.5,118.0,-2
0022201047,2022-23,1,17,11,1,37.5,DEAD_BALL,36-39,27.3,0,-1,6,2,2,1,1,0,121.1,121.8,4
0022201047,2022-23,2,11,17,0,31.3,DEAD_BALL,30-33,28.4,1,-2,0,2,2,2,1,1,118.3,120.1,-2
0022201047,2022-23,3,11,17,0,36.2,MADE_BASKET,36-39,19.8,0,-14,0,3,2,1,1,0,118.3,120.1,-3
0022201048,2022-23,1,22,18,1,34.3,DREB,33-36,29.5,1,-4,3,3,2,1,1,0,117.1,118.0,0
0022201048,2022-23,2,22,18,1,39.3,MADE_BASKET,39-42,24.1,0,-10,2,2,1,1,0,0,117.1,118.0,0
0022201048,2022-23,3,18,22,0,41.8,DEAD_BALL,39-42,33.0,1,12,0,0,3,2,1,1,109.9,117.1,0
0022201049,2022-23,2,27,20,0,35.3,MADE_BASKET,33-36,16.2,0,6,0,0,1,1,0,0,114.0,114.8,0
0022201049,2022-23,3,27,20,0,40.8,MADE_BASKET,39-42,28.7,1,-3,0,2,2,1,1,0,114.0,114.8,-2
0022201050,2022-23,1,7,30,1,39.1,MADE_BASKET,39-42,21.7,0,-3,3,2,1,1,0,0,113.2,112.5,1
0022201050,2022-23,2,30,7,0,31.5,MADE_BASKET,30-33,9.1,0,9,2,2,1,1,0,0,112.3,117.1,0
0022201050,2022-23,3,7,30,1,42.0,DREB,42-45,23.7,0,-8,1,2,1,1,0,0,113.2,112.5,-1
0022201051,2022-23,2,3,22,0,38.0,DREB,36-39,29.3,1,12,2,0,2,1,1,0,118.5,117.1,2
0022201051,2022-23,3,22,3,1,35.0,DREB,33-36,21.7,0,-12,2,0,1,1,0,0,117.1,118.0,2
0022201052,2022-23,1,11,9,0,43.4,MADE_BASKET,42-45,39.5,1,-4,2,2,3,2,1,1,118.3,118.2,0
0022201052,2022-23,3,9,11,1,44.9,MADE_BASKET,42-45,35.9,1,-8,2,0,2,1,1,0,116.7,121.8,2
0022201053,2022-23,1,10,3,0,40.5,DREB,39-42,37.8,1,12,2,0,2,1,1,0,119.8,118.0,2
0022201053,2022-23,2,3,10,1,30.1,MADE_BASKET,30-33,11.9,0,-14,2,0,1,1,0,0,118.5,113.5,2
0022201053,2022-23,3,3,10,1,30.6,DEAD_BALL,30-33,9.3,0,-3,0,0,1,1,0,0,118.5,113.5,0
0022201054,2022-23,1,15,4,0,39.2,DREB,39-42,23.2,0,-4,0,0,1,1,0,0,118.9,123.9,0
0022201054,2022-23,2,4,15,1,32.2,LIVE_TOV,30-33,19.9,0,7,2,0,1,1,0,0,117.5,112.7,2
0022201054,2022-23,3,15,4,0,35.4,DREB,33-36,24.3,0,-8,0,0,1,1,0,0,118.9,123.9,0
0022201055,2022-23,2,12,4,1,38.3,MADE_BASKET,36-39,28.0,1,-3,2,2,2,1,1,0,111.9,123.9,0
0022201055,2022-23,3,12,4,1,37.7,MADE_BASKET,36-39,29.4,1,6,4,2,2,1,1,0,111.9,123.9,2
0022201056,2022-23,1,5,23,0,43.8,DREB,42-45,30.3,1,-6,3,0,2,1,1,0,111.3,118.1,3
0022201056,2022-23,2,5,23,0,34.9,DREB,33-36,24.2,0,-4,2,3,2,1,1,0,111.3,118.1,-1
0022201056,2022-23,3,23,5,1,36.1,MADE_BASKET,36-39,20.3,0,0,3,3,1,1,0,0,112.7,118.5,0
0022201057,2022-23,1,6,7,1,34.1,MADE_BASKET,33-36,17.8,0,0,0,0,1,1,0,0,117.2,117.1,0
0022201057,2022-23,2,6,7,1,31.9,MADE_BASKET,30-33,7.1,0,-15,0,0,1,1,0,0,117.2,117.1,0
0022201057,2022-23,3,6,7,1,36.3,DREB,36-39,33.4,1,-6,1,2,2,1,1,0,117.2,117.1,-1
0022201058,2022-23,1,1,9,0,44.5,LIVE_TOV,42-45,29.8,1,7,0,0,2,1,1,0,112.4,118.2,0
0022201058,2022-23,2,1,9,0,40.0,DREB,39-42,26.6,0,8,4,0,2,1,1,0,112.4,118.2,4
0022201058,2022-23,3,9,1,1,41.5,DREB,39-42,32.6,1,-6,2,2,2,1,1,0,116.7,121.2,0
0022201059,2022-23,1,2,8,1,38.6,MADE_BASKET,36-39,23.7,0,6,0,0,1,1,0,0,118.0,113.6,0
0022201059,2022-23,2,8,2,0,34.9,DEAD_BALL,33-36,19.2,0,-8,2,3,1,1,0,0,110.4,119.0,-1
0022201059,2022-23,3,2,8,1,40.7,MADE_BASKET,39-42,28.6,1,4,4,0,1,1,0,0,118.0,113.6,4
0022201060,2022-23,1,27,12,1,44.9,DREB,42-45,30.1,1,2,3,0,1,1,0,0,114.0,116.6,3
0022201060,2022-23,2,12,27,0,40.6,MADE_BASKET,39-42,29.3,1,-1,5,0,2,2,1,1,111.9,115.3,5
0022201060,2022-23,3,27,12,1,32.7,MADE_BASKET,30-33,20.4,0,-9,0,0,1,1,0,0,114.0,116.6,0
0022201061,2022-23,1,18,17,1,40.2,DREB,39-42,37.7,1,10,3,3,2,2,1,1,109.9,120.1,0
0022201061,2022-23,2,18,17,1,35.0,MADE_BASKET,33-36,18.7,0,6,0,0,1,1,0,0,109.9,120.1,0
0022201061,2022-23,3,17,18,0,34.0,DREB,33-36,29.3,1,-7,3,2,2,1,1,0,121.1,118.0,1
0022201062,2022-23,1,28,1,1,42.5,MADE_BASKET,42-45,28.6,1,-2,1,2,2,1,1,0,117.8,121.2,-1
0022201062,2022-23,2,1,28,0,33.0,DREB,33-36,15.1,0,0,2,2,1,1,0,0,112.4,116.2,0
0022201062,2022-23,3,28,1,1,39.6,LIVE_TOV,39-42,28.3,1,-2,2,2,2,1,1,0,117.8,121.2,0
0022201063,2022-23,1,30,25,1,42.0,MADE_BASKET,42-45,32.8,1,7,4,3,2,1,1,0,112.3,113.8,1
0022201063,2022-23,2,25,30,0,36.5,MADE_BASKET,36-39,19.1,0,-11,0,0,1,1,0,0,113.7,112.5,0
0022201063,2022-23,3,25,30,0,34.2,DREB,33-36,30.4,1,-18,2,0,2,1,1,0,113.7,112.5,2
0022201064,2022-23,1,14,7,1,45.0,MADE_BASKET,42-45,42.5,1,-2,0,3,2,2,1,1,118.8,117.1,-3
0022201064,2022-23,2,7,14,0,36.4,MADE_BASKET,36-39,17.8,0,14,0,0,1,1,0,0,113.2,119.9,0
0022201064,2022-23,3,7,14,0,33.2,MADE_BASKET,33-36,13.9,0,16,2,2,1,1,0,0,113.2,119.9,0
0022201065,2022-23,1,26,21,0,32.0,MADE_BASKET,30-33,9.3,0,-6,1,2,1,1,0,0,113.0,107.9,-1
0022201065,2022-23,3,21,26,1,39.0,DREB,39-42,33.8,1,8,5,2,2,2,1,1,118.7,118.7,3
0022201066,2022-23,1,6,5,1,37.0,MADE_BASKET,36-39,29.9,1,0,2,2,2,1,1,0,117.2,118.5,0
0022201066,2022-23,2,6,5,1,35.2,LIVE_TOV,33-36,32.6,1,-12,0,2,2,1,1,0,117.2,118.5,-2
0022201067,2022-23,2,4,30,1,42.6,DREB,42-45,33.7,1,-14,2,2,2,1,1,0,117.5,112.5,0
0022201067,2022-23,3,4,30,1,37.1,LIVE_TOV,36-39,30.7,1,-19,2,0,2,1,1,0,117.5,112.5,2
0022201068,2022-23,1,3,17,1,39.1,DREB,39-42,25.3,0,13,2,0,1,1,0,0,118.5,120.1,2
0022201068,2022-23,2,17,3,0,30.7,MADE_BASKET,30-33,10.8,0,-22,2,2,1,1,0,0,121.1,118.0,0
0022201068,2022-23,3,3,17,1,40.3,DREB,39-42,30.8,1,18,4,2,2,1,1,0,118.5,120.1,2
0022201069,2022-23,1,13,29,1,32.2,MADE_BASKET,30-33,7.8,0,0,2,0,1,1,0,0,111.8,121.4,2
0022201069,2022-23,3,13,29,1,32.7,DREB,30-33,19.5,0,12,0,0,1,1,0,0,111.8,121.4,0
0022201070,2022-23,1,27,12,0,42.8,DREB,42-45,26.8,0,4,0,0,2,1,1,0,114.0,116.6,0
0022201070,2022-23,3,12,27,1,32.0,DEAD_BALL,30-33,24.0,0,-16,2,3,1,1,0,0,111.9,115.3,-1
0022201071,2022-23,1,19,17,0,34.7,MADE_BASKET,33-36,30.2,1,-1,0,0,2,1,1,0,123.8,120.1,0
0022201071,2022-23,2,19,17,0,37.5,MADE_BASKET,36-39,33.3,1,-4,0,2,2,2,1,1,123.8,120.1,-2
0022201072,2022-23,1,16,14,1,40.4,MADE_BASKET,39-42,31.4,1,-9,2,0,2,1,1,0,121.8,119.9,2
0022201072,2022-23,3,14,16,0,45.0,MADE_BASKET,42-45,28.4,1,-13,0,2,2,1,1,0,118.8,110.0,-2
0022201073,2022-23,1,15,29,1,36.9,DREB,36-39,20.6,0,2,0,3,1,1,0,0,118.9,121.4,-3
0022201073,2022-23,2,15,29,1,36.0,DREB,36-39,19.6,0,-2,3,2,1,1,0,0,118.9,121.4,1
0022201073,2022-23,3,29,15,0,32.1,DREB,30-33,28.8,1,5,2,0,2,1,1,0,119.3,112.7,2
0022201074,2022-23,1,1,12,0,36.2,DREB,36-39,20.3,0,-5,0,0,1,1,0,0,112.4,116.6,0
0022201074,2022-23,2,12,1,1,33.6,MADE_BASKET,33-36,15.0,0,3,2,0,1,1,0,0,111.9,121.2,2
0022201074,2022-23,3,1,12,0,39.6,DREB,39-42,34.8,1,-1,3,2,2,1,1,0,112.4,116.6,1
0022201075,2022-23,1,6,24,1,38.6,DREB,36-39,28.2,1,-2,5,0,2,1,1,0,117.2,113.3,5
0022201075,2022-23,2,6,24,1,39.3,MADE_BASKET,39-42,26.8,0,1,0,2,2,1,1,0,117.2,113.3,-2
0022201076,2022-23,1,24,4,1,42.1,DREB,42-45,40.1,1,3,2,0,2,2,1,1,120.3,123.9,2
0022201076,2022-23,3,4,24,0,33.2,MADE_BASKET,33-36,9.6,0,-16,3,0,1,1,0,0,117.5,113.3,3
0022201077,2022-23,1,21,25,1,33.1,DREB,33-36,15.6,0,0,0,0,2,1,1,0,118.7,113.8,0
0022201077,2022-23,2,25,21,0,41.1,DREB,39-42,39.2,1,4,1,3,2,1,1,0,113.7,107.9,-2
0022201077,2022-23,3,25,21,0,37.5,MADE_BASKET,36-39,32.9,1,-6,2,2,2,2,1,1,113.7,107.9,0
0022201078,2022-23,1,13,8,0,37.6,DEAD_BALL,36-39,30.4,1,1,0,2,2,1,1,0,111.8,113.6,-2
0022201078,2022-23,2,8,13,1,36.1,DREB,36-39,21.8,0,-5,2,0,1,1,0,0,110.4,103.4,2
0022201078,2022-23,3,13,8,0,35.1,DREB,33-36,20.0,0,2,0,0,1,1,0,0,111.8,113.6,0
0022201079,2022-23,1,21,8,0,38.1,DREB,36-39,35.4,1,-7,3,2,2,1,1,0,118.7,113.6,1
0022201079,2022-23,3,21,8,0,39.1,MADE_BASKET,39-42,29.2,1,-21,2,0,2,1,1,0,118.7,113.6,2
0022201080,2022-23,1,6,29,0,43.5,MADE_BASKET,42-45,29.0,1,-4,5,1,2,2,1,1,117.2,121.4,4
0022201080,2022-23,2,29,6,1,37.1,MADE_BASKET,36-39,11.9,0,-6,0,0,1,1,0,0,119.3,109.2,0
0022201080,2022-23,3,29,6,1,41.7,MADE_BASKET,39-42,28.8,1,-7,4,3,2,1,1,0,119.3,109.2,1
0022201081,2022-23,1,22,15,1,40.1,MADE_BASKET,39-42,23.7,0,0,0,0,1,1,0,0,117.1,112.7,0
0022201082,2022-23,1,12,17,0,33.1,DREB,33-36,20.4,0,-1,2,0,1,1,0,0,111.9,120.1,2
0022201082,2022-23,2,12,17,0,35.4,LIVE_TOV,33-36,30.4,1,16,0,2,2,1,1,0,111.9,120.1,-2
0022201082,2022-23,3,12,17,0,39.2,MADE_BASKET,39-42,32.7,1,12,3,2,2,1,1,0,111.9,120.1,1
0022201083,2022-23,1,23,14,0,36.1,MADE_BASKET,36-39,29.4,1,-2,0,0,2,2,1,1,112.7,119.9,0
0022201083,2022-23,2,23,14,0,39.5,MADE_BASKET,39-42,29.7,1,-4,2,3,2,2,1,1,112.7,119.9,-1
0022201083,2022-23,3,14,23,1,37.4,MADE_BASKET,36-39,17.5,0,-7,0,0,1,1,0,0,118.8,118.1,0
0022201084,2022-23,1,14,19,1,38.5,DREB,36-39,20.9,0,2,3,2,1,1,0,0,118.8,106.9,1
0022201084,2022-23,2,14,19,1,37.8,MADE_BASKET,36-39,19.3,0,-3,3,0,1,1,0,0,118.8,106.9,3
0022201084,2022-23,3,14,19,1,41.7,MADE_BASKET,39-42,29.5,1,0,2,2,2,2,1,1,118.8,106.9,0
0022201085,2022-23,1,3,2,0,37.6,MADE_BASKET,36-39,16.8,0,-6,0,0,1,1,0,0,118.5,119.0,0
0022201085,2022-23,2,2,3,1,35.3,MADE_BASKET,33-36,19.0,0,5,0,0,1,1,0,0,118.0,118.0,0
0022201085,2022-23,3,3,2,0,40.3,MADE_BASKET,39-42,30.6,1,-6,2,0,1,1,0,0,118.5,119.0,2
0022201086,2022-23,1,3,8,1,37.7,DEAD_BALL,36-39,26.0,0,2,1,0,2,1,1,0,118.5,113.6,1
0022201086,2022-23,2,3,8,1,38.3,DREB,36-39,28.3,1,4,2,4,1,1,0,0,118.5,113.6,-2
0022201086,2022-23,3,3,8,1,35.1,MADE_BASKET,33-36,24.5,0,2,2,2,2,1,1,0,118.5,113.6,0
0022201087,2022-23,2,12,6,1,38.9,DEAD_BALL,36-39,28.5,1,-7,0,3,2,1,1,0,111.9,109.2,-3
0022201087,2022-23,3,12,6,1,44.5,MADE_BASKET,42-45,34.0,1,-10,0,2,2,2,1,1,111.9,109.2,-2
0022201088,2022-23,2,29,26,0,42.6,DREB,42-45,33.5,1,2,5,2,2,2,1,1,119.3,118.7,3
0022201089,2022-23,1,30,2,1,36.8,MADE_BASKET,36-39,19.2,0,-9,0,0,1,1,0,0,112.3,119.0,0
0022201089,2022-23,2,30,2,1,36.4,LIVE_TOV,36-39,28.8,1,-2,2,0,2,1,1,0,112.3,119.0,2
0022201089,2022-23,3,30,2,1,44.4,MADE_BASKET,42-45,38.5,1,4,3,0,2,1,1,0,112.3,119.0,3
0022201090,2022-23,1,15,6,1,36.6,MADE_BASKET,36-39,11.8,0,5,0,0,1,0,0,0,118.9,109.2,0
0022201090,2022-23,2,15,6,1,40.0,MADE_BASKET,39-42,18.0,0,-3,2,0,1,1,0,0,118.9,109.2,2
0022201090,2022-23,3,15,6,1,40.2,DREB,39-42,20.3,0,0,0,3,2,1,1,0,118.9,109.2,-3
0022201091,2022-23,1,9,26,0,33.1,MADE_BASKET,33-36,17.2,0,7,2,2,2,1,1,0,116.7,118.7,0
0022201091,2022-23,3,26,9,1,42.5,DREB,42-45,30.6,1,1,0,0,2,1,1,0,113.0,118.2,0
0022201092,2022-23,2,18,9,1,41.8,MADE_BASKET,39-42,29.6,1,-4,2,5,2,2,1,1,109.9,118.2,-3
0022201092,2022-23,3,18,9,1,43.1,DREB,42-45,32.9,1,-13,3,2,2,1,1,0,109.9,118.2,1
0022201093,2022-23,1,16,18,0,40.0,DEAD_BALL,39-42,24.8,0,-8,0,2,2,1,1,0,121.8,118.0,-2
0022201093,2022-23,2,18,16,1,39.0,DREB,39-42,17.1,0,10,3,2,1,1,0,0,109.9,110.0,1
0022201093,2022-23,3,18,16,1,42.2,MADE_BASKET,42-45,23.6,0,15,2,0,1,1,0,0,109.9,110.0,2
0022201094,2022-23,1,7,12,1,39.8,MADE_BASKET,39-42,31.1,1,3,2,2,2,2,1,1,113.2,116.6,0
0022201094,2022-23,2,12,7,0,33.9,DREB,33-36,17.6,0,3,3,0,1,1,0,0,111.9,117.1,3
0022201095,2022-23,1,27,9,1,43.2,DREB,42-45,28.6,1,-3,0,0,2,1,1,0,114.0,118.2,0
0022201095,2022-23,2,9,27,0,44.2,MADE_BASKET,42-45,39.2,1,1,0,2,2,1,1,0,116.7,115.3,-2
0022201095,2022-23,3,27,9,1,32.8,DREB,30-33,29.2,1,15,3,3,2,1,1,0,114.0,118.2,0
0022201096,2022-23,1,26,24,0,40.0,MADE_BASKET,39-42,25.3,0,-1,0,0,1,1,0,0,113.0,113.3,0
0022201096,2022-23,2,26,24,0,38.6,DREB,36-39,36.2,1,5,0,2,3,2,1,1,113.0,113.3,-2
0022201096,2022-23,3,26,24,0,39.6,MADE_BASKET,39-42,32.7,1,-6,0,5,2,2,1,1,113.0,113.3,-5
0022201097,2022-23,1,12,5,1,44.3,DREB,42-45,34.2,1,13,2,3,1,1,0,0,111.9,118.5,-1
0022201097,2022-23,2,12,5,1,40.4,MADE_BASKET,39-42,25.8,0,8,1,3,1,1,0,0,111.9,118.5,-2
0022201097,2022-23,3,12,5,1,30.6,MADE_BASKET,30-33,8.9,0,5,3,2,2,1,1,0,111.9,118.5,1
0022201098,2022-23,1,21,22,0,31.9,MADE_BASKET,30-33,15.4,0,2,2,2,1,1,0,0,118.7,117.1,0
0022201098,2022-23,3,21,22,0,32.9,DREB,30-33,18.0,0,-3,2,0,1,1,0,0,118.7,117.1,2
0022201099,2022-23,1,30,18,0,40.9,DREB,39-42,36.4,1,4,0,0,2,1,1,0,112.3,118.0,0
0022201099,2022-23,2,30,18,0,38.7,MADE_BASKET,36-39,33.0,1,7,6,0,2,1,1,0,112.3,118.0,6
0022201100,2022-23,1,7,15,1,39.1,LIVE_TOV,39-42,30.3,1,-1,2,2,2,1,1,0,113.2,112.7,0
0022201100,2022-23,2,7,15,1,44.7,DREB,42-45,28.4,1,-3,2,2,1,1,0,0,113.2,112.7,0
0022201100,2022-23,3,15,7,0,39.1,DREB,39-42,21.8,0,0,2,0,1,1,0,0,118.9,117.1,2
0022201101,2022-23,1,8,28,1,44.7,DREB,42-45,38.6,1,4,3,2,2,2,1,1,110.4,116.2,1
0022201101,2022-23,3,8,28,1,40.3,MADE_BASKET,39-42,31.7,1,11,2,0,1,1,0,0,110.4,116.2,2
0022201102,2022-23,1,20,18,0,32.9,MADE_BASKET,30-33,14.5,0,-5,0,0,1,1,0,0,128.8,118.0,0
0022201102,2022-23,2,18,20,1,33.5,MADE_BASKET,33-36,15.2,0,7,0,0,1,1,0,0,109.9,114.8,0
0022201102,2022-23,3,18,20,1,37.3,MADE_BASKET,36-39,13.8,0,-1,0,0,1,0,0,0,109.9,114.8,0
0022201103,2022-23,1,3,20,0,36.0,MADE_BASKET,36-39,18.7,0,-8,2,0,1,1,0,0,118.5,114.8,2
0022201103,2022-23,3,3,20,0,33.3,MADE_BASKET,33-36,19.1,0,-8,0,0,1,1,0,0,118.5,114.8,0
0022201104,2022-23,1,29,7,1,32.8,DREB,30-33,28.9,1,0,2,3,2,1,1,0,119.3,117.1,-1
0022201104,2022-23,2,29,7,1,39.2,MADE_BASKET,39-42,30.7,1,-8,2,2,2,1,1,0,119.3,117.1,0
0022201105,2022-23,1,13,8,0,30.7,DREB,30-33,8.0,0,0,0,2,1,1,0,0,111.8,113.6,-2
0022201105,2022-23,3,8,13,1,30.5,DEAD_BALL,30-33,13.3,0,9,0,0,1,1,0,0,110.4,103.4,0
0022201106,2022-23,2,10,21,1,34.1,MADE_BASKET,33-36,30.5,1,5,0,2,2,1,1,0,119.8,107.9,-2
0022201106,2022-23,3,21,10,0,35.3,MADE_BASKET,33-36,30.6,1,-12,2,2,2,1,1,0,118.7,113.5,0
0022201107,2022-23,1,7,14,1,36.0,MADE_BASKET,36-39,21.7,0,7,0,2,1,1,0,0,113.2,119.9,-2
0022201107,2022-23,2,7,14,1,40.6,LIVE_TOV,39-42,29.7,1,12,2,0,2,1,1,0,113.2,119.9,2
0022201107,2022-23,3,7,14,1,30.6,MADE_BASKET,30-33,15.6,0,3,2,0,1,1,0,0,113.2,119.9,2
0022201108,2022-23,1,10,17,1,36.6,DREB,36-39,28.3,1,-5,2,0,2,1,1,0,119.8,120.1,2
0022201108,2022-23,2,17,10,0,31.6,DREB,30-33,18.3,0,-8,0,0,2,1,1,0,121.1,113.5,0
0022201108,2022-23,3,10,17,1,43.6,DREB,42-45,34.4,1,15,3,2,2,1,1,0,119.8,120.1,1
0022201109,2022-23,1,10,16,1,41.1,DREB,39-42,32.3,1,-8,6,2,2,1,1,0,119.8,110.0,4
0022201109,2022-23,2,16,10,0,37.3,DREB,36-39,32.4,1,15,0,0,2,2,1,1,121.8,113.5,0
0022201109,2022-23,3,16,10,0,40.5,DREB,39-42,22.5,0,28,1,0,2,1,1,0,121.8,113.5,1
0022201110,2022-23,1,22,4,0,40.3,DEAD_BALL,39-42,35.0,1,-7,0,3,2,1,1,0,117.1,123.9,-3
0022201110,2022-23,3,4,22,1,32.7,LIVE_TOV,30-33,29.4,1,-3,4,2,2,2,1,1,117.5,117.1,2
0022201111,2022-23,2,6,17,1,33.6,DREB,33-36,13.9,0,14,0,3,1,1,0,0,117.2,120.1,-3
0022201112,2022-23,1,29,23,1,38.3,MADE_BASKET,36-39,31.9,1,3,0,2,2,1,1,0,119.3,118.1,-2
0022201112,2022-23,2,23,29,0,30.0,DEAD_BALL,30-33,11.2,0,-4,0,1,1,1,0,0,112.7,121.4,-1
0022201112,2022-23,3,29,23,1,31.7,MADE_BASKET,30-33,10.8,0,6,3,2,1,1,0,0,119.3,118.1,1
0022201113,2022-23,1,12,20,0,39.2,MADE_BASKET,39-42,35.0,1,-6,1,2,2,1,1,0,111.9,114.8,-1
0022201113,2022-23,3,12,20,0,43.3,MADE_BASKET,42-45,25.9,0,-9,0,0,2,1,1,0,111.9,114.8,0
0022201114,2022-23,1,8,10,1,36.3,DREB,36-39,31.3,1,1,0,0,1,1,0,0,110.4,113.5,0
0022201114,2022-23,2,10,8,0,43.9,MADE_BASKET,42-45,39.6,1,3,0,0,2,2,1,1,119.8,113.6,0
0022201114,2022-23,3,10,8,0,43.8,MADE_BASKET,42-45,35.8,1,-10,2,2,2,1,1,0,119.8,113.6,0
0022201115,2022-23,1,25,18,0,37.3,DREB,36-39,34.4,1,-10,0,2,2,2,1,1,113.7,118.0,-2
0022201115,2022-23,2,18,25,1,45.0,LIVE_TOV,42-45,33.0,1,15,0,0,2,2,1,1,109.9,113.8,0
0022201115,2022-23,3,18,25,1,40.6,MADE_BASKET,39-42,34.8,1,12,3,0,2,1,1,0,109.9,113.8,3
0022201116,2022-23,1,8,30,0,30.1,MADE_BASKET,30-33,18.9,0,-2,0,2,1,1,0,0,110.4,112.5,-2
0022201116,2022-23,2,8,30,0,35.2,MADE_BASKET,33-36,23.4,0,-7,0,2,1,1,0,0,110.4,112.5,-2
0022201117,2022-23,1,9,28,0,37.6,DREB,36-39,33.4,1,-3,3,0,1,1,0,0,116.7,116.2,3
0022201117,2022-23,2,28,9,1,41.5,MADE_BASKET,39-42,35.3,1,-11,0,0,2,1,1,0,117.8,118.2,0
0022201118,2022-23,1,27,16,1,42.6,MADE_BASKET,42-45,29.8,1,4,0,2,2,1,1,0,114.0,110.0,-2
0022201118,2022-23,2,27,16,1,35.7,DREB,33-36,24.3,0,2,0,2,1,1,0,0,114.0,110.0,-2
0022201118,2022-23,3,16,27,0,44.3,MADE_BASKET,42-45,32.0,1,-20,3,3,2,1,1,0,121.8,115.3,0
0022201119,2022-23,1,8,24,0,39.5,DREB,39-42,37.9,1,5,0,0,2,2,1,1,110.4,113.3,0
0022201119,2022-23,2,8,24,0,35.7,DREB,33-36,30.2,1,7,3,3,2,2,1,1,110.4,113.3,0
0022201119,2022-23,3,8,24,0,36.6,MADE_BASKET,36-39,18.1,0,7,2,3,1,1,0,0,110.4,113.3,-1
0022201120,2022-23,1,3,20,1,34.0,MADE_BASKET,33-36,22.3,0,3,3,0,1,1,0,0,118.5,114.8,3
0022201120,2022-23,2,20,3,0,45.0,DREB,42-45,36.1,1,-8,2,0,2,1,1,0,128.8,118.0,2
0022201120,2022-23,3,3,20,1,38.6,MADE_BASKET,36-39,20.7,0,1,0,0,2,1,1,0,118.5,114.8,0
0022201121,2022-23,1,21,29,0,34.7,MADE_BASKET,33-36,19.4,0,-5,0,0,1,1,0,0,118.7,121.4,0
0022201121,2022-23,2,29,21,1,31.5,DEAD_BALL,30-33,19.8,0,7,4,0,1,1,0,0,119.3,107.9,4
0022201121,2022-23,3,29,21,1,39.0,MADE_BASKET,39-42,29.4,1,22,2,0,1,1,0,0,119.3,107.9,2
0022201122,2022-23,1,30,27,1,39.7,DREB,39-42,36.4,1,16,4,3,2,2,1,1,112.3,115.3,1
0022201122,2022-23,2,27,30,0,36.3,DREB,36-39,16.5,0,-27,0,0,1,1,0,0,114.0,112.5,0
0022201122,2022-23,3,27,30,0,31.6,DREB,30-33,12.3,0,-22,0,0,1,1,0,0,114.0,112.5,0
0022201123,2022-23,1,12,15,0,41.9,DEAD_BALL,39-42,28.2,1,-1,2,0,2,1,1,0,111.9,112.7,2
0022201123,2022-23,2,12,15,0,35.3,DEAD_BALL,33-36,24.2,0,15,2,0,1,1,0,0,111.9,112.7,2
0022201123,2022-23,3,12,15,0,41.7,DREB,39-42,25.1,0,10,2,0,1,1,0,0,111.9,112.7,2
0022201124,2022-23,1,6,28,1,32.9,DREB,30-33,30.9,1,1,2,2,2,1,1,0,117.2,116.2,0
0022201124,2022-23,2,28,6,0,30.9,DREB,30-33,13.9,0,-2,0,2,2,1,1,0,117.8,109.2,-2
0022201124,2022-23,3,28,6,0,41.5,DREB,39-42,30.1,1,-1,2,2,2,1,1,0,117.8,109.2,0
0022201125,2022-23,2,22,5,1,43.8,MADE_BASKET,42-45,31.3,1,7,3,3,2,1,1,0,117.1,118.5,0
0022201125,2022-23,3,5,22,0,34.8,DREB,33-36,28.9,1,3,3,3,2,2,1,1,111.3,117.1,0
0022201126,2022-23,1,20,13,0,36.4,DREB,36-39,27.9,0,1,3,0,2,1,1,0,128.8,103.4,3
0022201126,2022-23,2,20,13,0,44.5,MADE_BASKET,42-45,31.8,1,-5,1,0,2,1,1,0,128.8,103.4,1
0022201126,2022-23,3,13,20,1,32.1,MADE_BASKET,30-33,7.8,0,-3,2,2,1,1,0,0,111.8,114.8,0
0022201127,2022-23,1,16,8,1,35.6,DREB,33-36,32.4,1,8,5,3,2,1,1,0,121.8,113.6,2
0022201127,2022-23,2,8,16,0,35.9,MADE_BASKET,33-36,22.3,0,-12,0,0,1,1,0,0,110.4,110.0,0
0022201127,2022-23,3,8,16,0,34.3,DREB,33-36,16.4,0,-18,0,0,1,1,0,0,110.4,110.0,0
0022201128,2022-23,2,5,3,0,43.2,MADE_BASKET,42-45,33.3,1,20,6,0,2,2,1,1,111.3,118.0,6
0022201128,2022-23,3,5,3,0,36.5,DEAD_BALL,36-39,17.9,0,24,3,0,1,1,0,0,111.3,118.0,3
0022201129,2022-23,1,6,5,0,35.4,MADE_BASKET,33-36,20.7,0,1,0,3,1,1,0,0,117.2,118.5,-3
0022201129,2022-23,2,6,5,0,43.1,LIVE_TOV,42-45,39.6,1,-5,5,0,3,2,1,1,117.2,118.5,5
0022201129,2022-23,3,5,6,1,39.7,MADE_BASKET,39-42,30.1,1,-1,0,0,2,1,1,0,111.3,109.2,0
0022201130,2022-23,1,8,1,1,37.7,MADE_BASKET,36-39,18.4,0,8,2,0,1,1,0,0,110.4,121.2,2
0022201130,2022-23,3,8,1,1,44.5,MADE_BASKET,42-45,29.3,1,15,0,0,1,1,0,0,110.4,121.2,0
0022201131,2022-23,1,3,25,1,35.1,MADE_BASKET,33-36,12.2,0,-4,0,0,2,1,1,0,118.5,113.8,0
0022201131,2022-23,2,25,3,0,32.3,MADE_BASKET,30-33,8.4,0,-1,0,3,2,1,1,0,113.7,118.0,-3
0022201131,2022-23,3,25,3,0,37.9,DREB,36-39,33.8,1,-2,6,5,2,2,1,1,113.7,118.0,1
0022201132,2022-23,1,10,27,1,35.6,MADE_BASKET,33-36,14.9,0,-7,2,0,1,1,0,0,119.8,115.3,2
0022201132,2022-23,3,27,10,0,37.2,MADE_BASKET,36-39,31.7,1,7,2,0,2,1,1,0,114.0,113.5,2
0022201133,2022-23,1,30,5,0,30.0,MADE_BASKET,30-33,7.7,0,2,2,2,2,1,1,0,112.3,118.5,0
0022201133,2022-23,2,30,5,0,38.1,DEAD_BALL,36-39,33.1,1,-3,0,0,2,2,1,1,112.3,118.5,0
0022201134,2022-23,1,12,4,0,36.7,DREB,36-39,23.9,0,-4,0,0,1,1,0,0,111.9,123.9,0
0022201134,2022-23,2,4,12,1,30.2,DREB,30-33,13.7,0,0,1,0,1,1,0,0,117.5,116.6,1
0022201134,2022-23,3,12,4,0,39.8,DREB,39-42,37.2,1,3,3,6,3,2,1,1,111.9,123.9,-3
0022201135,2022-23,1,7,23,1,33.0,DREB,33-36,16.3,0,-7,4,2,2,1,1,0,113.2,118.1,2
0022201135,2022-23,2,23,7,0,42.3,DREB,42-45,35.2,1,8,0,0,2,1,1,0,112.7,117.1,0
0022201136,2022-23,2,26,14,1,32.1,MADE_BASKET,30-33,8.2,0,-14,2,3,2,1,1,0,113.0,119.9,-1
0022201136,2022-23,3,14,26,0,35.4,DREB,33-36,22.8,0,27,0,0,1,1,0,0,118.8,118.7,0
0022201137,2022-23,1,26,24,1,33.7,MADE_BASKET,33-36,11.3,0,0,2,2,1,1,0,0,113.0,113.3,0
0022201137,2022-23,2,24,26,0,42.5,DREB,42-45,29.8,1,-15,0,3,2,2,1,1,120.3,118.7,-3
0022201137,2022-23,3,24,26,0,42.1,MADE_BASKET,42-45,33.5,1,-18,0,2,2,2,1,1,120.3,118.7,-2
0022201138,2022-23,1,19,29,1,43.6,DREB,42-45,29.4,1,7,4,0,2,1,1,0,123.8,121.4,4
0022201138,2022-23,2,19,29,1,42.7,MADE_BASKET,42-45,34.5,1,5,2,3,2,2,1,1,123.8,121.4,-1
0022201138,2022-23,3,29,19,0,43.7,MADE_BASKET,42-45,39.2,1,-11,0,2,2,2,1,1,119.3,106.9,-2
0022201139,2022-23,1,4,30,1,44.7,DREB,42-45,34.6,1,-9,2,2,2,1,1,0,117.5,112.5,0
0022201139,2022-23,2,4,30,1,33.9,MADE_BASKET,33-36,29.9,1,-5,2,1,2,1,1,0,117.5,112.5,1
0022201139,2022-23,3,4,30,1,39.7,DREB,39-42,28.4,1,-10,2,0,1,1,0,0,117.5,112.5,2
0022201140,2022-23,1,7,17,1,33.9,DREB,33-36,29.3,1,8,3,0,2,1,1,0,113.2,120.1,3
0022201140,2022-23,2,17,7,0,32.0,DREB,30-33,15.9,0,-2,2,0,1,1,0,0,121.1,117.1,2
0022201141,2022-23,1,5,9,1,36.8,MADE_BASKET,36-39,33.7,1,3,0,0,2,1,1,0,111.3,118.2,0
0022201141,2022-23,2,5,9,1,36.5,MADE_BASKET,36-39,15.3,0,10,0,0,1,1,0,0,111.3,118.2,0
0022201141,2022-23,3,5,9,1,41.0,MADE_BASKET,39-42,25.0,0,8,0,0,2,1,1,0,111.3,118.2,0
0022201142,2022-23,2,27,29,1,39.6,MADE_BASKET,39-42,32.7,1,6,0,0,2,1,1,0,114.0,121.4,0
0022201142,2022-23,3,29,27,0,39.9,DREB,39-42,28.6,1,-5,4,2,2,1,1,0,119.3,115.3,2
0022201143,2022-23,1,10,16,0,32.1,MADE_BASKET,30-33,8.7,0,4,2,0,1,1,0,0,119.8,110.0,2
0022201143,2022-23,2,10,16,0,39.9,MADE_BASKET,39-42,28.8,1,-2,0,0,2,1,1,0,119.8,110.0,0
0022201143,2022-23,3,16,10,1,37.8,MADE_BASKET,36-39,32.5,1,-1,2,0,2,1,1,0,121.8,113.5,2
0022201144,2022-23,1,29,15,1,31.4,DREB,30-33,13.2,0,-3,0,2,1,1,0,0,119.3,112.7,-2
0022201144,2022-23,2,29,15,1,39.4,DEAD_BALL,39-42,31.6,1,-6,1,5,2,2,1,1,119.3,112.7,-4
0022201144,2022-23,3,15,29,0,38.1,MADE_BASKET,36-39,22.2,0,2,2,2,1,1,0,0,118.9,121.4,0
0022201145,2022-23,1,24,20,0,39.8,LIVE_TOV,39-42,32.6,1,-3,2,0,2,2,1,1,120.3,114.8,2
0022201145,2022-23,2,24,20,0,38.0,MADE_BASKET,36-39,29.0,1,12,0,2,2,1,1,0,120.3,114.8,-2
0022201145,2022-23,3,20,24,1,40.9,DREB,39-42,25.8,0,-4,3,0,1,1,0,0,128.8,113.3,3
0022201146,2022-23,1,18,27,0,35.3,DEAD_BALL,33-36,29.9,1,2,2,0,1,1,0,0,109.9,115.3,2
0022201146,2022-23,2,27,18,1,38.7,DEAD_BALL,36-39,32.1,1,-12,0,3,2,2,1,1,114.0,118.0,-3
0022201146,2022-23,3,18,27,0,31.0,MADE_BASKET,30-33,10.3,0,6,3,0,1,1,0,0,109.9,115.3,3
0022201147,2022-23,2,9,24,0,32.7,DREB,30-33,12.4,0,9,2,3,1,1,0,0,116.7,113.3,-1
0022201147,2022-23,3,24,9,1,40.2,MADE_BASKET,39-42,18.5,0,-14,0,1,1,1,0,0,120.3,118.2,-1
0022201148,2022-23,2,20,12,0,42.0,MADE_BASKET,42-45,24.2,0,18,3,0,1,1,0,0,128.8,116.6,3
0022201148,2022-23,3,12,20,1,34.0,MADE_BASKET,33-36,14.8,0,-28,0,3,1,1,0,0,111.9,114.8,-3
0022201149,2022-23,1,14,15,1,36.2,MADE_BASKET,36-39,18.8,0,-6,0,0,1,1,0,0,118.8,112.7,0
0022201149,2022-23,2,14,15,1,41.8,MADE_BASKET,39-42,32.2,1,-6,4,2,2,2,1,1,118.8,112.7,2
0022201149,2022-23,3,14,15,1,40.5,DREB,39-42,33.0,1,-11,2,2,2,1,1,0,118.8,112.7,0
0022201150,2022-23,2,17,27,1,38.0,DREB,36-39,29.1,1,8,2,1,2,1,1,0,121.1,115.3,1
0022201150,2022-23,3,17,27,1,42.5,LIVE_TOV,42-45,28.9,1,9,5,2,2,2,1,1,121.1,115.3,3
0022201151,2022-23,1,20,19,0,31.2,DREB,30-33,19.2,0,-7,2,3,2,1,1,0,128.8,106.9,-1
0022201151,2022-23,2,19,20,1,38.0,MADE_BASKET,36-39,33.6,1,-1,3,0,2,2,1,1,123.8,114.8,3
0022201151,2022-23,3,19,20,1,39.4,LIVE_TOV,39-42,37.2,1,2,2,3,2,1,1,0,123.8,114.8,-1
0022201152,2022-23,1,11,7,1,43.1,MADE_BASKET,42-45,30.5,1,-8,2,0,2,2,1,1,118.3,117.1,2
0022201152,2022-23,2,7,11,0,41.1,DREB,39-42,34.1,1,1,2,1,2,1,1,0,113.2,121.8,1
0022201153,2022-23,1,29,14,0,44.8,MADE_BASKET,42-45,37.6,1,4,1,2,2,2,1,1,119.3,119.9,-1
0022201153,2022-23,2,29,14,0,34.6,DREB,33-36,30.7,1,1,0,0,2,1,1,0,119.3,119.9,0
0022201153,2022-23,3,29,14,0,33.2,MADE_BASKET,33-36,24.0,0,9,2,0,1,1,0,0,119.3,119.9,2
0022201154,2022-23,1,20,22,1,39.6,DREB,39-42,30.5,1,-5,2,0,2,1,1,0,128.8,117.1,2
0022201154,2022-23,2,22,20,0,33.8,DREB,33-36,29.5,1,-2,0,0,2,1,1,0,117.1,114.8,0
0022201154,2022-23,3,22,20,0,34.7,DREB,33-36,28.7,1,-3,4,2,2,1,1,0,117.1,114.8,2
0022201155,2022-23,1,8,2,1,44.9,MADE_BASKET,42-45,35.5,1,-1,0,4,2,2,1,1,110.4,119.0,-4
0022201155,2022-23,2,2,8,0,34.7,DREB,33-36,17.9,0,-2,0,0,1,1,0,0,118.0,113.6,0
0022201155,2022-23,3,2,8,0,39.2,MADE_BASKET,39-42,31.6,1,-5,2,0,2,1,1,0,118.0,113.6,2
0022201156,2022-23,1,26,6,1,43.1,MADE_BASKET,42-45,31.3,1,-3,2,3,2,1,1,0,113.0,109.2,-1
0022201156,2022-23,2,26,6,1,39.7,DEAD_BALL,39-42,37.7,1,-1,0,2,2,1,1,0,113.0,109.2,-2
0022201157,2022-23,2,3,25,0,37.2,LIVE_TOV,36-39,34.2,1,-9,0,0,3,2,1,1,118.5,113.8,0
0022201157,2022-23,3,25,3,1,44.5,DREB,42-45,31.7,1,2,2,0,2,1,1,0,113.7,118.0,2
0022201158,2022-23,2,7,6,1,38.6,DREB,36-39,18.3,0,-2,0,2,1,1,0,0,113.2,109.2,-2
0022201158,2022-23,3,6,7,0,42.5,MADE_BASKET,42-45,31.6,1,6,2,3,1,1,0,0,117.2,117.1,-1
0022201159,2022-23,1,11,16,1,40.9,DEAD_BALL,39-42,23.1,0,9,2,0,1,1,0,0,118.3,110.0,2
0022201159,2022-23,2,16,11,0,40.7,MADE_BASKET,39-42,31.9,1,-10,4,1,2,1,1,0,121.8,121.8,3
0022201159,2022-23,3,16,11,0,40.1,MADE_BASKET,39-42,30.4,1,-26,5,2,2,2,1,1,121.8,121.8,3
0022201160,2022-23,1,3,15,1,42.9,MADE_BASKET,42-45,21.2,0,-11,2,0,1,1,0,0,118.5,112.7,2
0022201160,2022-23,2,3,15,1,39.5,DEAD_BALL,39-42,37.0,1,-26,3,0,2,1,1,0,118.5,112.7,3
0022201161,2022-23,2,26,13,1,34.6,DREB,33-36,29.5,1,-9,3,0,2,1,1,0,113.0,103.4,3
0022201161,2022-23,3,13,26,0,37.6,LIVE_TOV,36-39,28.9,1,13,0,3,2,1,1,0,111.8,118.7,-3
0022201162,2022-23,1,23,24,1,33.9,DREB,33-36,22.1,0,11,2,0,1,1,0,0,112.7,113.3,2
0022201162,2022-23,2,24,23,0,33.5,DREB,33-36,16.6,0,-2,2,0,1,1,0,0,120.3,118.1,2
0022201162,2022-23,3,23,24,1,37.0,DREB,36-39,23.8,0,2,2,0,1,1,0,0,112.7,113.3,2
0022201163,2022-23,1,21,18,1,33.4,DREB,33-36,17.6,0,16,3,0,1,1,0,0,118.7,118.0,3
0022201163,2022-23,2,21,18,1,35.5,DREB,33-36,29.4,1,21,3,2,2,1,1,0,118.7,118.0,1
0022201163,2022-23,3,18,21,0,37.9,MADE_BASKET,36-39,30.8,1,-28,2,2,2,1,1,0,109.9,107.9,0
0022201164,2022-23,1,17,14,0,34.2,DREB,33-36,26.2,0,-8,2,0,2,1,1,0,121.1,119.9,2
0022201164,2022-23,2,14,17,1,42.5,MADE_BASKET,42-45,40.1,1,0,5,2,3,2,1,1,118.8,120.1,3
0022201164,2022-23,3,17,14,0,43.0,MADE_BASKET,42-45,30.5,1,-5,4,0,2,1,1,0,121.1,119.9,4
0022201165,2022-23,2,20,24,1,37.4,MADE_BASKET,36-39,19.6,0,10,3,0,1,1,0,0,128.8,113.3,3
0022201165,2022-23,3,20,24,1,41.1,MADE_BASKET,39-42,33.1,1,15,3,0,1,1,0,0,128.8,113.3,3
0022201166,2022-23,1,1,13,0,38.2,MADE_BASKET,36-39,12.9,0,-2,0,0,1,1,0,0,112.4,103.4,0
0022201166,2022-23,2,1,13,0,40.9,DREB,39-42,30.7,1,7,5,0,2,1,1,0,112.4,103.4,5
0022201166,2022-23,3,13,1,1,43.1,MADE_BASKET,42-45,30.1,1,-17,3,2,2,1,1,0,111.8,121.2,1
0022201167,2022-23,1,6,28,0,34.9,DREB,33-36,22.5,0,3,0,0,1,1,0,0,117.2,116.2,0
0022201167,2022-23,3,6,28,0,42.8,LIVE_TOV,42-45,32.4,1,-3,2,2,2,1,1,0,117.2,116.2,0
0022201168,2022-23,1,23,17,1,44.8,DREB,42-45,25.2,0,4,2,2,1,1,0,0,112.7,120.1,0
0022201168,2022-23,2,17,23,0,31.1,DREB,30-33,28.5,1,2,1,2,2,1,1,0,121.1,118.1,-1
0022201169,2022-23,2,18,26,0,45.0,MADE_BASKET,42-45,31.3,1,-5,1,0,2,1,1,0,109.9,118.7,1
0022201169,2022-23,3,18,26,0,42.6,MADE_BASKET,42-45,29.2,1,-3,3,0,2,1,1,0,109.9,118.7,3
0022201170,2022-23,1,18,23,1,42.1,MADE_BASKET,42-45,33.9,1,-6,0,4,2,2,1,1,109.9,118.1,-4
0022201170,2022-23,2,18,23,1,39.5,DREB,39-42,32.3,1,-9,0,0,2,1,1,0,109.9,118.1,0
0022201170,2022-23,3,18,23,1,44.1,DREB,42-45,30.7,1,-7,1,0,2,1,1,0,109.9,118.1,1
0022201171,2022-23,1,3,1,1,34.8,MADE_BASKET,33-36,20.6,0,1,2,0,1,1,0,0,118.5,121.2,2
0022201171,2022-23,2,3,1,1,33.2,DREB,33-36,26.6,0,12,3,2,2,1,1,0,118.5,121.2,1
0022201171,2022-23,3,1,3,0,38.5,MADE_BASKET,36-39,21.6,0,-18,2,0,1,1,0,0,112.4,118.0,2
0022201172,2022-23,1,25,20,0,34.5,DREB,33-36,16.5,0,-7,0,0,1,1,0,0,113.7,114.8,0
0022201172,2022-23,2,20,25,1,43.8,DEAD_BALL,42-45,33.4,1,6,3,2,2,1,1,0,128.8,113.8,1
0022201172,2022-23,3,20,25,1,34.1,MADE_BASKET,33-36,18.7,0,2,2,2,1,1,0,0,128.8,113.8,0
0022201173,2022-23,1,27,1,1,44.5,LIVE_TOV,42-45,34.6,1,3,1,0,2,1,1,0,114.0,121.2,1
0022201173,2022-23,2,1,27,0,36.3,MADE_BASKET,36-39,19.5,0,0,1,2,1,1,0,0,112.4,115.3,-1
0022201173,2022-23,3,27,1,1,42.8,DREB,42-45,29.4,1,6,0,0,2,1,1,0,114.0,121.2,0
0022201174,2022-23,1,18,29,0,44.3,DREB,42-45,36.1,1,2,5,5,2,2,1,1,109.9,121.4,0
0022201174,2022-23,2,29,18,1,38.0,MADE_BASKET,36-39,29.6,1,-8,2,3,2,1,1,0,119.3,118.0,-1
0022201174,2022-23,3,29,18,1,41.2,MADE_BASKET,39-42,36.2,1,-10,3,2,3,2,1,1,119.3,118.0,1
0022201175,2022-23,2,16,26,0,32.6,MADE_BASKET,30-33,19.6,0,7,2,0,1,1,0,0,121.8,118.7,2
0022201175,2022-23,3,26,16,1,38.0,MADE_BASKET,36-39,30.3,1,-9,5,2,1,1,0,0,113.0,110.0,3
0022201176,2022-23,1,7,2,0,31.6,MADE_BASKET,30-33,18.2,0,10,3,2,1,1,0,0,113.2,119.0,1
0022201176,2022-23,2,2,7,1,33.7,MADE_BASKET,33-36,20.0,0,-9,0,0,1,1,0,0,118.0,117.1,0
0022201176,2022-23,3,2,7,1,33.6,LIVE_TOV,33-36,31.4,1,-16,3,0,2,2,1,1,118.0,117.1,3
0022201177,2022-23,2,13,7,1,43.0,MADE_BASKET,42-45,34.8,1,-9,3,2,2,2,1,1,111.8,117.1,1
0022201177,2022-23,3,13,7,1,37.3,DREB,36-39,23.4,0,-11,0,0,1,1,0,0,111.8,117.1,0
0022201178,2022-23,1,20,28,1,38.8,DREB,36-39,21.9,0,-4,1,3,1,1,0,0,128.8,116.2,-2
0022201178,2022-23,2,20,28,1,36.3,DREB,36-39,29.9,1,-4,0,0,2,1,1,0,128.8,116.2,0
0022201178,2022-23,3,20,28,1,39.6,DREB,39-42,33.3,1,3,2,2,2,2,1,1,128.8,116.2,0
0022201179,2022-23,1,23,2,1,35.9,MADE_BASKET,33-36,21.7,0,-3,2,3,1,1,0,0,112.7,119.0,-1
0022201179,2022-23,3,2,23,0,30.3,DREB,30-33,19.4,0,-5,2,0,1,1,0,0,118.0,118.1,2
0022201180,2022-23,1,5,19,0,37.9,MADE_BASKET,36-39,24.2,0,-14,2,0,1,1,0,0,111.3,106.9,2
0022201180,2022-23,2,19,5,1,39.3,MADE_BASKET,39-42,33.8,1,11,5,3,2,2,1,1,123.8,118.5,2
0022201180,2022-23,3,5,19,0,36.3,MADE_BASKET,36-39,32.5,1,-22,1,0,2,1,1,0,111.3,106.9,1
0022201181,2022-23,1,21,13,1,35.3,MADE_BASKET,33-36,15.2,0,3,2,2,1,1,0,0,118.7,103.4,0
0022201181,2022-23,2,13,21,0,40.6,DREB,39-42,29.5,1,-8,3,0,2,1,1,0,111.8,107.9,3
0022201181,2022-23,3,21,13,1,37.3,MADE_BASKET,36-39,31.4,1,13,2,2,1,1,0,0,118.7,103.4,0
0022201182,2022-23,1,6,10,0,43.4,DREB,42-45,32.8,1,2,2,2,2,2,1,1,117.2,113.5,0
0022201183,2022-23,1,24,19,0,36.6,DREB,36-39,34.1,1,-1,0,0,2,2,1,1,120.3,106.9,0
0022201183,2022-23,2,19,24,1,39.3,DREB,39-42,31.1,1,-5,3,0,2,1,1,0,123.8,113.3,3
0022201184,2022-23,1,14,20,0,43.3,DREB,42-45,32.5,1,4,0,0,2,2,1,1,118.8,114.8,0
0022201184,2022-23,2,20,14,1,44.5,MADE_BASKET,42-45,39.8,1,-11,0,3,2,2,1,1,128.8,119.9,-3
0022201184,2022-23,3,20,14,1,36.1,LIVE_TOV,36-39,25.9,0,-7,0,0,1,1,0,0,128.8,119.9,0
0022201185,2022-23,1,1,23,0,34.2,MADE_BASKET,33-36,20.7,0,2,2,0,1,1,0,0,112.4,118.1,2
0022201185,2022-23,2,23,1,1,44.4,MADE_BASKET,42-45,28.8,1,-4,0,0,1,1,0,0,112.7,121.2,0
0022201186,2022-23,1,10,15,1,31.2,MADE_BASKET,30-33,7.3,0,6,2,0,1,1,0,0,119.8,112.7,2
0022201187,2022-23,1,8,17,0,34.1,LIVE_TOV,33-36,28.9,1,2,3,2,2,1,1,0,110.4,120.1,1
0022201187,2022-23,2,17,8,1,36.3,MADE_BASKET,36-39,29.0,1,-6,0,2,2,1,1,0,121.1,113.6,-2
0022201187,2022-23,3,17,8,1,32.5,LIVE_TOV,30-33,28.9,1,-20,4,0,2,1,1,0,121.1,113.6,4
0022201188,2022-23,1,30,16,1,42.3,DREB,42-45,32.3,1,5,2,0,2,1,1,0,112.3,110.0,2
0022201188,2022-23,2,16,30,0,30.7,LIVE_TOV,30-33,8.8,0,-7,3,3,1,1,0,0,121.8,112.5,0
0022201188,2022-23,3,30,16,1,41.0,DEAD_BALL,39-42,32.9,1,9,0,1,2,1,1,0,112.3,110.0,-1
0022201189,2022-23,1,6,21,1,40.2,MADE_BASKET,39-42,33.5,1,-9,2,2,2,2,1,1,117.2,107.9,0
0022201189,2022-23,2,21,6,0,32.1,MADE_BASKET,30-33,8.0,0,4,0,2,1,1,0,0,118.7,109.2,-2
0022201189,2022-23,3,21,6,0,38.9,MADE_BASKET,36-39,23.4,0,0,0,2,1,1,0,0,118.7,109.2,-2
0022201190,2022-23,2,5,1,1,33.3,MADE_BASKET,33-36,13.3,0,2,0,0,1,0,0,0,111.3,121.2,0
0022201190,2022-23,3,5,1,1,39.6,DREB,39-42,35.2,1,5,2,0,2,1,1,0,111.3,121.2,2
0022201191,2022-23,1,26,30,1,38.2,MADE_BASKET,36-39,33.3,1,-4,0,3,2,2,1,1,113.0,112.5,-3
0022201191,2022-23,2,30,26,0,42.5,MADE_BASKET,42-45,31.1,1,6,0,2,2,1,1,0,112.3,118.7,-2
0022201191,2022-23,3,30,26,0,43.6,MADE_BASKET,42-45,30.9,1,6,3,0,1,1,0,0,112.3,118.7,3
0022201192,2022-23,1,4,13,0,34.4,MADE_BASKET,33-36,28.4,1,6,2,0,2,2,1,1,117.5,103.4,2
0022201192,2022-23,2,13,4,1,34.3,MADE_BASKET,33-36,30.0,1,-13,4,2,2,1,1,0,111.8,123.9,2
0022201192,2022-23,3,4,13,0,30.0,MADE_BASKET,30-33,14.3,0,15,0,0,1,0,0,0,117.5,103.4,0
0022201193,2022-23,1,14,17,0,43.4,MADE_BASKET,42-45,38.0,1,1,3,0,2,2,1,1,118.8,120.1,3
0022201193,2022-23,2,17,14,1,39.7,MADE_BASKET,39-42,19.7,0,0,0,2,1,1,0,0,121.1,119.9,-2
0022201193,2022-23,3,14,17,0,40.3,DEAD_BALL,39-42,28.7,1,-2,2,0,2,1,1,0,118.8,120.1,2
0022201194,2022-23,1,3,29,0,40.4,DEAD_BALL,39-42,28.1,1,2,2,2,2,1,1,0,118.5,121.4,0
0022201194,2022-23,2,29,3,1,34.2,MADE_BASKET,33-36,18.0,0,-4,3,0,1,1,0,0,119.3,118.0,3
0022201194,2022-23,3,3,29,0,44.4,MADE_BASKET,42-45,36.2,1,0,1,0,2,2,1,1,118.5,121.4,1
0022201195,2022-23,1,13,2,0,41.0,MADE_BASKET,39-42,32.3,1,5,0,3,2,1,1,0,111.8,119.0,-3
0022201195,2022-23,3,13,2,0,35.1,MADE_BASKET,33-36,12.7,0,6,0,2,2,1,1,0,111.8,119.0,-2
0022201196,2022-23,2,25,5,0,37.7,MADE_BASKET,36-39,19.6,0,-19,2,0,2,1,1,0,113.7,118.5,2
0022201196,2022-23,3,5,25,1,32.9,DREB,30-33,20.7,0,28,1,0,1,1,0,0,111.3,113.8,1
0022201197,2022-23,1,26,5,0,42.9,MADE_BASKET,42-45,38.9,1,-1,3,2,2,2,1,1,113.0,118.5,1
0022201197,2022-23,2,5,26,1,43.0,MADE_BASKET,42-45,34.1,1,3,0,0,2,1,1,0,111.3,118.7,0
0022201198,2022-23,1,18,14,0,30.4,DREB,30-33,9.4,0,8,2,0,1,1,0,0,109.9,119.9,2
0022201198,2022-23,2,18,14,0,32.6,MADE_BASKET,30-33,29.0,1,6,3,2,2,2,1,1,109.9,119.9,1
0022201199,2022-23,1,12,29,0,42.9,MADE_BASKET,42-45,28.7,1,1,2,2,2,1,1,0,111.9,121.4,0
0022201199,2022-23,2,29,12,1,39.1,MADE_BASKET,39-42,27.3,0,-1,2,0,1,1,0,0,119.3,116.6,2
0022201199,2022-23,3,29,12,1,38.9,DREB,36-39,21.5,0,-1,3,0,1,1,0,0,119.3,116.6,3
0022201200,2022-23,1,13,18,0,34.0,DREB,33-36,22.0,0,-7,3,3,1,1,0,0,111.8,118.0,0
0022201200,2022-23,2,13,18,0,42.7,MADE_BASKET,42-45,36.4,1,-4,2,0,2,1,1,0,111.8,118.0,2
0022201200,2022-23,3,18,13,1,37.3,DREB,36-39,27.6,0,8,0,2,2,1,1,0,109.9,103.4,-2
0022201201,2022-23,1,19,20,1,41.8,MADE_BASKET,39-42,25.7,0,1,2,0,1,1,0,0,123.8,114.8,2
0022201201,2022-23,3,20,19,0,34.7,DEAD_BALL,33-36,30.5,1,-4,2,2,2,1,1,0,128.8,106.9,0
0022201202,2022-23,1,8,4,0,31.7,MADE_BASKET,30-33,17.8,0,-5,2,0,1,1,0,0,110.4,123.9,2
0022201202,2022-23,2,4,8,1,32.2,DREB,30-33,28.8,1,-4,2,0,2,2,1,1,117.5,113.6,2
0022201202,2022-23,3,8,4,0,38.4,DREB,36-39,35.3,1,4,2,2,2,2,1,1,110.4,123.9,0
0022201203,2022-23,1,14,22,1,33.2,DREB,33-36,20.5,0,8,0,0,1,1,0,0,118.8,117.1,0
0022201203,2022-23,2,22,14,0,41.9,MADE_BASKET,39-42,20.4,0,-9,3,2,1,1,0,0,117.1,119.9,1
0022201204,2022-23,1,7,17,1,35.1,DREB,33-36,18.6,0,0,3,0,1,1,0,0,113.2,120.1,3
0022201205,2022-23,1,23,17,0,42.0,MADE_BASKET,42-45,36.1,1,-3,3,0,2,2,1,1,112.7,120.1,3
0022201205,2022-23,2,17,23,1,41.3,MADE_BASKET,39-42,28.3,1,0,1,2,2,1,1,0,121.1,118.1,-1
0022201205,2022-23,3,17,23,1,41.3,DREB,39-42,29.1,1,1,5,0,2,2,1,1,121.1,118.1,5
0022201206,2022-23,1,11,2,0,43.5,MADE_BASKET,42-45,31.5,1,-3,2,3,2,1,1,0,118.3,119.0,-1
0022201206,2022-23,2,2,11,1,34.4,MADE_BASKET,33-36,20.0,0,0,1,0,1,1,0,0,118.0,121.8,1
0022201206,2022-23,3,11,2,0,32.7,MADE_BASKET,30-33,12.7,0,3,0,0,1,1,0,0,118.3,119.0,0
0022201207,2022-23,1,3,19,0,40.3,LIVE_TOV,39-42,30.8,1,12,2,3,2,1,1,0,118.5,106.9,-1
0022201207,2022-23,2,3,19,0,32.0,MADE_BASKET,30-33,23.2,0,14,3,0,1,1,0,0,118.5,106.9,3
0022201207,2022-23,3,19,3,1,35.9,MADE_BASKET,33-36,20.3,0,-16,0,2,1,1,0,0,123.8,118.0,-2
0022201208,2022-23,1,25,14,1,38.4,MADE_BASKET,36-39,17.5,0,-1,2,0,1,1,0,0,113.7,119.9,2
0022201208,2022-23,2,14,25,0,31.0,MADE_BASKET,30-33,24.1,0,-5,2,0,1,1,0,0,118.8,113.8,2
0022201208,2022-23,3,14,25,0,31.1,MADE_BASKET,30-33,7.7,0,-7,0,3,1,1,0,0,118.8,113.8,-3
0022201209,2022-23,1,5,17,0,30.9,LIVE_TOV,30-33,26.1,0,6,0,0,1,1,0,0,111.3,120.1,0
0022201209,2022-23,2,17,5,1,41.4,DREB,39-42,34.0,1,-4,2,0,2,2,1,1,121.1,118.5,2
0022201209,2022-23,3,17,5,1,37.7,DREB,36-39,28.1,1,9,4,2,2,1,1,0,121.1,118.5,2
0022201210,2022-23,1,26,22,1,33.3,DREB,33-36,15.0,0,2,0,0,1,1,0,0,113.0,117.1,0
0022201210,2022-23,2,26,22,1,43.3,MADE_BASKET,42-45,31.2,1,6,0,2,2,1,1,0,113.0,117.1,-2
0022201210,2022-23,3,22,26,0,37.1,DREB,36-39,18.6,0,0,2,0,1,1,0,0,117.1,118.7,2
0022201211,2022-23,1,1,23,0,43.9,DREB,42-45,40.7,1,7,2,2,2,2,1,1,112.4,118.1,0
0022201211,2022-23,2,1,23,0,43.1,MADE_BASKET,42-45,25.6,0,7,3,2,1,1,0,0,112.4,118.1,1
0022201211,2022-23,3,23,1,1,34.5,MADE_BASKET,33-36,16.5,0,-7,0,0,1,1,0,0,112.7,121.2,0
0022201212,2022-23,1,20,14,0,45.0,MADE_BASKET,42-45,30.8,1,-3,0,3,2,1,1,0,128.8,119.9,-3
0022201212,2022-23,2,14,20,1,43.7,MADE_BASKET,42-45,27.5,0,6,0,0,1,1,0,0,118.8,114.8,0
0022201213,2022-23,1,25,21,1,40.4,DREB,39-42,30.9,1,1,0,0,2,1,1,0,113.7,107.9,0
0022201213,2022-23,2,25,21,1,40.2,DREB,39-42,37.8,1,0,3,2,2,2,1,1,113.7,107.9,1
0022201213,2022-23,3,21,25,0,35.5,DREB,33-36,19.5,0,5,2,2,1,1,0,0,118.7,113.8,0
0022201214,2022-23,1,27,5,0,38.6,MADE_BASKET,36-39,21.0,0,-3,0,2,2,1,1,0,114.0,118.5,-2
0022201214,2022-23,2,27,5,0,37.3,MADE_BASKET,36-39,24.1,0,-12,0,3,2,1,1,0,114.0,118.5,-3
0022201214,2022-23,3,5,27,1,34.3,MADE_BASKET,33-36,17.2,0,3,0,2,2,1,1,0,111.3,115.3,-2
0022201215,2022-23,1,29,11,1,34.5,MADE_BASKET,33-36,20.6,0,-2,0,0,1,1,0,0,119.3,121.8,0
0022201215,2022-23,2,11,29,0,31.7,MADE_BASKET,30-33,10.1,0,15,0,2,2,1,1,0,118.3,121.4,-2
0022201215,2022-23,3,11,29,0,36.1,MADE_BASKET,36-39,29.7,1,4,1,0,1,1,0,0,118.3,121.4,1
0022201216,2022-23,1,1,5,0,37.1,DREB,36-39,30.5,1,3,0,2,2,1,1,0,112.4,118.5,-2
0022201216,2022-23,2,1,5,0,35.6,DREB,33-36,33.5,1,-4,3,6,2,1,1,0,112.4,118.5,-3
0022201216,2022-23,3,5,1,1,35.4,DREB,33-36,30.0,1,15,3,3,2,1,1,0,111.3,121.2,0
0022201217,2022-23,1,3,2,0,31.4,DREB,30-33,15.0,0,-7,5,0,2,1,1,0,118.5,119.0,5
0022201217,2022-23,3,2,3,1,35.9,DREB,33-36,31.3,1,20,2,3,2,1,1,0,118.0,118.0,-1
0022201218,2022-23,1,8,12,1,36.6,MADE_BASKET,36-39,19.1,0,-4,1,0,1,1,0,0,110.4,116.6,1
0022201218,2022-23,2,12,8,0,37.4,MADE_BASKET,36-39,19.0,0,5,2,2,1,1,0,0,111.9,113.6,0
0022201219,2022-23,1,7,13,1,31.9,DEAD_BALL,30-33,16.3,0,3,0,3,2,1,1,0,113.2,103.4,-3
0022201219,2022-23,2,7,13,1,40.4,MADE_BASKET,39-42,33.8,1,-5,2,0,2,1,1,0,113.2,103.4,2
0022201219,2022-23,3,13,7,0,33.5,MADE_BASKET,33-36,12.4,0,5,1,0,1,1,0,0,111.8,117.1,1
0022201220,2022-23,1,21,23,1,45.0,MADE_BASKET,42-45,30.5,1,-7,3,0,2,1,1,0,118.7,118.1,3
0022201220,2022-23,2,21,23,1,37.5,DREB,36-39,31.1,1,-10,2,0,2,1,1,0,118.7,118.1,2
0022201221,2022-23,1,27,23,1,40.3,MADE_BASKET,39-42,30.3,1,-5,2,1,2,1,1,0,114.0,118.1,1
0022201221,2022-23,2,23,27,0,44.9,MADE_BASKET,42-45,35.9,1,9,2,0,2,1,1,0,112.7,115.3,2
0022201221,2022-23,3,27,23,1,41.9,DREB,39-42,38.8,1,-21,0,2,2,1,1,0,114.0,118.1,-2
0022201222,2022-23,1,1,27,1,40.5,MADE_BASKET,39-42,36.0,1,6,4,2,2,2,1,1,112.4,115.3,2
0022201222,2022-23,2,27,1,0,32.6,MADE_BASKET,30-33,10.2,0,-9,0,0,1,1,0,0,114.0,121.2,0
0022201222,2022-23,3,27,1,0,37.0,DREB,36-39,34.5,1,-6,3,0,2,1,1,0,114.0,121.2,3
0022201223,2022-23,1,13,14,1,39.0,DREB,39-42,24.7,0,-12,2,2,1,1,0,0,111.8,119.9,0
0022201223,2022-23,2,14,13,0,42.1,MADE_BASKET,42-45,30.3,1,11,3,2,2,1,1,0,118.8,103.4,1
0022201223,2022-23,3,14,13,0,33.1,DEAD_BALL,33-36,29.7,1,6,2,0,1,1,0,0,118.8,103.4,2
0022201224,2022-23,1,3,14,1,37.2,MADE_BASKET,36-39,17.5,0,3,3,0,1,1,0,0,118.5,119.9,3
0022201224,2022-23,2,14,3,0,43.4,DEAD_BALL,42-45,23.5,0,-14,2,3,1,1,0,0,118.8,118.0,-1
0022201224,2022-23,3,3,14,1,44.2,MADE_BASKET,42-45,30.8,1,18,2,2,2,1,1,0,118.5,119.9,0
0022201225,2022-23,1,3,5,0,32.1,MADE_BASKET,30-33,8.0,0,-12,2,0,1,1,0,0,118.5,118.5,2
0022201225,2022-23,2,5,3,1,35.7,DREB,33-36,29.7,1,7,2,0,2,1,1,0,111.3,118.0,2
0022201226,2022-23,1,6,10,1,38.2,DREB,36-39,33.2,1,3,1,0,1,1,0,0,117.2,113.5,1
0022201226,2022-23,2,10,6,0,42.2,MADE_BASKET,42-45,28.7,1,-12,2,4,2,1,1,0,119.8,109.2,-2
0022201226,2022-23,3,10,6,0,43.5,MADE_BASKET,42-45,40.5,1,-12,1,4,3,2,1,1,119.8,109.2,-3
0022201228,2022-23,1,2,11,0,33.5,DREB,33-36,23.0,0,-6,0,0,1,1,0,0,118.0,121.8,0
0022201228,2022-23,2,2,11,0,42.4,MADE_BASKET,42-45,34.8,1,0,0,2,2,2,1,1,118.0,121.8,-2
0022201228,2022-23,3,11,2,1,36.4,DREB,36-39,28.0,1,4,0,2,1,1,0,0,118.3,119.0,-2
0022201229,2022-23,1,19,8,1,42.8,DREB,42-45,38.9,1,2,2,0,2,1,1,0,123.8,113.6,2
0022201229,2022-23,2,19,8,1,34.3,MADE_BASKET,33-36,28.4,1,10,0,0,2,2,1,1,123.8,113.6,0
0022201229,2022-23,3,19,8,1,44.3,DREB,42-45,41.8,1,12,4,3,2,2,1,1,123.8,113.6,1
0022201230,2022-23,1,21,24,0,44.5,LIVE_TOV,42-45,41.5,1,-10,2,2,2,2,1,1,118.7,113.3,0
0022201230,2022-23,2,21,24,0,40.3,MADE_BASKET,39-42,28.8,1,-9,4,0,2,1,1,0,118.7,113.3,4
0022201230,2022-23,3,24,21,1,40.3,DEAD_BALL,39-42,30.9,1,11,0,0,1,1,0,0,120.3,107.9,0
0022300001,2023-24,1,4,19,0,40.2,LIVE_TOV,39-42,33.9,1,9,5,3,3,2,1,1,120.4,111.1,2
0022300001,2023-24,2,19,4,1,35.3,MADE_BASKET,33-36,30.3,1,-23,5,0,1,1,0,0,127.8,119.6,5
0022300002,2023-24,1,14,1,1,39.8,DREB,39-42,34.7,1,5,2,0,2,1,1,0,118.7,119.1,2
0022300002,2023-24,2,14,1,1,35.6,DREB,33-36,28.6,1,5,2,0,2,1,1,0,118.7,119.1,2
0022300002,2023-24,3,1,14,0,41.9,DREB,39-42,30.9,1,-1,4,3,2,1,1,0,111.0,118.6,1
0022300003,2023-24,1,20,23,1,30.7,LIVE_TOV,30-33,24.4,0,-2,3,0,1,1,0,0,128.8,117.6,3
0022300003,2023-24,2,20,23,1,36.4,DREB,36-39,20.8,0,1,0,0,1,1,0,0,128.8,117.6,0
0022300003,2023-24,3,23,20,0,30.5,MADE_BASKET,30-33,15.5,0,8,2,2,1,1,0,0,111.8,114.4,0
0022300004,2023-24,1,8,24,0,34.6,MADE_BASKET,33-36,14.3,0,-11,2,0,1,0,0,0,114.4,109.7,2
0022300004,2023-24,2,24,8,1,38.2,MADE_BASKET,36-39,30.1,1,11,2,2,2,2,1,1,119.6,113.6,0
0022300004,2023-24,3,8,24,0,45.0,DREB,42-45,31.4,1,-4,3,4,2,1,1,0,114.4,109.7,-1
0022300005,2023-24,1,22,20,0,38.5,DREB,36-39,35.8,1,0,2,0,2,1,1,0,115.8,114.4,2
0022300005,2023-24,3,22,20,0,36.4,MADE_BASKET,36-39,17.7,0,-1,0,2,1,1,0,0,115.8,114.4,-2
0022300006,2023-24,1,29,11,0,43.4,MADE_BASKET,42-45,31.2,1,4,0,0,2,1,1,0,120.6,121.8,0
0022300006,2023-24,2,11,29,1,37.4,DREB,36-39,33.4,1,-3,2,2,2,1,1,0,116.5,118.5,0
0022300006,2023-24,3,29,11,0,42.1,MADE_BASKET,42-45,35.0,1,7,6,4,2,1,1,0,120.6,121.8,2
0022300007,2023-24,1,20,12,1,41.4,DREB,39-42,29.8,1,6,5,2,2,1,1,0,128.8,117.4,3
0022300007,2023-24,2,20,12,1,33.6,LIVE_TOV,33-36,28.9,1,10,4,0,2,1,1,0,128.8,117.4,4
0022300007,2023-24,3,12,20,0,38.3,DREB,36-39,31.1,1,-12,2,0,2,1,1,0,111.3,114.4,2
0022300008,2023-24,1,18,1,0,37.1,MADE_BASKET,36-39,23.3,0,-2,0,2,1,1,0,0,114.7,119.1,-2
0022300008,2023-24,2,1,18,1,38.7,DREB,36-39,21.4,0,18,3,0,1,1,0,0,111.0,114.0,3
0022300008,2023-24,3,18,1,0,32.0,MADE_BASKET,30-33,16.8,0,-18,2,1,1,1,0,0,114.7,119.1,1
0022300009,2023-24,1,22,28,0,43.0,MADE_BASKET,42-45,21.0,0,-4,1,1,1,1,0,0,115.8,117.7,0
0022300009,2023-24,2,22,28,0,37.6,DREB,36-39,19.5,0,0,2,0,1,1,0,0,115.8,117.7,2
0022300009,2023-24,3,22,28,0,30.8,DREB,30-33,11.0,0,-12,0,0,1,0,0,0,115.8,117.7,0
0022300010,2023-24,1,1,19,1,45.0,MADE_BASKET,42-45,30.0,1,0,2,0,2,1,1,0,111.0,111.1,2
0022300010,2023-24,2,19,1,0,38.4,DREB,36-39,32.7,1,-4,3,2,1,1,0,0,127.8,119.1,1
0022300011,2023-24,1,25,28,1,31.9,LIVE_TOV,30-33,28.4,1,3,2,3,2,1,1,0,111.5,117.7,-1
0022300011,2023-24,2,28,25,0,43.3,MADE_BASKET,42-45,28.5,1,6,5,2,2,2,1,1,114.5,113.3,3
0022300011,2023-24,3,25,28,1,31.9,MADE_BASKET,30-33,17.9,0,-5,0,0,1,1,0,0,111.5,117.7,0
0022300012,2023-24,1,14,24,0,42.2,MADE_BASKET,42-45,29.0,1,8,2,0,2,1,1,0,118.7,109.7,2
0022300012,2023-24,2,24,14,1,42.9,DREB,42-45,40.4,1,-8,0,4,2,2,1,1,119.6,118.6,-4
0022300012,2023-24,3,24,14,1,40.0,LIVE_TOV,39-42,28.3,1,-17,3,0,2,1,1,0,119.6,118.6,3
0022300013,2023-24,2,22,12,0,31.1,MADE_BASKET,30-33,28.5,1,11,0,3,2,1,1,0,115.8,117.4,-3
0022300013,2023-24,3,12,22,1,39.3,LIVE_TOV,39-42,33.5,1,-7,0,2,2,1,1,0,111.3,117.9,-2
0022300014,2023-24,1,15,2,0,39.8,LIVE_TOV,39-42,31.3,1,-5,4,2,2,1,1,0,116.5,117.3,2
0022300014,2023-24,2,2,15,1,36.2,MADE_BASKET,36-39,33.3,1,-3,2,3,2,1,1,0,120.1,111.0,-1
0022300014,2023-24,3,15,2,0,41.6,MADE_BASKET,39-42,36.0,1,-7,0,0,2,1,1,0,116.5,117.3,0
0022300015,2023-24,1,28,9,0,34.3,MADE_BASKET,33-36,28.3,1,2,5,0,2,1,1,0,114.5,117.2,5
0022300015,2023-24,2,9,28,1,41.7,DREB,39-42,29.5,1,2,1,2,2,1,1,0,117.4,117.7,-1
0022300015,2023-24,3,28,9,0,41.4,LIVE_TOV,39-42,33.8,1,-7,3,0,2,1,1,0,114.5,117.2,3
0022300016,2023-24,1,5,24,0,32.9,MADE_BASKET,30-33,28.8,1,3,2,0,1,1,0,0,112.8,109.7,2
0022300016,2023-24,3,5,24,0,41.5,DREB,39-42,31.0,1,14,0,2,1,1,0,0,112.8,109.7,-2
0022300017,2023-24,1,12,29,0,37.4,LIVE_TOV,36-39,29.3,1,-1,0,0,1,1,0,0,111.3,118.5,0
0022300017,2023-24,2,12,29,0,33.0,MADE_BASKET,33-36,18.1,0,-8,0,0,1,1,0,0,111.3,118.5,0
0022300017,2023-24,3,29,12,1,44.4,MADE_BASKET,42-45,26.2,0,16,0,0,1,1,0,0,120.6,117.4,0
0022300018,2023-24,1,7,21,0,34.8,MADE_BASKET,33-36,22.6,0,1,2,1,1,1,0,0,112.0,107.4,1
0022300018,2023-24,2,7,21,0,37.8,DREB,36-39,28.1,1,2,3,0,2,1,1,0,112.0,107.4,3
0022300018,2023-24,3,21,7,1,37.6,MADE_BASKET,36-39,32.6,1,-7,0,0,2,1,1,0,126.6,117.4,0
0022300019,2023-24,1,10,17,0,33.4,LIVE_TOV,33-36,26.3,0,1,0,2,1,1,0,0,118.9,115.7,-2
0022300019,2023-24,2,17,10,1,30.9,MADE_BASKET,30-33,8.0,0,-1,0,0,1,0,0,0,121.4,111.7,0
0022300019,2023-24,3,17,10,1,35.0,MADE_BASKET,33-36,18.0,0,-7,0,0,1,1,0,0,121.4,111.7,0
0022300020,2023-24,1,3,9,0,36.3,LIVE_TOV,36-39,31.2,1,0,2,2,2,2,1,1,119.7,117.2,0
0022300020,2023-24,2,3,9,0,34.9,MADE_BASKET,33-36,28.5,1,-1,0,0,1,1,0,0,119.7,117.2,0
0022300020,2023-24,3,9,3,1,39.2,MADE_BASKET,39-42,31.5,1,13,2,2,2,1,1,0,117.4,118.2,0
0022300021,2023-24,1,10,25,0,36.5,DEAD_BALL,36-39,32.9,1,-6,0,4,3,2,1,1,118.9,113.3,-4
0022300021,2023-24,2,10,25,0,44.9,MADE_BASKET,42-45,37.8,1,-11,2,2,2,1,1,0,118.9,113.3,0
0022300021,2023-24,3,25,10,1,32.4,DREB,30-33,30.8,1,18,0,2,2,1,1,0,111.5,111.7,-2
0022300022,2023-24,1,22,16,1,30.4,DREB,30-33,15.1,0,7,0,3,1,1,0,0,115.8,113.3,-3
0022300022,2023-24,2,16,22,0,37.5,MADE_BASKET,36-39,24.6,0,2,2,2,1,1,0,0,117.4,117.9,0
0022300022,2023-24,3,22,16,1,34.5,DREB,33-36,16.8,0,3,0,2,1,1,0,0,115.8,113.3,-2
0022300023,2023-24,1,9,12,1,44.6,MADE_BASKET,42-45,29.1,1,10,2,0,2,1,1,0,117.4,117.4,2
0022300023,2023-24,2,12,9,0,38.9,MADE_BASKET,36-39,15.0,0,-11,3,2,2,1,1,0,111.3,117.2,1
0022300023,2023-24,3,12,9,0,43.3,MADE_BASKET,42-45,33.0,1,-18,0,2,2,1,1,0,111.3,117.2,-2
0022300024,2023-24,1,30,4,1,33.1,MADE_BASKET,33-36,14.1,0,-3,3,0,1,0,0,0,109.8,119.6,3
0022300024,2023-24,3,30,4,1,40.0,DREB,39-42,35.4,1,11,0,3,2,1,1,0,109.8,119.6,-3
0022300025,2023-24,1,16,18,1,38.3,MADE_BASKET,36-39,31.1,1,-4,4,0,2,1,1,0,117.4,114.0,4
0022300025,2023-24,2,18,16,0,42.3,MADE_BASKET,42-45,38.0,1,-3,0,4,2,2,1,1,114.7,113.3,-4
0022300025,2023-24,3,18,16,0,35.6,DREB,33-36,31.0,1,-2,2,3,2,1,1,0,114.7,113.3,-1
0022300026,2023-24,2,14,16,0,34.6,MADE_BASKET,33-36,30.3,1,-13,0,3,2,1,1,0,118.7,113.3,-3
0022300026,2023-24,3,16,14,1,43.6,MADE_BASKET,42-45,30.2,1,27,4,0,2,1,1,0,117.4,118.6,4
0022300027,2023-24,1,21,30,1,38.3,MADE_BASKET,36-39,26.2,0,-1,0,0,2,1,1,0,126.6,112.2,0
0022300027,2023-24,2,30,21,0,34.3,DEAD_BALL,33-36,15.3,0,-2,5,3,2,1,1,0,109.8,107.4,2
0022300027,2023-24,3,21,30,1,33.0,DREB,33-36,18.3,0,-7,2,0,1,1,0,0,126.6,112.2,2
0022300028,2023-24,2,21,27,1,44.9,MADE_BASKET,42-45,31.7,1,2,2,0,1,1,0,0,126.6,120.5,2
0022300028,2023-24,3,27,21,0,44.4,MADE_BASKET,42-45,29.6,1,0,2,0,2,1,1,0,114.9,107.4,2
0022300029,2023-24,1,24,20,0,41.0,DREB,39-42,24.2,0,3,3,0,1,1,0,0,119.6,114.4,3
0022300029,2023-24,2,20,24,1,31.1,MADE_BASKET,30-33,10.4,0,-14,3,3,1,1,0,0,128.8,109.7,0
0022300029,2023-24,3,20,24,1,36.7,MADE_BASKET,36-39,15.8,0,-7,0,0,1,1,0,0,128.8,109.7,0
0022300030,2023-24,1,1,27,0,34.9,MADE_BASKET,33-36,30.4,1,0,0,0,2,1,1,0,111.0,120.5,0
0022300030,2023-24,2,27,1,1,41.8,MADE_BASKET,39-42,33.5,1,-4,0,0,2,1,1,0,114.9,119.1,0
0022300030,2023-24,3,1,27,0,30.7,MADE_BASKET,30-33,16.4,0,1,2,0,1,1,0,0,111.0,120.5,2
0022300031,2023-24,1,29,26,1,43.7,DREB,42-45,42.0,1,16,0,2,2,2,1,1,120.6,118.8,-2
0022300031,2023-24,3,26,29,0,31.2,DREB,30-33,28.6,1,-12,0,2,2,1,1,0,113.9,118.5,-2
0022300032,2023-24,1,25,5,0,42.9,DREB,42-45,39.1,1,3,3,4,3,2,1,1,111.5,120.6,-1
0022300032,2023-24,2,5,25,1,35.8,MADE_BASKET,33-36,28.9,1,-1,2,0,2,1,1,0,112.8,113.3,2
0022300032,2023-24,3,5,25,1,37.9,MADE_BASKET,36-39,30.7,1,4,5,2,2,2,1,1,112.8,113.3,3
0022300033,2023-24,1,1,14,0,33.6,MADE_BASKET,33-36,22.7,0,0,3,0,1,1,0,0,111.0,118.6,3
0022300033,2023-24,2,1,14,0,42.5,LIVE_TOV,42-45,28.7,1,-6,2,2,2,1,1,0,111.0,118.6,0
0022300033,2023-24,3,1,14,0,38.8,DREB,36-39,36.8,1,-5,2,0,2,1,1,0,111.0,118.6,2
0022300034,2023-24,1,5,14,1,38.1,MADE_BASKET,36-39,28.4,1,-1,0,2,2,1,1,0,112.8,118.6,-2
0022300034,2023-24,2,14,5,0,36.7,DEAD_BALL,36-39,20.2,0,7,0,3,1,1,0,0,118.7,120.6,-3
0022300034,2023-24,3,5,14,1,41.6,DEAD_BALL,39-42,29.0,1,-1,4,2,2,2,1,1,112.8,118.6,2
0022300035,2023-24,1,17,15,0,44.1,DREB,42-45,29.4,1,9,4,2,2,1,1,0,121.4,111.0,2
0022300035,2023-24,2,17,15,0,44.8,DREB,42-45,29.8,1,3,5,2,2,1,1,0,121.4,111.0,3
0022300035,2023-24,3,17,15,0,33.1,MADE_BASKET,33-36,20.4,0,7,2,0,1,1,0,0,121.4,111.0,2
0022300036,2023-24,1,15,22,1,34.6,MADE_BASKET,33-36,18.8,0,4,3,0,1,1,0,0,116.5,117.9,3
0022300036,2023-24,2,15,22,1,43.2,MADE_BASKET,42-45,25.9,0,2,0,0,2,1,1,0,116.5,117.9,0
0022300036,2023-24,3,15,22,1,35.8,MADE_BASKET,33-36,31.4,1,4,4,0,1,1,0,0,116.5,117.9,4
0022300037,2023-24,1,13,3,0,30.9,MADE_BASKET,30-33,7.1,0,-3,2,2,1,1,0,0,109.3,118.2,0
0022300037,2023-24,3,3,13,1,34.1,MADE_BASKET,33-36,16.6,0,-8,0,3,1,1,0,0,119.7,106.5,-3
0022300038,2023-24,2,19,17,1,41.9,DREB,39-42,27.4,0,3,0,0,1,1,0,0,127.8,115.7,0
0022300038,2023-24,3,19,17,1,30.0,MADE_BASKET,30-33,6.7,0,1,0,0,1,1,0,0,127.8,115.7,0
0022300039,2023-24,1,3,13,0,35.3,MADE_BASKET,33-36,18.9,0,5,0,0,1,1,0,0,119.7,106.5,0
0022300039,2023-24,2,3,13,0,41.3,MADE_BASKET,39-42,29.4,1,-6,0,2,2,1,1,0,119.7,106.5,-2
0022300040,2023-24,1,29,4,0,34.1,MADE_BASKET,33-36,17.8,0,-1,0,0,1,1,0,0,120.6,119.6,0
0022300040,2023-24,2,4,29,1,42.7,DREB,42-45,28.3,1,14,2,0,2,1,1,0,120.4,118.5,2
0022300040,2023-24,3,4,29,1,36.8,MADE_BASKET,36-39,32.2,1,11,4,0,2,2,1,1,120.4,118.5,4
0022300041,2023-24,1,23,17,1,32.4,DREB,30-33,30.6,1,-1,2,2,2,1,1,0,111.8,115.7,0
0022300041,2023-24,2,17,23,0,32.3,DREB,30-33,16.7,0,-2,0,0,1,1,0,0,121.4,117.6,0
0022300041,2023-24,3,17,23,0,42.6,MADE_BASKET,42-45,32.1,1,0,2,0,2,1,1,0,121.4,117.6,2
0022300042,2023-24,1,15,28,0,35.3,MADE_BASKET,33-36,30.5,1,6,0,0,2,1,1,0,116.5,117.7,0
0022300042,2023-24,2,15,28,0,41.6,DREB,39-42,34.1,1,3,0,2,2,2,1,1,116.5,117.7,-2
0022300042,2023-24,3,15,28,0,43.1,MADE_BASKET,42-45,31.4,1,-6,4,3,2,1,1,0,116.5,117.7,1
0022300043,2023-24,1,23,21,1,32.9,MADE_BASKET,30-33,20.9,0,1,0,1,1,1,0,0,111.8,107.4,-1
0022300043,2023-24,2,23,21,1,31.8,DREB,30-33,14.8,0,-3,0,2,1,1,0,0,111.8,107.4,-2
0022300043,2023-24,3,23,21,1,36.8,DREB,36-39,21.1,0,-15,3,2,1,1,0,0,111.8,107.4,1
0022300044,2023-24,1,27,8,1,40.9,MADE_BASKET,39-42,20.0,0,2,0,0,1,1,0,0,114.9,113.6,0
0022300044,2023-24,2,8,27,0,30.7,MADE_BASKET,30-33,10.0,0,-13,0,0,1,1,0,0,114.4,120.5,0
0022300044,2023-24,3,27,8,1,43.0,MADE_BASKET,42-45,29.4,1,8,3,0,2,1,1,0,114.9,113.6,3
0022300045,2023-24,1,13,27,1,41.9,DREB,39-42,38.6,1,2,3,0,2,1,1,0,109.3,120.5,3
0022300045,2023-24,2,13,27,1,31.2,MADE_BASKET,30-33,25.3,0,3,2,0,2,1,1,0,109.3,120.5,2
0022300046,2023-24,2,23,19,0,38.3,MADE_BASKET,36-39,29.4,1,-9,4,2,2,2,1,1,111.8,111.1,2
0022300047,2023-24,2,6,21,0,39.6,MADE_BASKET,39-42,33.3,1,0,3,3,3,2,1,1,116.7,107.4,0
0022300047,2023-24,3,21,6,1,38.4,MADE_BASKET,36-39,18.6,0,-2,0,0,1,1,0,0,126.6,112.1,0
0022300048,2023-24,1,10,1,1,42.1,MADE_BASKET,42-45,37.4,1,0,4,2,2,2,1,1,118.9,119.1,2
0022300048,2023-24,2,10,1,1,30.5,MADE_BASKET,30-33,7.3,0,8,2,0,1,1,0,0,118.9,119.1,2
0022300049,2023-24,1,18,12,1,44.5,MADE_BASKET,42-45,30.7,1,4,5,3,2,2,1,1,114.7,117.4,2
0022300049,2023-24,2,18,12,1,42.9,DREB,42-45,30.2,1,3,0,0,2,1,1,0,114.7,117.4,0
0022300049,2023-24,3,12,18,0,38.8,MADE_BASKET,36-39,23.0,0,2,3,0,1,1,0,0,111.3,114.0,3
0022300050,2023-24,1,14,9,1,35.9,DREB,33-36,16.7,0,-2,0,0,1,1,0,0,118.7,117.2,0
0022300050,2023-24,2,14,9,1,39.1,MADE_BASKET,39-42,23.1,0,-2,3,0,1,1,0,0,118.7,117.2,3
0022300050,2023-24,3,9,14,0,33.0,DREB,33-36,20.5,0,3,3,2,1,1,0,0,117.4,118.6,1
0022300051,2023-24,1,6,8,0,36.0,DREB,36-39,15.2,0,-3,2,2,1,1,0,0,116.7,113.6,0
0022300051,2023-24,2,8,6,1,42.5,DEAD_BALL,42-45,35.0,1,-1,2,2,2,1,1,0,114.4,112.1,0
0022300051,2023-24,3,8,6,1,39.8,MADE_BASKET,39-42,26.2,0,-18,0,0,1,1,0,0,114.4,112.1,0
0022300052,2023-24,2,23,19,0,31.8,DREB,30-33,15.5,0,-3,2,2,1,1,0,0,111.8,111.1,0
0022300052,2023-24,3,19,23,1,32.2,MADE_BASKET,30-33,18.3,0,9,3,0,1,1,0,0,127.8,117.6,3
0022300053,2023-24,1,9,25,0,39.3,DREB,39-42,29.3,1,8,0,2,2,1,1,0,117.4,113.3,-2
0022300053,2023-24,3,9,25,0,36.4,MADE_BASKET,36-39,14.6,0,3,3,2,1,1,0,0,117.4,113.3,1
0022300054,2023-24,2,3,30,1,41.2,MADE_BASKET,39-42,27.9,0,4,0,0,2,1,1,0,119.7,112.2,0
0022300054,2023-24,3,30,3,0,43.9,MADE_BASKET,42-45,28.8,1,2,5,0,2,1,1,0,109.8,118.2,5
0022300055,2023-24,1,7,14,0,40.7,MADE_BASKET,39-42,24.5,0,-1,0,0,1,1,0,0,112.0,118.6,0
0022300055,2023-24,3,14,7,1,42.1,MADE_BASKET,42-45,33.2,1,-6,2,2,2,2,1,1,118.7,117.4,0
0022300056,2023-24,1,7,23,1,37.8,DREB,36-39,31.9,1,0,0,0,1,1,0,0,112.0,117.6,0
0022300056,2023-24,2,7,23,1,38.7,MADE_BASKET,36-39,31.6,1,0,0,3,2,1,1,0,112.0,117.6,-3
0022300056,2023-24,3,7,23,1,40.9,DEAD_BALL,39-42,30.7,1,-9,5,2,1,1,0,0,112.0,117.6,3
0022300057,2023-24,1,1,9,1,37.0,DREB,36-39,16.6,0,-1,2,2,1,1,0,0,111.0,117.2,0
0022300057,2023-24,2,1,9,1,33.0,DREB,33-36,15.7,0,0,0,0,1,1,0,0,111.0,117.2,0
0022300057,2023-24,3,1,9,1,34.8,LIVE_TOV,33-36,27.5,0,-6,0,0,2,1,1,0,111.0,117.2,0
0022300058,2023-24,1,26,27,1,41.5,MADE_BASKET,39-42,31.4,1,-1,0,3,2,1,1,0,113.9,120.5,-3
0022300058,2023-24,3,27,26,0,31.3,LIVE_TOV,30-33,29.2,1,10,0,0,2,1,1,0,114.9,118.8,0
0022300059,2023-24,1,13,19,0,42.6,DREB,42-45,34.7,1,1,0,0,1,1,0,0,109.3,111.1,0
0022300059,2023-24,2,13,19,0,40.0,DREB,39-42,29.4,1,1,0,0,1,1,0,0,109.3,111.1,0
0022300059,2023-24,3,13,19,0,31.1,DREB,30-33,21.3,0,11,3,2,1,1,0,0,109.3,111.1,1
0022300060,2023-24,1,7,27,1,44.9,LIVE_TOV,42-45,30.1,1,-3,3,2,2,2,1,1,112.0,120.5,1
0022300060,2023-24,2,27,7,0,42.3,LIVE_TOV,42-45,28.6,1,5,3,0,2,1,1,0,114.9,117.4,3
0022300060,2023-24,3,7,27,1,36.1,DREB,36-39,29.3,1,-10,0,2,2,1,1,0,112.0,120.5,-2
0022300061,2023-24,1,16,17,0,32.6,MADE_BASKET,30-33,16.7,0,4,3,3,1,1,0,0,117.4,115.7,0
0022300061,2023-24,2,16,17,0,39.1,MADE_BASKET,39-42,26.1,0,6,0,0,1,1,0,0,117.4,115.7,0
0022300061,2023-24,3,17,16,1,30.3,LIVE_TOV,30-33,7.8,0,-8,2,0,1,1,0,0,121.4,113.3,2
0022300062,2023-24,1,8,13,0,39.1,DREB,39-42,29.2,1,2,2,2,2,1,1,0,114.4,106.5,0
0022300062,2023-24,2,13,8,1,43.0,MADE_BASKET,42-45,36.4,1,0,6,3,2,1,1,0,109.3,113.6,3
0022300062,2023-24,3,13,8,1,44.6,MADE_BASKET,42-45,28.2,1,8,0,2,2,1,1,0,109.3,113.6,-2
0022300063,2023-24,1,22,27,1,44.5,MADE_BASKET,42-45,40.9,1,1,2,0,2,2,1,1,115.8,120.5,2
0022300063,2023-24,2,27,22,0,33.7,MADE_BASKET,33-36,29.2,1,-4,6,3,2,1,1,0,114.9,117.9,3
0022300063,2023-24,3,22,27,1,30.8,MADE_BASKET,30-33,12.1,0,9,3,2,1,1,0,0,115.8,120.5,1
0022300064,2023-24,1,22,15,1,44.9,MADE_BASKET,42-45,38.8,1,8,0,0,2,1,1,0,115.8,111.0,0
0022300065,2023-24,1,8,17,1,44.7,MADE_BASKET,42-45,33.0,1,-2,5,0,2,1,1,0,114.4,115.7,5
0022300065,2023-24,2,17,8,0,43.5,DEAD_BALL,42-45,39.7,1,-9,4,0,2,2,1,1,121.4,113.6,4
0022300065,2023-24,3,8,17,1,41.9,MADE_BASKET,39-42,38.7,1,2,0,4,3,2,1,1,114.4,115.7,-4
0022300066,2023-24,1,6,8,1,44.9,DREB,42-45,34.5,1,0,2,2,2,1,1,0,116.7,113.6,0
0022300066,2023-24,3,8,6,0,32.8,MADE_BASKET,30-33,19.2,0,13,2,0,1,1,0,0,114.4,112.1,2
0022300067,2023-24,1,25,10,1,37.7,MADE_BASKET,36-39,29.2,1,0,3,0,2,1,1,0,111.5,111.7,3
0022300067,2023-24,2,25,10,1,30.3,MADE_BASKET,30-33,5.5,0,5,0,0,1,1,0,0,111.5,111.7,0
0022300067,2023-24,3,25,10,1,35.5,LIVE_TOV,33-36,32.3,1,5,3,2,2,1,1,0,111.5,111.7,1
0022300068,2023-24,1,27,12,0,36.3,MADE_BASKET,36-39,22.2,0,4,2,0,1,1,0,0,114.9,117.4,2
0022300068,2023-24,2,12,27,1,37.5,MADE_BASKET,36-39,30.8,1,6,3,2,2,1,1,0,111.3,120.5,1
0022300068,2023-24,3,27,12,0,30.3,MADE_BASKET,30-33,7.6,0,-7,5,0,1,1,0,0,114.9,117.4,5
0022300069,2023-24,1,28,14,0,35.9,MADE_BASKET,33-36,32.3,1,-5,2,0,2,1,1,0,114.5,118.6,2
0022300069,2023-24,2,14,28,1,42.8,DREB,42-45,32.1,1,-2,2,0,1,1,0,0,118.7,117.7,2
0022300069,2023-24,3,14,28,1,40.4,DREB,39-42,27.4,0,-2,2,0,1,1,0,0,118.7,117.7,2
0022300070,2023-24,1,9,22,0,34.3,DREB,33-36,17.3,0,-7,3,2,1,1,0,0,117.4,117.9,1
0022300070,2023-24,2,22,9,1,43.7,MADE_BASKET,42-45,31.3,1,1,2,0,2,1,1,0,115.8,117.2,2
0022300071,2023-24,1,20,18,0,38.8,MADE_BASKET,36-39,16.5,0,0,2,2,2,1,1,0,128.8,114.0,0
0022300071,2023-24,2,20,18,0,37.1,LIVE_TOV,36-39,29.5,1,3,2,2,2,1,1,0,128.8,114.0,0
0022300071,2023-24,3,18,20,1,33.6,MADE_BASKET,33-36,16.1,0,2,2,0,1,1,0,0,114.7,114.4,2
0022300072,2023-24,1,18,25,1,35.5,DREB,33-36,21.8,0,1,2,0,1,1,0,0,114.7,113.3,2
0022300072,2023-24,3,18,25,1,34.4,MADE_BASKET,33-36,28.7,1,6,0,2,2,2,1,1,114.7,113.3,-2
0022300073,2023-24,1,22,26,0,35.4,DEAD_BALL,33-36,28.2,1,9,2,2,2,1,1,0,115.8,118.8,0
0022300073,2023-24,3,22,26,0,40.5,LIVE_TOV,39-42,38.7,1,23,2,2,3,2,1,1,115.8,118.8,0
0022300074,2023-24,1,7,18,0,41.7,MADE_BASKET,39-42,35.0,1,2,2,3,3,2,1,1,112.0,114.0,-1
0022300074,2023-24,2,18,7,1,34.6,MADE_BASKET,33-36,24.0,0,-2,2,3,1,1,0,0,114.7,117.4,-1
0022300074,2023-24,3,7,18,0,40.6,DREB,39-42,23.3,0,4,3,0,1,1,0,0,112.0,114.0,3
0022300075,2023-24,1,27,14,0,33.1,LIVE_TOV,33-36,29.7,1,-11,3,0,2,2,1,1,114.9,118.6,3
0022300075,2023-24,3,27,14,0,36.9,MADE_BASKET,36-39,15.5,0,1,0,0,1,1,0,0,114.9,118.6,0
0022300076,2023-24,1,21,3,1,41.2,DREB,39-42,29.4,1,7,3,2,2,1,1,0,126.6,118.2,1
0022300076,2023-24,2,3,21,0,37.1,MADE_BASKET,36-39,17.4,0,-9,2,0,1,1,0,0,119.7,107.4,2
0022300076,2023-24,3,21,3,1,40.1,DREB,39-42,35.1,1,7,2,1,2,1,1,0,126.6,118.2,1
0022300077,2023-24,1,10,9,0,34.5,MADE_BASKET,33-36,29.7,1,2,0,0,2,1,1,0,118.9,117.2,0
0022300077,2023-24,2,10,9,0,36.4,DREB,36-39,29.3,1,6,5,0,2,1,1,0,118.9,117.2,5
0022300077,2023-24,3,9,10,1,32.0,MADE_BASKET,30-33,12.2,0,-7,0,3,1,1,0,0,117.4,111.7,-3
0022300078,2023-24,1,14,26,0,38.7,MADE_BASKET,36-39,22.3,0,-5,0,0,1,1,0,0,118.7,118.8,0
0022300078,2023-24,2,14,26,0,43.6,MADE_BASKET,42-45,32.9,1,-19,5,0,2,2,1,1,118.7,118.8,5
0022300079,2023-24,1,2,6,1,30.2,LIVE_TOV,30-33,8.0,0,-3,0,0,1,0,0,0,120.1,112.1,0
0022300079,2023-24,2,2,6,1,40.0,DREB,39-42,33.4,1,-13,2,2,2,1,1,0,120.1,112.1,0
0022300079,2023-24,3,6,2,0,40.4,MADE_BASKET,39-42,28.2,1,15,4,2,2,1,1,0,116.7,117.3,2
0022300080,2023-24,1,26,29,1,40.5,MADE_BASKET,39-42,30.8,1,2,2,3,2,1,1,0,113.9,118.5,-1
0022300080,2023-24,2,29,26,0,40.6,MADE_BASKET,39-42,30.4,1,6,2,2,2,1,1,0,120.6,118.8,0
0022300080,2023-24,3,29,26,0,44.9,MADE_BASKET,42-45,32.0,1,3,0,0,1,1,0,0,120.6,118.8,0
0022300081,2023-24,1,14,10,1,43.4,MADE_BASKET,42-45,28.3,1,2,2,5,2,1,1,0,118.7,111.7,-3
0022300081,2023-24,2,10,14,0,41.1,DREB,39-42,37.0,1,3,1,3,2,2,1,1,118.9,118.6,-2
0022300081,2023-24,3,14,10,1,34.4,MADE_BASKET,33-36,28.4,1,7,4,2,2,1,1,0,118.7,111.7,2
0022300082,2023-24,1,16,2,1,35.7,DEAD_BALL,33-36,33.7,1,2,3,2,2,1,1,0,117.4,117.3,1
0022300082,2023-24,2,2,16,0,40.0,DREB,39-42,30.8,1,2,0,2,2,1,1,0,120.1,113.3,-2
0022300082,2023-24,3,2,16,0,37.0,MADE_BASKET,36-39,29.0,1,-2,0,2,2,1,1,0,120.1,113.3,-2
0022300083,2023-24,1,15,29,1,41.8,MADE_BASKET,39-42,25.4,0,-5,0,2,2,1,1,0,116.5,118.5,-2
0022300083,2023-24,2,29,15,0,43.2,LIVE_TOV,42-45,38.3,1,4,3,0,2,2,1,1,120.6,111.0,3
0022300083,2023-24,3,29,15,0,34.8,MADE_BASKET,33-36,11.9,0,2,0,0,1,0,0,0,120.6,111.0,0
0022300084,2023-24,1,27,24,0,35.5,DREB,33-36,16.7,0,-4,2,0,1,1,0,0,114.9,109.7,2
0022300084,2023-24,2,24,27,1,31.6,DREB,30-33,22.6,0,-5,0,0,1,1,0,0,119.6,120.5,0
0022300085,2023-24,1,16,27,0,37.9,MADE_BASKET,36-39,31.7,1,-3,5,2,2,2,1,1,117.4,120.5,3
0022300085,2023-24,2,27,16,1,40.7,DREB,39-42,38.2,1,1,0,2,2,2,1,1,114.9,113.3,-2
0022300085,2023-24,3,27,16,1,38.2,LIVE_TOV,36-39,21.4,0,7,3,0,1,1,0,0,114.9,113.3,3
0022300086,2023-24,1,6,17,1,39.8,DREB,39-42,29.2,1,3,0,1,2,1,1,0,116.7,115.7,-1
0022300086,2023-24,2,17,6,0,39.1,MADE_BASKET,39-42,28.5,1,-3,2,3,2,1,1,0,121.4,112.1,-1
0022300087,2023-24,1,22,10,0,36.3,DREB,36-39,31.5,1,-1,5,0,2,1,1,0,115.8,111.7,5
0022300087,2023-24,2,10,22,1,36.4,DREB,36-39,30.6,1,-9,3,0,2,1,1,0,118.9,117.9,3
0022300087,2023-24,3,22,10,0,36.1,DREB,36-39,22.9,0,16,2,0,1,1,0,0,115.8,111.7,2
0022300088,2023-24,1,1,10,1,41.0,DREB,39-42,29.9,1,-3,3,0,1,1,0,0,111.0,111.7,3
0022300088,2023-24,2,1,10,1,40.1,MADE_BASKET,39-42,28.3,1,2,0,0,1,1,0,0,111.0,111.7,0
0022300089,2023-24,1,13,3,1,39.2,MADE_BASKET,39-42,24.6,0,-1,0,0,1,1,0,0,109.3,118.2,0
0022300089,2023-24,2,13,3,1,37.8,DEAD_BALL,36-39,28.8,1,-1,0,2,2,1,1,0,109.3,118.2,-2
0022300089,2023-24,3,13,3,1,43.5,MADE_BASKET,42-45,34.6,1,2,2,3,2,1,1,0,109.3,118.2,-1
0022300090,2023-24,1,17,2,0,35.8,DREB,33-36,33.8,1,5,0,2,2,1,1,0,121.4,117.3,-2
0022300090,2023-24,2,2,17,1,30.0,DREB,30-33,13.6,0,2,0,2,1,1,0,0,120.1,115.7,-2
0022300090,2023-24,3,2,17,1,31.4,MADE_BASKET,30-33,21.3,0,-11,0,3,1,1,0,0,120.1,115.7,-3
0022300091,2023-24,1,23,15,1,37.1,LIVE_TOV,36-39,23.2,0,-1,0,3,1,1,0,0,111.8,111.0,-3
0022300091,2023-24,2,23,15,1,33.8,MADE_BASKET,33-36,28.5,1,-9,2,2,2,1,1,0,111.8,111.0,0
0022300091,2023-24,3,15,23,0,33.2,DEAD_BALL,33-36,29.2,1,12,2,1,2,1,1,0,116.5,117.6,1
0022300092,2023-24,1,28,7,1,35.3,DREB,33-36,31.3,1,3,0,2,2,1,1,0,114.5,117.4,-2
0022300092,2023-24,2,7,28,0,38.7,DREB,36-39,32.0,1,4,0,2,2,1,1,0,112.0,117.7,-2
0022300092,2023-24,3,7,28,0,41.7,DREB,39-42,18.9,0,-4,0,0,1,1,0,0,112.0,117.7,0
0022300093,2023-24,1,30,7,0,44.5,MADE_BASKET,42-45,38.0,1,-7,2,0,2,1,1,0,109.8,117.4,2
0022300093,2023-24,2,30,7,0,34.8,MADE_BASKET,33-36,31.3,1,-18,2,2,2,1,1,0,109.8,117.4,0
0022300093,2023-24,3,30,7,0,43.4,MADE_BASKET,42-45,28.5,1,-28,3,0,2,1,1,0,109.8,117.4,3
0022300094,2023-24,1,5,24,1,42.5,MADE_BASKET,42-45,37.3,1,-16,2,4,2,2,1,1,112.8,109.7,-2
0022300094,2023-24,2,5,24,1,38.1,MADE_BASKET,36-39,33.0,1,-25,5,3,2,1,1,0,112.8,109.7,2
0022300095,2023-24,1,30,24,1,35.5,MADE_BASKET,33-36,29.6,1,-3,0,1,2,1,1,0,109.8,109.7,-1
0022300095,2023-24,3,30,24,1,30.9,DREB,30-33,9.0,0,-13,0,2,1,0,0,0,109.8,109.7,-2
0022300096,2023-24,2,9,24,0,36.5,LIVE_TOV,36-39,34.5,1,1,2,2,2,1,1,0,117.4,109.7,0
0022300096,2023-24,3,24,9,1,33.9,DREB,33-36,29.1,1,-5,0,3,1,1,0,0,119.6,117.2,-3
0022300097,2023-24,1,15,12,0,32.8,DEAD_BALL,30-33,23.3,0,-1,2,1,1,1,0,0,116.5,117.4,1
0022300097,2023-24,3,12,15,1,36.5,DREB,36-39,25.0,0,-10,3,1,1,1,0,0,111.3,111.0,2
0022300098,2023-24,1,28,23,1,30.2,DREB,30-33,13.2,0,-1,2,0,1,1,0,0,114.5,117.6,2
0022300098,2023-24,2,28,23,1,40.7,DREB,39-42,32.2,1,5,0,0,2,2,1,1,114.5,117.6,0
0022300098,2023-24,3,28,23,1,30.1,MADE_BASKET,30-33,10.6,0,12,0,2,1,1,0,0,114.5,117.6,-2
0022300099,2023-24,1,19,7,1,37.2,MADE_BASKET,36-39,28.7,1,-7,4,5,2,2,1,1,127.8,117.4,-1
0022300099,2023-24,3,7,19,0,45.0,LIVE_TOV,42-45,29.0,1,4,0,2,2,1,1,0,112.0,111.1,-2
0022300100,2023-24,1,7,24,1,34.8,MADE_BASKET,33-36,18.7,0,3,0,0,1,1,0,0,112.0,109.7,0
0022300100,2023-24,2,24,7,0,31.8,DREB,30-33,17.0,0,-5,0,2,1,1,0,0,119.6,117.4,-2
0022300100,2023-24,3,7,24,1,34.9,DREB,33-36,14.0,0,-7,2,0,1,0,0,0,112.0,109.7,2
0022300101,2023-24,1,1,14,1,33.1,MADE_BASKET,33-36,23.7,0,-2,2,0,1,1,0,0,111.0,118.6,2
0022300101,2023-24,2,1,14,1,30.8,LIVE_TOV,30-33,10.7,0,5,2,0,1,1,0,0,111.0,118.6,2
0022300101,2023-24,3,1,14,1,35.2,MADE_BASKET,33-36,31.9,1,5,2,0,2,1,1,0,111.0,118.6,2
0022300102,2023-24,1,25,13,1,39.1,MADE_BASKET,39-42,29.2,1,-5,2,0,2,1,1,0,111.5,106.5,2
0022300102,2023-24,2,25,13,1,36.0,DREB,36-39,31.8,1,0,4,3,2,1,1,0,111.5,106.5,1
0022300102,2023-24,3,13,25,0,37.7,MADE_BASKET,36-39,25.0,0,3,2,2,2,1,1,0,109.3,113.3,0
0022300103,2023-24,1,3,22,0,38.2,LIVE_TOV,36-39,30.7,1,1,4,0,2,1,1,0,119.7,117.9,4
0022300103,2023-24,2,3,22,0,36.2,MADE_BASKET,36-39,29.2,1,-1,2,2,2,1,1,0,119.7,117.9,0
0022300103,2023-24,3,3,22,0,40.9,MADE_BASKET,39-42,23.3,0,-1,3,0,2,1,1,0,119.7,117.9,3
0022300104,2023-24,1,1,2,0,44.7,MADE_BASKET,42-45,33.1,1,-8,0,2,2,1,1,0,111.0,117.3,-2
0022300104,2023-24,2,2,1,1,30.4,DREB,30-33,8.6,0,3,3,2,2,1,1,0,120.1,119.1,1
0022300104,2023-24,3,1,2,0,35.4,DREB,33-36,23.1,0,7,0,0,1,1,0,0,111.0,117.3,0
0022300105,2023-24,1,21,5,0,39.0,DREB,39-42,29.0,1,3,2,1,2,2,1,1,126.6,120.6,1
0022300105,2023-24,2,21,5,0,39.0,DREB,39-42,22.7,0,6,0,2,1,1,0,0,126.6,120.6,-2
0022300105,2023-24,3,5,21,1,30.2,LIVE_TOV,30-33,8.4,0,5,2,0,1,1,0,0,112.8,107.4,2
0022300106,2023-24,1,1,25,1,44.6,DREB,42-45,32.4,1,-2,2,0,2,1,1,0,111.0,113.3,2
0022300106,2023-24,3,1,25,1,33.5,MADE_BASKET,33-36,17.6,0,-22,2,3,1,1,0,0,111.0,113.3,-1
0022300107,2023-24,1,23,22,0,35.3,MADE_BASKET,33-36,31.9,1,0,5,2,2,2,1,1,111.8,117.9,3
0022300107,2023-24,2,23,22,0,33.1,DREB,33-36,23.6,0,3,3,0,1,1,0,0,111.8,117.9,3
0022300107,2023-24,3,23,22,0,39.3,MADE_BASKET,39-42,27.1,0,-3,0,3,1,1,0,0,111.8,117.9,-3
0022300108,2023-24,1,28,4,1,36.2,DREB,36-39,22.4,0,11,3,0,1,1,0,0,114.5,119.6,3
0022300108,2023-24,2,28,4,1,34.0,MADE_BASKET,33-36,12.8,0,18,0,2,2,1,1,0,114.5,119.6,-2
0022300108,2023-24,3,4,28,0,40.9,DREB,39-42,34.8,1,-16,5,0,2,2,1,1,120.4,117.7,5
0022300109,2023-24,1,9,2,0,34.8,MADE_BASKET,33-36,20.8,0,-6,0,3,1,1,0,0,117.4,117.3,-3
0022300109,2023-24,2,2,9,1,44.3,MADE_BASKET,42-45,31.2,1,2,4,0,2,1,1,0,120.1,117.2,4
0022300110,2023-24,1,3,6,0,42.6,MADE_BASKET,42-45,20.1,0,-13,3,0,1,1,0,0,119.7,112.1,3
0022300110,2023-24,2,6,3,1,40.4,DREB,39-42,30.6,1,5,3,1,2,1,1,0,116.7,118.2,2
0022300110,2023-24,3,3,6,0,41.3,MADE_BASKET,39-42,23.5,0,-5,0,0,1,1,0,0,119.7,112.1,0
0022300111,2023-24,1,8,14,0,30.6,MADE_BASKET,30-33,12.3,0,2,0,0,1,1,0,0,114.4,118.6,0
0022300111,2023-24,2,14,8,1,31.9,DREB,30-33,9.5,0,-8,0,0,1,1,0,0,118.7,113.6,0
0022300111,2023-24,3,8,14,0,42.2,MADE_BASKET,42-45,38.3,1,1,2,2,2,2,1,1,114.4,118.6,0
0022300112,2023-24,1,29,9,0,38.5,MADE_BASKET,36-39,20.7,0,-7,3,0,2,1,1,0,120.6,117.2,3
0022300112,2023-24,3,9,29,1,39.0,MADE_BASKET,39-42,30.7,1,-8,4,3,2,2,1,1,117.4,118.5,1
0022300113,2023-24,1,22,28,1,40.6,MADE_BASKET,39-42,20.2,0,-7,0,0,1,1,0,0,115.8,117.7,0
0022300113,2023-24,2,28,22,0,34.2,MADE_BASKET,33-36,19.4,0,10,0,0,1,1,0,0,114.5,117.9,0
0022300113,2023-24,3,22,28,1,34.3,MADE_BASKET,33-36,29.2,1,-14,2,2,2,1,1,0,115.8,117.7,0
0022300114,2023-24,1,26,21,0,30.6,DREB,30-33,22.3,0,-4,0,0,2,1,1,0,113.9,107.4,0
0022300114,2023-24,2,21,26,1,40.0,LIVE_TOV,39-42,33.3,1,15,2,0,2,2,1,1,126.6,118.8,2
0022300115,2023-24,1,1,23,0,33.2,MADE_BASKET,33-36,12.6,0,-5,0,0,1,1,0,0,111.0,117.6,0
0022300115,2023-24,2,23,1,1,32.0,DREB,30-33,15.9,0,-4,0,0,1,1,0,0,111.8,119.1,0
0022300115,2023-24,3,23,1,1,31.9,DREB,30-33,20.3,0,0,0,2,1,1,0,0,111.8,119.1,-2
0022300116,2023-24,1,29,22,1,30.3,MADE_BASKET,30-33,18.4,0,1,2,2,1,1,0,0,120.6,117.9,0
0022300116,2023-24,2,22,29,0,30.6,DREB,30-33,8.2,0,15,0,3,1,1,0,0,115.8,118.5,-3
0022300116,2023-24,3,22,29,0,38.6,MADE_BASKET,36-39,29.1,1,19,2,0,2,1,1,0,115.8,118.5,2
0022300117,2023-24,1,26,2,0,40.3,DREB,39-42,24.5,0,-3,0,0,1,1,0,0,113.9,117.3,0
0022300117,2023-24,2,2,26,1,35.3,MADE_BASKET,33-36,30.2,1,-7,0,0,2,1,1,0,120.1,118.8,0
0022300117,2023-24,3,26,2,0,36.8,MADE_BASKET,36-39,20.7,0,-2,2,0,1,1,0,0,113.9,117.3,2
0022300118,2023-24,1,5,4,1,36.1,DREB,36-39,16.0,0,2,0,2,2,1,1,0,112.8,119.6,-2
0022300118,2023-24,2,5,4,1,36.5,DREB,36-39,30.2,1,3,3,3,2,1,1,0,112.8,119.6,0
0022300119,2023-24,1,3,30,1,38.3,DREB,36-39,34.7,1,-9,0,2,3,2,1,1,119.7,112.2,-2
0022300119,2023-24,2,30,3,0,43.6,MADE_BASKET,42-45,29.3,1,6,2,2,2,1,1,0,109.8,118.2,0
0022300119,2023-24,3,30,3,0,44.9,MADE_BASKET,42-45,28.6,1,6,2,3,1,1,0,0,109.8,118.2,-1
0022300120,2023-24,1,13,18,0,37.6,MADE_BASKET,36-39,29.7,1,1,5,0,2,2,1,1,109.3,114.0,5
0022300120,2023-24,2,13,18,0,30.2,LIVE_TOV,30-33,26.1,0,19,2,0,2,1,1,0,109.3,114.0,2
0022300120,2023-24,3,13,18,0,34.9,LIVE_TOV,33-36,31.2,1,22,3,0,2,1,1,0,109.3,114.0,3
0022300121,2023-24,2,1,20,0,43.8,MADE_BASKET,42-45,32.5,1,3,0,0,2,1,1,0,111.0,114.4,0
0022300121,2023-24,3,1,20,0,34.2,MADE_BASKET,33-36,18.9,0,-5,2,0,1,1,0,0,111.0,114.4,2
0022300122,2023-24,1,28,23,0,31.3,MADE_BASKET,30-33,9.6,0,6,0,0,1,0,0,0,114.5,117.6,0
0022300122,2023-24,2,23,28,1,38.2,MADE_BASKET,36-39,31.0,1,-10,4,3,2,2,1,1,111.8,117.7,1
0022300122,2023-24,3,23,28,1,36.6,MADE_BASKET,36-39,23.7,0,-13,2,0,1,1,0,0,111.8,117.7,2
0022300123,2023-24,1,10,12,0,42.6,DREB,42-45,30.7,1,-3,2,0,2,1,1,0,118.9,117.4,2
0022300123,2023-24,2,12,10,1,44.9,MADE_BASKET,42-45,36.8,1,0,2,2,2,1,1,0,111.3,111.7,0
0022300123,2023-24,3,10,12,0,30.7,MADE_BASKET,30-33,17.1,0,5,2,3,2,1,1,0,118.9,117.4,-1
0022300124,2023-24,1,24,9,0,30.3,DREB,30-33,10.0,0,0,2,0,1,1,0,0,119.6,117.2,2
0022300124,2023-24,2,9,24,1,43.6,MADE_BASKET,42-45,33.3,1,-4,3,0,2,1,1,0,117.4,109.7,3
0022300125,2023-24,1,29,5,1,41.0,MADE_BASKET,39-42,25.5,0,-5,0,0,1,1,0,0,120.6,120.6,0
0022300126,2023-24,1,19,9,0,34.1,MADE_BASKET,33-36,27.6,0,-8,0,0,2,1,1,0,127.8,117.2,0
0022300126,2023-24,2,19,9,0,33.3,MADE_BASKET,33-36,9.8,0,-13,3,0,1,1,0,0,127.8,117.2,3
0022300126,2023-24,3,19,9,0,33.7,MADE_BASKET,33-36,13.7,0,-14,2,0,1,1,0,0,127.8,117.2,2
0022300127,2023-24,1,18,30,1,34.2,LIVE_TOV,33-36,26.7,0,4,2,3,1,1,0,0,114.7,112.2,-1
0022300127,2023-24,2,18,30,1,31.6,DREB,30-33,11.5,0,0,2,0,1,1,0,0,114.7,112.2,2
0022300127,2023-24,3,18,30,1,36.0,LIVE_TOV,36-39,33.0,1,12,4,6,2,2,1,1,114.7,112.2,-2
0022300128,2023-24,1,10,3,0,38.3,MADE_BASKET,36-39,31.1,1,2,2,0,2,1,1,0,118.9,118.2,2
0022300128,2023-24,2,10,3,0,30.9,DREB,30-33,21.0,0,8,0,0,1,1,0,0,118.9,118.2,0
0022300128,2023-24,3,3,10,1,44.4,MADE_BASKET,42-45,32.3,1,-11,2,2,2,1,1,0,119.7,111.7,0
0022300129,2023-24,1,30,6,1,34.5,DREB,33-36,24.1,0,-2,2,2,2,1,1,0,109.8,112.1,0
0022300129,2023-24,2,30,6,1,34.1,DEAD_BALL,33-36,18.8,0,2,2,0,1,1,0,0,109.8,112.1,2
0022300129,2023-24,3,30,6,1,37.1,MADE_BASKET,36-39,30.1,1,-3,4,3,2,1,1,0,109.8,112.1,1
0022300130,2023-24,1,26,8,0,32.5,DEAD_BALL,30-33,29.2,1,-5,3,2,2,1,1,0,113.9,113.6,1
0022300130,2023-24,2,26,8,0,39.4,DREB,39-42,27.6,0,-11,0,2,2,1,1,0,113.9,113.6,-2
0022300130,2023-24,3,26,8,0,40.5,MADE_BASKET,39-42,29.4,1,-19,2,3,2,2,1,1,113.9,113.6,-1
0022300131,2023-24,1,9,5,1,30.3,DREB,30-33,15.7,0,0,2,2,1,1,0,0,117.4,120.6,0
0022300131,2023-24,3,5,9,0,33.0,MADE_BASKET,33-36,19.3,0,14,2,2,2,1,1,0,112.8,117.2,0
0022300132,2023-24,1,12,22,0,35.3,DREB,33-36,28.5,1,7,0,2,2,1,1,0,111.3,117.9,-2
0022300132,2023-24,2,22,12,1,34.9,DEAD_BALL,33-36,25.3,0,6,2,2,1,1,0,0,115.8,117.4,0
0022300132,2023-24,3,12,22,0,33.9,DREB,33-36,28.3,1,-9,3,0,2,1,1,0,111.3,117.9,3
0022300133,2023-24,1,25,5,0,44.9,MADE_BASKET,42-45,33.4,1,1,0,2,2,1,1,0,111.5,120.6,-2
0022300133,2023-24,2,25,5,0,35.9,DREB,33-36,33.9,1,5,5,0,2,2,1,1,111.5,120.6,5
0022300133,2023-24,3,5,25,1,34.6,MADE_BASKET,33-36,28.6,1,-9,4,0,2,2,1,1,112.8,113.3,4
0022300134,2023-24,1,10,11,0,33.5,MADE_BASKET,33-36,27.1,0,-2,3,0,2,1,1,0,118.9,121.8,3
0022300134,2023-24,2,11,10,1,33.2,DEAD_BALL,33-36,31.7,1,3,5,2,2,1,1,0,116.5,111.7,3
0022300135,2023-24,1,17,28,0,40.6,DREB,39-42,29.5,1,1,4,2,2,1,1,0,121.4,117.7,2
0022300135,2023-24,2,17,28,0,30.6,DREB,30-33,10.5,0,2,3,0,1,1,0,0,121.4,117.7,3
0022300136,2023-24,1,24,18,0,39.7,LIVE_TOV,39-42,33.5,1,3,2,0,2,1,1,0,119.6,114.0,2
0022300136,2023-24,2,24,18,0,41.9,MADE_BASKET,39-42,30.6,1,2,2,2,2,1,1,0,119.6,114.0,0
0022300137,2023-24,1,17,19,1,42.3,MADE_BASKET,42-45,29.3,1,-1,5,2,2,1,1,0,121.4,111.1,3
0022300137,2023-24,2,17,19,1,36.7,LIVE_TOV,36-39,27.4,0,3,0,0,2,1,1,0,121.4,111.1,0
0022300137,2023-24,3,19,17,0,39.4,MADE_BASKET,39-42,30.7,1,-8,2,0,2,1,1,0,127.8,115.7,2
0022300138,2023-24,3,5,1,1,33.9,DREB,33-36,29.3,1,8,4,0,2,1,1,0,112.8,119.1,4
0022300139,2023-24,1,28,3,0,40.6,DREB,39-42,34.0,1,-5,0,2,2,2,1,1,114.5,118.2,-2
0022300139,2023-24,2,3,28,1,44.5,DREB,42-45,31.5,1,16,2,2,2,1,1,0,119.7,117.7,0
0022300139,2023-24,3,28,3,0,40.2,DREB,39-42,20.0,0,-17,0,2,1,1,0,0,114.5,118.2,-2
0022300140,2023-24,1,9,11,0,41.5,MADE_BASKET,39-42,32.3,1,-6,0,2,2,1,1,0,117.4,121.8,-2
0022300140,2023-24,2,11,9,1,35.8,LIVE_TOV,33-36,25.7,0,12,3,2,2,1,1,0,116.5,117.2,1
0022300140,2023-24,3,9,11,0,33.9,DREB,33-36,20.8,0,-12,0,0,1,1,0,0,117.4,121.8,0
0022300141,2023-24,1,29,7,1,40.4,MADE_BASKET,39-42,25.4,0,-7,2,2,1,1,0,0,120.6,117.4,0
0022300141,2023-24,2,7,29,0,39.6,DREB,39-42,27.1,0,12,3,0,1,1,0,0,112.0,118.5,3
0022300141,2023-24,3,7,29,0,44.2,MADE_BASKET,42-45,31.8,1,11,4,3,2,2,1,1,112.0,118.5,1
0022300142,2023-24,1,9,21,1,31.8,MADE_BASKET,30-33,8.3,0,-3,0,0,1,1,0,0,117.4,107.4,0
0022300143,2023-24,1,20,28,1,35.8,MADE_BASKET,33-36,31.2,1,-2,2,0,2,1,1,0,128.8,117.7,2
0022300143,2023-24,2,28,20,0,35.4,MADE_BASKET,33-36,29.7,1,6,2,2,2,1,1,0,114.5,114.4,0
0022300143,2023-24,3,20,28,1,41.4,LIVE_TOV,39-42,30.0,1,-6,2,2,2,1,1,0,128.8,117.7,0
0022300144,2023-24,1,3,11,1,43.0,MADE_BASKET,42-45,30.9,1,-1,0,3,2,1,1,0,119.7,121.8,-3
0022300144,2023-24,2,11,3,0,33.8,MADE_BASKET,33-36,19.5,0,-12,0,0,1,1,0,0,116.5,118.2,0
0022300144,2023-24,3,3,11,1,44.2,DEAD_BALL,42-45,38.1,1,13,2,2,2,2,1,1,119.7,121.8,0
0022300145,2023-24,1,10,27,1,30.2,DREB,30-33,9.9,0,2,0,0,1,1,0,0,118.9,120.5,0
0022300145,2023-24,2,27,10,0,34.7,LIVE_TOV,33-36,29.2,1,4,2,0,2,2,1,1,114.9,111.7,2
0022300145,2023-24,3,10,27,1,40.2,DREB,39-42,34.3,1,-7,2,2,2,1,1,0,118.9,120.5,0
0022300146,2023-24,1,20,23,0,41.5,MADE_BASKET,39-42,20.5,0,-4,3,2,1,1,0,0,128.8,117.6,1
0022300146,2023-24,2,20,23,0,39.7,DREB,39-42,24.5,0,4,2,0,1,1,0,0,128.8,117.6,2
0022300146,2023-24,3,23,20,1,39.1,MADE_BASKET,39-42,27.0,0,-5,6,2,2,1,1,0,111.8,114.4,4
0022300147,2023-24,1,16,8,0,37.9,DREB,36-39,29.6,1,2,2,0,2,1,1,0,117.4,113.6,2
0022300147,2023-24,2,8,16,1,38.6,MADE_BASKET,36-39,28.9,1,-8,2,0,2,1,1,0,114.4,113.3,2
0022300147,2023-24,3,16,8,0,34.9,MADE_BASKET,33-36,22.4,0,9,2,0,1,1,0,0,117.4,113.6,2
0022300148,2023-24,1,22,5,0,41.9,MADE_BASKET,39-42,31.9,1,0,3,0,2,1,1,0,115.8,120.6,3
0022300148,2023-24,2,5,22,1,44.8,MADE_BASKET,42-45,29.0,1,-16,4,5,2,2,1,1,112.8,117.9,-1
0022300148,2023-24,3,22,5,0,43.1,MADE_BASKET,42-45,30.2,1,13,2,2,2,1,1,0,115.8,120.6,0
0022300149,2023-24,1,19,5,1,41.8,MADE_BASKET,39-42,34.4,1,-6,2,2,2,1,1,0,127.8,120.6,0
0022300149,2023-24,3,5,19,0,43.3,MADE_BASKET,42-45,30.2,1,7,0,7,2,1,1,0,112.8,111.1,-7
0022300150,2023-24,2,19,26,0,39.0,DREB,39-42,28.9,1,-9,3,0,1,1,0,0,127.8,118.8,3
0022300151,2023-24,2,27,18,1,35.7,DREB,33-36,31.7,1,0,2,0,2,2,1,1,114.9,114.0,2
0022300151,2023-24,3,18,27,0,36.4,DREB,36-39,30.1,1,-8,2,2,2,1,1,0,114.7,120.5,0
0022300152,2023-24,1,8,12,0,42.9,DEAD_BALL,42-45,31.1,1,4,0,0,2,2,1,1,114.4,117.4,0
0022300152,2023-24,2,8,12,0,36.7,MADE_BASKET,36-39,15.9,0,5,6,6,2,1,1,0,114.4,117.4,0
0022300152,2023-24,3,8,12,0,31.9,DREB,30-33,26.3,0,1,0,0,2,1,1,0,114.4,117.4,0
0022300153,2023-24,1,3,21,1,33.6,MADE_BASKET,33-36,28.6,1,-11,0,2,2,1,1,0,119.7,107.4,-2
0022300153,2023-24,2,21,3,0,43.5,DREB,42-45,30.6,1,8,0,0,2,1,1,0,126.6,118.2,0
0022300154,2023-24,1,29,18,0,37.0,DREB,36-39,31.3,1,9,2,2,2,1,1,0,120.6,114.0,0
0022300154,2023-24,2,29,18,0,32.1,DREB,30-33,21.0,0,7,2,0,1,1,0,0,120.6,114.0,2
0022300154,2023-24,3,18,29,1,45.0,DREB,42-45,29.2,1,1,0,0,2,1,1,0,114.7,118.5,0
0022300155,2023-24,1,21,22,1,31.5,DREB,30-33,14.2,0,-8,0,0,1,1,0,0,126.6,117.9,0
0022300155,2023-24,2,22,21,0,39.1,DREB,39-42,34.5,1,12,0,2,2,1,1,0,115.8,107.4,-2
0022300155,2023-24,3,21,22,1,33.9,MADE_BASKET,33-36,21.1,0,-16,3,2,1,1,0,0,126.6,117.9,1
0022300156,2023-24,1,19,12,1,36.4,MADE_BASKET,36-39,26.3,0,-8,0,0,1,1,0,0,127.8,117.4,0
0022300156,2023-24,3,12,19,0,43.3,MADE_BASKET,42-45,31.7,1,2,3,0,2,1,1,0,111.3,111.1,3
0022300157,2023-24,1,24,22,0,30.8,MADE_BASKET,30-33,7.3,0,-6,1,0,1,1,0,0,119.6,117.9,1
0022300157,2023-24,2,22,24,1,35.7,DREB,33-36,29.2,1,6,0,2,2,1,1,0,115.8,109.7,-2
0022300157,2023-24,3,24,22,0,39.1,MADE_BASKET,39-42,23.1,0,3,0,2,2,1,1,0,119.6,117.9,-2
0022300158,2023-24,1,23,30,1,37.6,MADE_BASKET,36-39,30.6,1,10,2,0,2,1,1,0,111.8,112.2,2
0022300158,2023-24,2,30,23,0,33.8,DREB,33-36,20.0,0,-14,0,0,1,1,0,0,109.8,117.6,0
0022300158,2023-24,3,23,30,1,40.5,DEAD_BALL,39-42,36.1,1,14,2,0,2,2,1,1,111.8,112.2,2
0022300159,2023-24,1,7,2,0,31.8,DREB,30-33,18.4,0,6,0,0,1,1,0,0,112.0,117.3,0
0022300159,2023-24,2,2,7,1,36.9,MADE_BASKET,36-39,34.7,1,-9,2,2,2,2,1,1,120.1,117.4,0
0022300159,2023-24,3,7,2,0,38.0,MADE_BASKET,36-39,26.7,0,-5,2,0,1,1,0,0,112.0,117.3,2
0022300160,2023-24,1,17,8,1,43.2,DREB,42-45,32.1,1,5,3,0,2,1,1,0,121.4,113.6,3
0022300160,2023-24,2,17,8,1,39.7,DREB,39-42,30.5,1,6,0,2,2,1,1,0,121.4,113.6,-2
0022300160,2023-24,3,8,17,0,40.5,MADE_BASKET,39-42,35.6,1,-10,0,3,2,1,1,0,114.4,115.7,-3
0022300161,2023-24,1,1,24,1,38.9,MADE_BASKET,36-39,30.0,1,5,2,3,2,1,1,0,111.0,109.7,-1
0022300161,2023-24,2,24,1,0,32.1,LIVE_TOV,30-33,23.3,0,1,2,0,1,1,0,0,119.6,119.1,2
0022300161,2023-24,3,1,24,1,30.1,MADE_BASKET,30-33,5.5,0,-2,0,0,1,1,0,0,111.0,109.7,0
0022300162,2023-24,1,29,24,0,37.9,DREB,36-39,23.6,0,-5,0,2,1,1,0,0,120.6,109.7,-2
0022300162,2023-24,2,24,29,1,39.5,DREB,39-42,32.1,1,7,0,2,2,1,1,0,119.6,118.5,-2
0022300162,2023-24,3,29,24,0,35.7,DEAD_BALL,33-36,20.5,0,-3,0,2,1,1,0,0,120.6,109.7,-2
0022300163,2023-24,1,2,29,0,31.8,MADE_BASKET,30-33,24.0,0,0,3,2,2,1,1,0,120.1,118.5,1
0022300163,2023-24,2,2,29,0,42.1,DREB,42-45,37.0,1,14,0,2,2,1,1,0,120.1,118.5,-2
0022300163,2023-24,3,2,29,0,41.0,MADE_BASKET,39-42,34.1,1,15,0,0,2,1,1,0,120.1,118.5,0
0022300164,2023-24,2,7,3,0,38.7,DREB,36-39,33.7,1,0,5,2,2,2,1,1,112.0,118.2,3
0022300165,2023-24,1,14,17,1,40.4,DREB,39-42,29.4,1,-2,4,0,2,1,1,0,118.7,115.7,4
0022300165,2023-24,2,17,14,0,40.7,MADE_BASKET,39-42,36.1,1,-1,3,2,2,2,1,1,121.4,118.6,1
0022300165,2023-24,3,14,17,1,31.9,DREB,30-33,17.3,0,-4,0,0,1,1,0,0,118.7,115.7,0
0022300166,2023-24,1,21,30,0,30.7,DREB,30-33,8.8,0,-5,1,1,1,1,0,0,126.6,112.2,0
0022300166,2023-24,2,21,30,0,37.8,DREB,36-39,34.9,1,0,0,2,2,2,1,1,126.6,112.2,-2
0022300166,2023-24,3,30,21,1,41.2,MADE_BASKET,39-42,36.9,1,3,4,2,2,1,1,0,109.8,107.4,2
0022300167,2023-24,1,6,22,0,30.3,DREB,30-33,7.9,0,0,0,0,1,1,0,0,116.7,117.9,0
0022300167,2023-24,2,6,22,0,32.6,DREB,30-33,17.4,0,-8,2,0,1,1,0,0,116.7,117.9,2
0022300167,2023-24,3,22,6,1,39.4,MADE_BASKET,39-42,29.4,1,2,2,2,2,2,1,1,115.8,112.1,0
0022300168,2023-24,1,22,3,1,32.6,MADE_BASKET,30-33,28.8,1,1,0,0,2,1,1,0,115.8,118.2,0
0022300168,2023-24,2,3,22,0,33.0,DEAD_BALL,33-36,17.2,0,7,0,0,1,1,0,0,119.7,117.9,0
0022300168,2023-24,3,22,3,1,33.2,MADE_BASKET,33-36,17.1,0,-2,0,0,1,1,0,0,115.8,118.2,0
0022300169,2023-24,1,13,26,1,34.2,DREB,33-36,22.8,0,2,3,0,1,1,0,0,109.3,118.8,3
0022300169,2023-24,2,26,13,0,34.7,DREB,33-36,29.6,1,3,4,2,2,1,1,0,113.9,106.5,2
0022300169,2023-24,3,26,13,0,44.5,DEAD_BALL,42-45,28.5,1,8,2,1,2,1,1,0,113.9,106.5,1
0022300170,2023-24,1,21,12,0,42.9,MADE_BASKET,42-45,30.5,1,-8,0,2,2,1,1,0,126.6,117.4,-2
0022300170,2023-24,2,12,21,1,36.7,DREB,36-39,29.9,1,24,0,2,2,1,1,0,111.3,107.4,-2
0022300170,2023-24,3,21,12,0,30.4,DREB,30-33,10.9,0,-19,2,3,1,1,0,0,126.6,117.4,-1
0022300171,2023-24,1,5,20,0,35.4,DREB,33-36,30.5,1,2,2,0,2,1,1,0,112.8,114.4,2
0022300171,2023-24,2,5,20,0,33.4,DREB,33-36,21.2,0,7,3,0,2,1,1,0,112.8,114.4,3
0022300171,2023-24,3,5,20,0,37.7,MADE_BASKET,36-39,28.8,1,9,3,0,2,1,1,0,112.8,114.4,3
0022300172,2023-24,1,3,14,0,37.7,DREB,36-39,16.3,0,-1,5,0,1,1,0,0,119.7,118.6,5
0022300172,2023-24,2,3,14,0,43.3,DREB,42-45,30.5,1,4,2,2,2,1,1,0,119.7,118.6,0
0022300172,2023-24,3,14,3,1,32.6,LIVE_TOV,30-33,22.7,0,1,0,0,1,1,0,0,118.7,118.2,0
0022300173,2023-24,1,7,21,0,41.2,MADE_BASKET,39-42,29.8,1,-1,4,2,2,1,1,0,112.0,107.4,2
0022300173,2023-24,2,21,7,1,32.0,MADE_BASKET,30-33,17.5,0,-4,5,2,1,1,0,0,126.6,117.4,3
0022300173,2023-24,3,7,21,0,38.9,LIVE_TOV,36-39,35.6,1,0,3,2,2,1,1,0,112.0,107.4,1
0022300174,2023-24,1,21,14,1,39.1,DREB,39-42,20.1,0,7,0,0,1,1,0,0,126.6,118.6,0
0022300174,2023-24,2,21,14,1,38.7,DREB,36-39,24.3,0,11,0,3,1,1,0,0,126.6,118.6,-3
0022300174,2023-24,3,21,14,1,41.2,DREB,39-42,34.7,1,11,3,2,2,1,1,0,126.6,118.6,1
0022300175,2023-24,1,26,4,0,40.1,MADE_BASKET,39-42,23.2,0,4,1,3,1,1,0,0,113.9,119.6,-2
0022300175,2023-24,2,26,4,0,43.7,LIVE_TOV,42-45,41.5,1,6,2,4,2,2,1,1,113.9,119.6,-2
0022300175,2023-24,3,26,4,0,41.8,LIVE_TOV,39-42,30.0,1,-5,3,0,2,2,1,1,113.9,119.6,3
0022300176,2023-24,1,20,4,1,44.3,MADE_BASKET,42-45,21.4,0,-6,2,3,2,1,1,0,128.8,119.6,-1
0022300176,2023-24,3,20,4,1,39.6,MADE_BASKET,39-42,20.3,0,-5,0,0,1,1,0,0,128.8,119.6,0
0022300177,2023-24,1,17,27,0,34.4,MADE_BASKET,33-36,19.5,0,-3,0,0,2,1,1,0,121.4,120.5,0
0022300177,2023-24,2,27,17,1,36.4,DREB,36-39,33.7,1,4,2,2,2,2,1,1,114.9,115.7,0
0022300177,2023-24,3,27,17,1,41.1,MADE_BASKET,39-42,29.2,1,3,0,0,1,1,0,0,114.9,115.7,0
0022300178,2023-24,1,4,18,0,36.4,DREB,36-39,28.3,1,-2,5,2,2,1,1,0,120.4,114.0,3
0022300178,2023-24,2,4,18,0,34.6,DREB,33-36,31.8,1,-4,0,1,2,2,1,1,120.4,114.0,-1
0022300178,2023-24,3,4,18,0,42.3,DREB,42-45,31.4,1,-2,3,2,2,1,1,0,120.4,114.0,1
0022300179,2023-24,1,24,11,0,34.3,DREB,33-36,32.8,1,-5,0,0,2,1,1,0,119.6,121.8,0
0022300179,2023-24,2,11,24,1,41.5,LIVE_TOV,39-42,36.8,1,11,3,0,2,2,1,1,116.5,109.7,3
0022300179,2023-24,3,11,24,1,40.5,MADE_BASKET,39-42,29.6,1,12,0,2,2,1,1,0,116.5,109.7,-2
0022300180,2023-24,1,8,3,1,36.8,MADE_BASKET,36-39,31.1,1,8,2,2,2,1,1,0,114.4,118.2,0
0022300180,2023-24,2,3,8,0,30.8,LIVE_TOV,30-33,9.9,0,-7,3,0,1,1,0,0,119.7,113.6,3
0022300180,2023-24,3,8,3,1,36.7,DREB,36-39,34.2,1,-4,3,3,2,1,1,0,114.4,118.2,0
0022300181,2023-24,1,1,3,1,40.4,LIVE_TOV,39-42,38.2,1,4,5,0,2,1,1,0,111.0,118.2,5
0022300181,2023-24,2,3,1,0,30.7,DEAD_BALL,30-33,11.1,0,-12,0,2,2,1,1,0,119.7,119.1,-2
0022300181,2023-24,3,1,3,1,39.0,DREB,39-42,34.1,1,15,3,2,2,1,1,0,111.0,118.2,1
0022300182,2023-24,1,23,10,1,40.7,MADE_BASKET,39-42,34.1,1,2,0,2,2,1,1,0,111.8,111.7,-2
0022300182,2023-24,2,10,23,0,37.7,MADE_BASKET,36-39,32.9,1,0,0,0,2,1,1,0,118.9,117.6,0
0022300182,2023-24,3,10,23,0,35.0,MADE_BASKET,33-36,18.8,0,-1,2,0,1,1,0,0,118.9,117.6,2
0022300183,2023-24,1,2,16,1,38.5,DREB,36-39,30.1,1,1,0,0,2,1,1,0,120.1,113.3,0
0022300183,2023-24,3,16,2,0,32.1,DREB,30-33,12.8,0,2,3,0,1,0,0,0,117.4,117.3,3
0022300184,2023-24,1,27,20,0,33.3,DREB,33-36,16.5,0,4,0,2,1,1,0,0,114.9,114.4,-2
0022300184,2023-24,2,20,27,1,37.1,MADE_BASKET,36-39,24.8,0,4,2,2,2,2,1,1,128.8,120.5,0
0022300184,2023-24,3,20,27,1,32.7,DREB,30-33,28.5,1,13,0,0,2,1,1,0,128.8,120.5,0
0022300185,2023-24,2,16,8,1,34.3,MADE_BASKET,33-36,28.6,1,-2,0,2,2,2,1,1,117.4,113.6,-2
0022300186,2023-24,1,14,28,1,42.2,MADE_BASKET,42-45,32.1,1,-2,3,3,2,1,1,0,118.7,117.7,0
0022300186,2023-24,2,14,28,1,43.0,MADE_BASKET,42-45,31.1,1,0,0,2,2,1,1,0,118.7,117.7,-2
0022300186,2023-24,3,14,28,1,33.6,LIVE_TOV,33-36,21.8,0,-3,0,0,1,1,0,0,118.7,117.7,0
0022300187,2023-24,1,21,16,0,32.5,DREB,30-33,15.6,0,-13,2,2,2,1,1,0,126.6,113.3,0
0022300187,2023-24,2,21,16,0,34.9,DREB,33-36,18.6,0,-18,2,0,1,1,0,0,126.6,113.3,2
0022300187,2023-24,3,21,16,0,40.6,DREB,39-42,33.0,1,-4,3,2,2,1,1,0,126.6,113.3,1
0022300188,2023-24,1,16,25,0,39.6,MADE_BASKET,39-42,27.4,0,-2,5,0,2,2,1,1,117.4,113.3,5
0022300188,2023-24,2,16,25,0,31.0,MADE_BASKET,30-33,15.5,0,5,0,0,1,1,0,0,117.4,113.3,0
0022300189,2023-24,1,24,7,1,33.9,MADE_BASKET,33-36,19.7,0,4,0,0,1,1,0,0,119.6,117.4,0
0022300189,2023-24,2,24,7,1,31.9,MADE_BASKET,30-33,7.7,0,-2,2,0,1,1,0,0,119.6,117.4,2
0022300189,2023-24,3,7,24,0,30.1,DREB,30-33,15.5,0,6,2,0,1,0,0,0,112.0,109.7,2
0022300191,2023-24,2,26,3,0,34.5,DREB,33-36,29.3,1,6,4,2,2,2,1,1,113.9,118.2,2
0022300191,2023-24,3,3,26,1,37.7,MADE_BASKET,36-39,31.7,1,-8,0,2,2,1,1,0,119.7,118.8,-2
0022300192,2023-24,1,24,17,1,41.7,MADE_BASKET,39-42,32.6,1,3,2,2,2,2,1,1,119.6,115.7,0
0022300192,2023-24,2,24,17,1,42.2,DREB,42-45,32.0,1,12,2,0,1,1,0,0,119.6,115.7,2
0022300192,2023-24,3,24,17,1,42.1,DREB,42-45,33.5,1,11,0,0,2,1,1,0,119.6,115.7,0
0022300193,2023-24,1,3,18,0,37.4,DREB,36-39,19.1,0,4,0,0,1,1,0,0,119.7,114.0,0
0022300193,2023-24,2,18,3,1,37.1,MADE_BASKET,36-39,34.3,1,-7,2,2,2,1,1,0,114.7,118.2,0
0022300193,2023-24,3,3,18,0,32.2,MADE_BASKET,30-33,7.8,0,-4,0,2,1,1,0,0,119.7,114.0,-2
0022300194,2023-24,1,7,15,1,36.7,DREB,36-39,31.5,1,5,3,0,1,1,0,0,112.0,111.0,3
0022300194,2023-24,2,7,15,1,37.8,DREB,36-39,17.6,0,2,0,2,2,1,1,0,112.0,111.0,-2
0022300195,2023-24,1,7,2,1,41.2,DREB,39-42,29.0,1,8,4,0,2,1,1,0,112.0,117.3,4
0022300195,2023-24,3,7,2,1,32.5,DREB,30-33,29.3,1,-3,0,5,2,1,1,0,112.0,117.3,-5
0022300196,2023-24,1,20,17,0,41.8,DREB,39-42,28.9,1,-3,3,3,2,1,1,0,128.8,115.7,0
0022300196,2023-24,2,17,20,1,40.3,DREB,39-42,21.5,0,2,0,0,1,1,0,0,121.4,114.4,0
0022300196,2023-24,3,20,17,0,42.9,MADE_BASKET,42-45,29.3,1,4,3,3,2,2,1,1,128.8,115.7,0
0022300197,2023-24,1,6,28,1,34.6,MADE_BASKET,33-36,20.6,0,-6,1,2,1,1,0,0,116.7,117.7,-1
0022300197,2023-24,2,28,6,0,38.9,DREB,36-39,34.0,1,6,0,3,2,1,1,0,114.5,112.1,-3
0022300198,2023-24,1,30,24,0,37.2,DREB,36-39,34.8,1,4,2,0,2,2,1,1,109.8,109.7,2
0022300198,2023-24,2,24,30,1,34.4,DREB,33-36,24.2,0,-4,2,0,1,1,0,0,119.6,112.2,2
0022300198,2023-24,3,30,24,0,43.4,DEAD_BALL,42-45,39.0,1,-4,3,2,2,1,1,0,109.8,109.7,1
0022300199,2023-24,1,21,27,0,39.2,DREB,39-42,22.3,0,2,2,0,1,1,0,0,126.6,120.5,2
0022300199,2023-24,2,21,27,0,33.2,DEAD_BALL,33-36,18.6,0,14,2,3,1,1,0,0,126.6,120.5,-1
0022300199,2023-24,3,21,27,0,36.4,MADE_BASKET,36-39,31.7,1,13,0,0,2,1,1,0,126.6,120.5,0
0022300200,2023-24,1,9,6,1,37.0,DREB,36-39,19.4,0,4,0,0,1,1,0,0,117.4,112.1,0
0022300200,2023-24,2,9,6,1,39.5,DREB,39-42,22.8,0,14,2,2,2,1,1,0,117.4,112.1,0
0022300200,2023-24,3,9,6,1,38.7,MADE_BASKET,36-39,16.8,0,4,0,0,1,1,0,0,117.4,112.1,0
0022300201,2023-24,1,8,11,1,35.1,DREB,33-36,29.9,1,-3,4,0,2,2,1,1,114.4,121.8,4
0022300201,2023-24,2,11,8,0,34.2,LIVE_TOV,33-36,32.0,1,-9,0,0,2,1,1,0,116.5,113.6,0
0022300201,2023-24,3,8,11,1,34.5,DREB,33-36,21.5,0,8,0,2,1,1,0,0,114.4,121.8,-2
0022300202,2023-24,1,22,4,0,36.9,DREB,36-39,21.1,0,1,2,3,2,1,1,0,115.8,119.6,-1
0022300202,2023-24,2,22,4,0,31.3,DREB,30-33,14.1,0,-4,0,3,2,1,1,0,115.8,119.6,-3
0022300202,2023-24,3,22,4,0,40.2,MADE_BASKET,39-42,29.6,1,-8,3,0,2,1,1,0,115.8,119.6,3
0022300203,2023-24,1,6,9,1,44.9,MADE_BASKET,42-45,38.7,1,1,2,2,2,2,1,1,116.7,117.2,0
0022300203,2023-24,2,9,6,0,31.8,MADE_BASKET,30-33,13.0,0,0,0,2,1,1,0,0,117.4,112.1,-2
0022300204,2023-24,1,17,4,1,40.2,LIVE_TOV,39-42,31.3,1,-3,0,4,3,2,1,1,121.4,119.6,-4
0022300204,2023-24,2,17,4,1,42.0,LIVE_TOV,42-45,29.7,1,-7,3,0,1,1,0,0,121.4,119.6,3
0022300204,2023-24,3,4,17,0,39.0,MADE_BASKET,39-42,33.6,1,-7,2,1,1,1,0,0,120.4,115.7,1
0022300205,2023-24,2,6,11,1,39.5,LIVE_TOV,39-42,29.0,1,-4,0,2,2,1,1,0,116.7,121.8,-2
0022300205,2023-24,3,11,6,0,37.5,MADE_BASKET,36-39,28.5,1,6,0,0,2,1,1,0,116.5,112.1,0
0022300206,2023-24,1,11,17,0,35.4,DREB,33-36,25.2,0,7,2,3,1,1,0,0,116.5,115.7,-1
0022300206,2023-24,2,11,17,0,30.4,MADE_BASKET,30-33,14.2,0,12,1,0,1,1,0,0,116.5,115.7,1
0022300207,2023-24,2,11,20,1,38.4,DREB,36-39,36.5,1,-3,0,0,2,1,1,0,116.5,114.4,0
0022300207,2023-24,3,11,20,1,36.2,MADE_BASKET,36-39,28.8,1,-1,2,0,2,1,1,0,116.5,114.4,2
0022300208,2023-24,2,3,25,1,31.3,MADE_BASKET,30-33,8.3,0,12,2,3,1,1,0,0,119.7,113.3,-1
0022300208,2023-24,3,3,25,1,36.7,DREB,36-39,20.3,0,13,2,2,1,1,0,0,119.7,113.3,0
0022300209,2023-24,2,25,3,1,35.9,DREB,33-36,20.8,0,24,0,0,1,1,0,0,111.5,118.2,0
0022300209,2023-24,3,3,25,0,34.0,DREB,33-36,26.2,0,-31,0,0,1,1,0,0,119.7,113.3,0
0022300210,2023-24,1,9,13,1,36.3,LIVE_TOV,36-39,29.9,1,-12,2,3,2,1,1,0,117.4,106.5,-1
0022300210,2023-24,2,13,9,0,42.5,MADE_BASKET,42-45,25.4,0,19,2,0,1,1,0,0,109.3,117.2,2
0022300210,2023-24,3,13,9,0,37.3,LIVE_TOV,36-39,32.1,1,14,4,0,2,1,1,0,109.3,117.2,4
0022300211,2023-24,1,23,3,1,40.2,DREB,39-42,35.2,1,-2,2,0,2,1,1,0,111.8,118.2,2
0022300211,2023-24,2,3,23,0,41.6,LIVE_TOV,39-42,34.6,1,2,2,0,2,1,1,0,119.7,117.6,2
0022300211,2023-24,3,3,23,0,41.9,DREB,39-42,26.9,0,10,2,0,2,1,1,0,119.7,117.6,2
0022300212,2023-24,1,2,20,0,31.5,DREB,30-33,29.6,1,-3,0,0,2,1,1,0,120.1,114.4,0
0022300212,2023-24,2,2,20,0,31.4,DEAD_BALL,30-33,28.7,1,5,0,2,1,1,0,0,120.1,114.4,-2
0022300212,2023-24,3,20,2,1,39.0,DREB,39-42,37.4,1,1,5,3,2,2,1,1,128.8,117.3,2
0022300213,2023-24,1,25,9,1,37.9,DREB,36-39,16.9,0,7,2,0,1,1,0,0,111.5,117.2,2
0022300213,2023-24,2,25,9,1,38.3,MADE_BASKET,36-39,28.4,1,8,0,0,1,1,0,0,111.5,117.2,0
0022300213,2023-24,3,9,25,0,31.9,LIVE_TOV,30-33,28.9,1,1,3,0,1,1,0,0,117.4,113.3,3
0022300214,2023-24,2,13,22,0,39.8,MADE_BASKET,39-42,16.8,0,-5,2,0,1,1,0,0,109.3,117.9,2
0022300214,2023-24,3,13,22,0,42.5,LIVE_TOV,42-45,35.3,1,-6,2,0,2,2,1,1,109.3,117.9,2
0022300215,2023-24,1,16,4,1,31.9,MADE_BASKET,30-33,19.6,0,-8,2,2,2,1,1,0,117.4,119.6,0
0022300215,2023-24,2,16,4,1,44.9,DREB,42-45,43.2,1,-4,2,0,3,2,1,1,117.4,119.6,2
0022300215,2023-24,3,16,4,1,44.2,MADE_BASKET,42-45,30.0,1,-4,2,2,2,1,1,0,117.4,119.6,0
0022300216,2023-24,2,6,23,1,39.3,MADE_BASKET,39-42,32.7,1,-11,2,0,1,1,0,0,116.7,117.6,2
0022300216,2023-24,3,23,6,0,35.1,DREB,33-36,26.6,0,18,2,0,1,1,0,0,111.8,112.1,2
0022300217,2023-24,2,15,6,1,30.8,DREB,30-33,9.4,0,17,2,0,1,1,0,0,116.5,112.1,2
0022300217,2023-24,3,6,15,0,44.5,MADE_BASKET,42-45,33.9,1,-18,3,0,2,1,1,0,116.7,111.0,3
0022300218,2023-24,1,15,11,0,33.9,MADE_BASKET,33-36,8.8,0,0,4,2,2,1,1,0,116.5,121.8,2
0022300218,2023-24,2,11,15,1,36.3,MADE_BASKET,36-39,31.3,1,-7,4,0,2,1,1,0,116.5,111.0,4
0022300218,2023-24,3,11,15,1,38.8,DREB,36-39,22.1,0,2,0,0,1,1,0,0,116.5,111.0,0
0022300219,2023-24,2,12,14,1,41.6,MADE_BASKET,39-42,36.3,1,-6,0,0,2,1,1,0,111.3,118.6,0
0022300219,2023-24,3,12,14,1,42.6,MADE_BASKET,42-45,33.3,1,-16,5,0,2,1,1,0,111.3,118.6,5
0022300220,2023-24,1,15,4,1,41.5,MADE_BASKET,39-42,24.1,0,-3,2,0,1,1,0,0,116.5,119.6,2
0022300220,2023-24,2,4,15,0,35.5,LIVE_TOV,33-36,33.3,1,1,3,0,2,1,1,0,120.4,111.0,3
0022300220,2023-24,3,15,4,1,36.7,MADE_BASKET,36-39,33.8,1,-2,4,0,2,2,1,1,116.5,119.6,4
0022300221,2023-24,1,8,7,1,42.3,DREB,42-45,30.3,1,10,0,2,2,1,1,0,114.4,117.4,-2
0022300221,2023-24,2,7,8,0,37.5,MADE_BASKET,36-39,29.2,1,-6,2,1,2,1,1,0,112.0,113.6,1
0022300222,2023-24,1,10,1,1,43.8,DREB,42-45,31.7,1,-5,0,0,2,1,1,0,118.9,119.1,0
0022300222,2023-24,2,1,10,0,36.2,DREB,36-39,26.4,0,4,6,0,2,1,1,0,111.0,111.7,6
0022300222,2023-24,3,10,1,1,31.6,DEAD_BALL,30-33,29.9,1,-14,5,0,2,2,1,1,118.9,119.1,5
0022300223,2023-24,1,25,1,0,44.1,DREB,42-45,37.6,1,9,4,1,2,2,1,1,111.5,119.1,3
0022300223,2023-24,2,25,1,0,37.5,MADE_BASKET,36-39,27.9,0,18,2,0,1,1,0,0,111.5,119.1,2
0022300223,2023-24,3,1,25,1,39.9,MADE_BASKET,39-42,28.5,1,-23,2,2,2,1,1,0,111.0,113.3,0
0022300224,2023-24,1,11,28,0,43.4,DREB,42-45,33.5,1,9,2,0,2,1,1,0,116.5,117.7,2
0022300224,2023-24,2,28,11,1,36.0,MADE_BASKET,36-39,32.7,1,-10,0,0,2,1,1,0,114.5,121.8,0
0022300224,2023-24,3,28,11,1,44.9,DREB,42-45,33.5,1,-10,0,0,2,2,1,1,114.5,121.8,0
0022300225,2023-24,1,10,21,0,44.5,MADE_BASKET,42-45,30.0,1,1,2,2,2,1,1,0,118.9,107.4,0
0022300225,2023-24,2,21,10,1,35.2,MADE_BASKET,33-36,18.6,0,-7,2,0,1,1,0,0,126.6,111.7,2
0022300225,2023-24,3,21,10,1,30.1,DREB,30-33,10.4,0,1,2,3,1,1,0,0,126.6,111.7,-1
0022300226,2023-24,2,29,30,0,31.3,MADE_BASKET,30-33,10.1,0,3,2,3,1,1,0,0,120.6,112.2,-1
0022300226,2023-24,3,30,29,1,37.4,MADE_BASKET,36-39,21.3,0,-2,2,2,2,1,1,0,109.8,118.5,0
0022300227,2023-24,1,15,4,0,31.5,DREB,30-33,18.1,0,0,3,0,1,1,0,0,116.5,119.6,3
0022300227,2023-24,2,4,15,1,40.3,MADE_BASKET,39-42,35.7,1,-13,3,2,2,2,1,1,120.4,111.0,1
0022300227,2023-24,3,15,4,0,38.4,DREB,36-39,36.3,1,11,4,0,2,2,1,1,116.5,119.6,4
0022300228,2023-24,1,22,8,1,31.1,DREB,30-33,10.9,0,8,2,2,1,1,0,0,115.8,113.6,0
0022300228,2023-24,2,22,8,1,30.7,DEAD_BALL,30-33,16.8,0,1,2,0,1,1,0,0,115.8,113.6,2
0022300228,2023-24,3,22,8,1,36.9,MADE_BASKET,36-39,12.0,0,2,2,0,1,1,0,0,115.8,113.6,2
0022300229,2023-24,1,6,11,1,44.7,MADE_BASKET,42-45,36.9,1,4,0,0,1,1,0,0,116.7,121.8,0
0022300229,2023-24,2,6,11,1,42.7,DREB,42-45,34.5,1,4,5,2,2,1,1,0,116.7,121.8,3
0022300229,2023-24,3,6,11,1,41.9,MADE_BASKET,39-42,23.6,0,13,0,0,1,1,0,0,116.7,121.8,0
0022300230,2023-24,2,18,28,0,31.3,MADE_BASKET,30-33,8.4,0,6,2,2,1,1,0,0,114.7,117.7,0
0022300230,2023-24,3,18,28,0,38.5,MADE_BASKET,36-39,31.4,1,2,0,2,2,1,1,0,114.7,117.7,-2
0022300231,2023-24,1,2,14,1,41.4,LIVE_TOV,39-42,33.3,1,-6,3,2,2,1,1,0,120.1,118.6,1
0022300231,2023-24,3,2,14,1,41.5,DEAD_BALL,39-42,29.3,1,2,0,3,1,1,0,0,120.1,118.6,-3
0022300232,2023-24,1,23,22,0,39.5,MADE_BASKET,39-42,29.5,1,2,6,0,2,1,1,0,111.8,117.9,6
0022300232,2023-24,2,23,22,0,33.9,DREB,33-36,13.7,0,8,0,0,1,1,0,0,111.8,117.9,0
0022300232,2023-24,3,23,22,0,40.9,DEAD_BALL,39-42,32.1,1,15,2,2,2,1,1,0,111.8,117.9,0
0022300233,2023-24,1,28,2,1,44.3,DREB,42-45,36.1,1,8,4,2,2,2,1,1,114.5,117.3,2
0022300233,2023-24,2,2,28,0,37.8,MADE_BASKET,36-39,29.1,1,-20,0,2,2,1,1,0,120.1,117.7,-2
0022300233,2023-24,3,2,28,0,30.5,MADE_BASKET,30-33,11.4,0,-35,0,0,1,1,0,0,120.1,117.7,0
0022300234,2023-24,1,20,14,1,40.8,DREB,39-42,29.5,1,1,4,2,2,1,1,0,128.8,118.6,2
0022300234,2023-24,2,14,20,0,32.3,DEAD_BALL,30-33,19.5,0,-1,2,0,2,1,1,0,118.7,114.4,2
0022300235,2023-24,1,17,19,1,34.9,MADE_BASKET,33-36,17.3,0,-6,3,3,2,1,1,0,121.4,111.1,0
0022300235,2023-24,2,19,17,0,37.5,DREB,36-39,34.4,1,1,3,0,2,2,1,1,127.8,115.7,3
0022300235,2023-24,3,17,19,1,40.6,DREB,39-42,23.7,0,2,0,0,1,1,0,0,121.4,111.1,0
0022300236,2023-24,1,27,10,0,38.4,MADE_BASKET,36-39,17.8,0,-8,2,2,1,1,0,0,114.9,111.7,0
0022300236,2023-24,2,10,27,1,44.3,DREB,42-45,29.9,1,7,0,0,1,1,0,0,118.9,120.5,0
0022300236,2023-24,3,10,27,1,41.1,MADE_BASKET,39-42,23.4,0,2,0,0,1,1,0,0,118.9,120.5,0
0022300237,2023-24,1,14,17,0,33.0,MADE_BASKET,33-36,9.4,0,0,0,2,1,1,0,0,118.7,115.7,-2
0022300237,2023-24,2,14,17,0,38.4,DREB,36-39,36.6,1,-2,2,2,2,1,1,0,118.7,115.7,0
0022300237,2023-24,3,14,17,0,38.8,DREB,36-39,31.7,1,-3,2,0,2,2,1,1,118.7,115.7,2
0022300238,2023-24,1,30,12,0,40.2,MADE_BASKET,39-42,32.1,1,-1,2,0,2,1,1,0,109.8,117.4,2
0022300238,2023-24,2,30,12,0,43.6,DEAD_BALL,42-45,32.8,1,-2,2,2,2,1,1,0,109.8,117.4,0
0022300238,2023-24,3,12,30,1,43.4,LIVE_TOV,42-45,31.0,1,6,2,2,2,1,1,0,111.3,112.2,0
0022300239,2023-24,1,10,4,1,41.0,DREB,39-42,34.9,1,5,2,2,2,2,1,1,118.9,119.6,0
0022300239,2023-24,2,10,4,1,34.0,LIVE_TOV,33-36,31.9,1,11,0,2,2,2,1,1,118.9,119.6,-2
0022300240,2023-24,2,27,18,0,31.8,DEAD_BALL,30-33,18.1,0,-28,0,0,1,1,0,0,114.9,114.0,0
0022300240,2023-24,3,18,27,1,33.5,MADE_BASKET,33-36,29.6,1,29,2,1,2,1,1,0,114.7,120.5,1
0022300241,2023-24,1,23,9,0,36.0,MADE_BASKET,36-39,31.9,1,0,0,0,2,2,1,1,111.8,117.2,0
0022300241,2023-24,2,23,9,0,36.1,MADE_BASKET,36-39,19.5,0,2,2,0,1,1,0,0,111.8,117.2,2
0022300241,2023-24,3,9,23,1,38.8,DREB,36-39,24.0,0,0,0,0,1,1,0,0,117.4,117.6,0
0022300242,2023-24,1,10,11,1,42.7,MADE_BASKET,42-45,29.4,1,-2,2,2,2,1,1,0,118.9,121.8,0
0022300242,2023-24,2,10,11,1,37.7,MADE_BASKET,36-39,32.4,1,12,3,0,2,1,1,0,118.9,121.8,3
0022300242,2023-24,3,11,10,0,42.9,DREB,42-45,27.9,0,-23,0,0,1,1,0,0,116.5,111.7,0
0022300243,2023-24,1,20,9,1,30.0,MADE_BASKET,30-33,17.3,0,4,2,0,1,1,0,0,128.8,117.2,2
0022300243,2023-24,2,9,20,0,44.1,MADE_BASKET,42-45,33.0,1,-9,5,0,2,2,1,1,117.4,114.4,5
0022300243,2023-24,3,9,20,0,30.4,MADE_BASKET,30-33,8.7,0,5,0,0,2,1,1,0,117.4,114.4,0
0022300244,2023-24,1,16,20,0,39.0,MADE_BASKET,39-42,21.3,0,6,2,1,1,1,0,0,117.4,114.4,1
0022300244,2023-24,2,16,20,0,44.3,LIVE_TOV,42-45,31.2,1,13,2,1,2,1,1,0,117.4,114.4,1
0022300244,2023-24,3,16,20,0,40.0,DEAD_BALL,39-42,35.1,1,17,5,2,2,2,1,1,117.4,114.4,3
0022300245,2023-24,1,7,25,1,35.5,MADE_BASKET,33-36,27.6,0,-5,2,0,2,1,1,0,112.0,113.3,2
0022300245,2023-24,2,25,7,0,32.3,DREB,30-33,15.8,0,-3,3,0,1,1,0,0,111.5,117.4,3
0022300245,2023-24,3,25,7,0,32.6,DREB,30-33,18.5,0,14,0,0,1,1,0,0,111.5,117.4,0
0022300246,2023-24,1,30,13,1,42.4,DREB,42-45,34.9,1,-4,4,4,2,2,1,1,109.8,106.5,0
0022300246,2023-24,3,30,13,1,44.4,DREB,42-45,34.5,1,-12,3,0,2,1,1,0,109.8,106.5,3
0022300247,2023-24,1,21,22,0,43.1,LIVE_TOV,42-45,29.2,1,2,2,3,2,1,1,0,126.6,117.9,-1
0022300247,2023-24,2,21,22,0,33.8,DEAD_BALL,33-36,32.2,1,-1,2,2,2,2,1,1,126.6,117.9,0
0022300247,2023-24,3,21,22,0,36.5,DREB,36-39,28.3,1,4,0,0,2,1,1,0,126.6,117.9,0
0022300248,2023-24,3,2,6,1,44.2,MADE_BASKET,42-45,34.1,1,-17,0,2,2,1,1,0,120.1,112.1,-2
0022300249,2023-24,1,29,6,1,40.2,MADE_BASKET,39-42,37.0,1,3,2,2,2,2,1,1,120.6,112.1,0
0022300249,2023-24,2,6,29,0,35.2,MADE_BASKET,33-36,28.7,1,-10,0,0,1,1,0,0,116.7,118.5,0
0022300249,2023-24,3,6,29,0,33.8,DREB,33-36,28.6,1,-13,0,0,2,1,1,0,116.7,118.5,0
0022300250,2023-24,1,13,26,1,34.9,MADE_BASKET,33-36,31.3,1,5,0,0,1,1,0,0,109.3,118.8,0
0022300250,2023-24,2,13,26,1,33.5,DEAD_BALL,33-36,23.6,0,11,2,0,1,1,0,0,109.3,118.8,2
0022300250,2023-24,3,26,13,0,32.7,MADE_BASKET,30-33,12.1,0,-16,2,2,2,1,1,0,113.9,106.5,0
0022300251,2023-24,1,20,7,0,36.2,MADE_BASKET,36-39,20.0,0,1,0,3,1,1,0,0,128.8,117.4,-3
0022300251,2023-24,2,20,7,0,37.4,MADE_BASKET,36-39,32.3,1,-10,4,2,2,2,1,1,128.8,117.4,2
0022300251,2023-24,3,7,20,1,42.7,DREB,42-45,38.3,1,7,3,2,3,2,1,1,112.0,114.4,1
0022300252,2023-24,1,19,18,0,33.9,MADE_BASKET,33-36,16.5,0,-7,2,0,1,1,0,0,127.8,114.0,2
0022300252,2023-24,2,18,19,1,41.8,DREB,39-42,35.1,1,11,2,6,2,2,1,1,114.7,111.1,-4
0022300253,2023-24,1,21,12,1,36.8,LIVE_TOV,36-39,28.3,1,9,0,0,2,1,1,0,126.6,117.4,0
0022300253,2023-24,2,12,21,0,42.9,MADE_BASKET,42-45,34.5,1,-17,2,2,2,1,1,0,111.3,107.4,0
0022300253,2023-24,3,12,21,0,30.3,MADE_BASKET,30-33,7.8,0,-19,0,3,1,1,0,0,111.3,107.4,-3
0022300254,2023-24,1,25,21,0,37.3,DREB,36-39,30.2,1,-4,3,0,2,1,1,0,111.5,107.4,3
0022300254,2023-24,2,21,25,1,40.0,MADE_BASKET,39-42,20.9,0,-3,2,0,1,1,0,0,126.6,113.3,2
0022300254,2023-24,3,21,25,1,32.7,MADE_BASKET,30-33,7.8,0,-2,2,2,1,1,0,0,126.6,113.3,0
0022300255,2023-24,1,1,13,0,32.7,LIVE_TOV,30-33,30.3,1,-1,0,0,2,1,1,0,111.0,106.5,0
0022300255,2023-24,2,13,1,1,44.6,MADE_BASKET,42-45,34.6,1,1,3,0,2,1,1,0,109.3,119.1,3
0022300255,2023-24,3,13,1,1,31.4,MADE_BASKET,30-33,10.0,0,-4,0,2,2,1,1,0,109.3,119.1,-2
0022300256,2023-24,1,21,17,0,41.9,MADE_BASKET,39-42,34.4,1,1,4,2,2,1,1,0,126.6,115.7,2
0022300256,2023-24,2,17,21,1,38.9,MADE_BASKET,36-39,34.6,1,1,3,2,2,2,1,1,121.4,107.4,1
0022300257,2023-24,1,19,17,1,37.6,MADE_BASKET,36-39,19.5,0,-5,2,3,1,1,0,0,127.8,115.7,-1
0022300257,2023-24,2,17,19,0,43.2,DREB,42-45,37.3,1,6,5,3,2,1,1,0,121.4,111.1,2
0022300257,2023-24,3,19,17,1,33.5,LIVE_TOV,33-36,31.8,1,-15,0,0,2,1,1,0,127.8,115.7,0
0022300258,2023-24,1,12,7,0,36.0,DREB,36-39,28.6,1,-3,0,0,1,1,0,0,111.3,117.4,0
0022300258,2023-24,3,7,12,1,43.9,DREB,42-45,31.1,1,-6,3,2,2,1,1,0,112.0,117.4,1
0022300259,2023-24,2,15,11,1,39.2,DREB,39-42,33.1,1,1,6,5,3,2,1,1,116.5,121.8,1
0022300259,2023-24,3,11,15,0,35.8,MADE_BASKET,33-36,29.0,1,-1,0,3,1,1,0,0,116.5,111.0,-3
0022300260,2023-24,1,29,5,0,42.7,DEAD_BALL,42-45,31.9,1,12,5,2,2,1,1,0,120.6,120.6,3
0022300260,2023-24,2,5,29,1,39.7,MADE_BASKET,39-42,24.4,0,-24,2,0,1,1,0,0,112.8,118.5,2
0022300260,2023-24,3,5,29,1,43.2,DREB,42-45,33.7,1,-23,3,1,2,1,1,0,112.8,118.5,2
0022300261,2023-24,1,10,8,1,34.4,MADE_BASKET,33-36,31.3,1,6,3,4,1,1,0,0,118.9,113.6,-1
0022300261,2023-24,2,10,8,1,41.8,DREB,39-42,33.5,1,-1,0,3,2,2,1,1,118.9,113.6,-3
0022300262,2023-24,1,28,12,1,40.0,DREB,39-42,36.7,1,-7,0,2,2,1,1,0,114.5,117.4,-2
0022300262,2023-24,2,12,28,0,40.0,DREB,39-42,20.8,0,10,2,3,1,1,0,0,111.3,117.7,-1
0022300262,2023-24,3,12,28,0,45.0,DEAD_BALL,42-45,28.8,1,2,2,0,2,1,1,0,111.3,117.7,2
0022300263,2023-24,1,24,8,0,40.5,MADE_BASKET,39-42,31.4,1,14,2,0,2,1,1,0,119.6,113.6,2
0022300263,2023-24,2,8,24,1,36.8,MADE_BASKET,36-39,31.8,1,-13,2,5,2,2,1,1,114.4,109.7,-3
0022300263,2023-24,3,8,24,1,36.9,DREB,36-39,28.7,1,-13,3,2,2,1,1,0,114.4,109.7,1
0022300264,2023-24,2,6,2,1,43.2,DREB,42-45,33.8,1,-4,3,1,2,1,1,0,116.7,117.3,2
0022300264,2023-24,3,6,2,1,38.8,DREB,36-39,29.2,1,4,0,1,2,1,1,0,116.7,117.3,-1
0022300265,2023-24,2,30,5,0,40.3,DREB,39-42,32.1,1,-10,3,2,2,2,1,1,109.8,120.6,1
0022300265,2023-24,3,30,5,0,40.4,DREB,39-42,30.4,1,-17,1,0,2,1,1,0,109.8,120.6,1
0022300266,2023-24,1,18,16,1,37.2,DEAD_BALL,36-39,31.5,1,-7,0,0,2,1,1,0,114.7,113.3,0
0022300266,2023-24,2,18,16,1,43.4,MADE_BASKET,42-45,28.6,1,-1,3,0,2,1,1,0,114.7,113.3,3
0022300266,2023-24,3,18,16,1,42.2,MADE_BASKET,42-45,34.0,1,5,6,2,2,2,1,1,114.7,113.3,4
0022300267,2023-24,1,1,18,1,34.9,MADE_BASKET,33-36,28.6,1,-2,3,0,2,1,1,0,111.0,114.0,3
0022300267,2023-24,2,1,18,1,38.4,DEAD_BALL,36-39,36.5,1,5,5,0,2,1,1,0,111.0,114.0,5
0022300267,2023-24,3,18,1,0,34.4,MADE_BASKET,33-36,16.1,0,-10,0,0,1,1,0,0,114.7,119.1,0
0022300268,2023-24,1,10,11,0,33.3,DEAD_BALL,33-36,31.0,1,3,0,0,2,1,1,0,118.9,121.8,0
0022300268,2023-24,2,10,11,0,37.9,DREB,36-39,32.3,1,12,2,5,2,2,1,1,118.9,121.8,-3
0022300268,2023-24,3,10,11,0,38.9,DREB,36-39,24.4,0,12,0,2,2,1,1,0,118.9,121.8,-2
0022300269,2023-24,1,19,20,0,31.4,DREB,30-33,19.9,0,1,0,2,1,1,0,0,127.8,114.4,-2
0022300269,2023-24,2,19,20,0,39.4,DREB,39-42,30.3,1,15,1,2,2,1,1,0,127.8,114.4,-1
0022300269,2023-24,3,19,20,0,39.5,MADE_BASKET,39-42,30.9,1,8,3,2,2,1,1,0,127.8,114.4,1
0022300270,2023-24,1,4,2,1,35.1,MADE_BASKET,33-36,9.3,0,-6,0,2,2,1,1,0,120.4,117.3,-2
0022300270,2023-24,2,4,2,1,42.7,DREB,42-45,31.6,1,0,2,0,2,2,1,1,120.4,117.3,2
0022300270,2023-24,3,4,2,1,41.2,DREB,39-42,31.6,1,0,0,1,2,1,1,0,120.4,117.3,-1
0022300271,2023-24,1,20,24,0,43.1,DREB,42-45,30.9,1,1,4,0,2,1,1,0,128.8,109.7,4
0022300272,2023-24,1,22,10,1,40.3,DREB,39-42,31.1,1,-4,6,0,2,2,1,1,115.8,111.7,6
0022300272,2023-24,2,10,22,0,30.9,DREB,30-33,11.1,0,-4,2,0,1,1,0,0,118.9,117.9,2
0022300272,2023-24,3,10,22,0,37.3,DREB,36-39,22.5,0,-3,2,3,1,1,0,0,118.9,117.9,-1
0022300273,2023-24,1,17,5,1,33.3,LIVE_TOV,33-36,31.4,1,6,0,0,2,1,1,0,121.4,120.6,0
0022300273,2023-24,2,5,17,0,31.6,DREB,30-33,19.4,0,-6,3,0,1,1,0,0,112.8,115.7,3
0022300273,2023-24,3,17,5,1,34.3,MADE_BASKET,33-36,19.4,0,5,0,2,1,1,0,0,121.4,120.6,-2
0022300274,2023-24,3,11,7,1,41.8,LIVE_TOV,39-42,32.5,1,-3,0,2,2,1,1,0,116.5,117.4,-2
0022300275,2023-24,1,8,3,0,35.0,DREB,33-36,24.6,0,4,2,0,2,1,1,0,114.4,118.2,2
0022300275,2023-24,2,3,8,1,43.7,DREB,42-45,32.4,1,-11,6,0,2,2,1,1,119.7,113.6,6
0022300275,2023-24,3,3,8,1,35.5,DREB,33-36,25.8,0,-2,0,0,1,1,0,0,119.7,113.6,0
0022300276,2023-24,1,10,29,1,43.5,MADE_BASKET,42-45,26.2,0,1,2,0,2,1,1,0,118.9,118.5,2
0022300276,2023-24,2,29,10,0,38.6,MADE_BASKET,36-39,31.1,1,-13,0,2,2,1,1,0,120.6,111.7,-2
0022300276,2023-24,3,10,29,1,43.9,DEAD_BALL,42-45,39.6,1,17,2,0,2,1,1,0,118.9,118.5,2
0022300277,2023-24,1,11,4,0,42.4,MADE_BASKET,42-45,29.2,1,-10,2,0,2,1,1,0,116.5,119.6,2
0022300277,2023-24,2,4,11,1,41.2,DEAD_BALL,39-42,26.4,0,19,5,0,1,1,0,0,120.4,121.8,5
0022300278,2023-24,1,20,11,1,42.2,LIVE_TOV,42-45,33.1,1,-5,2,2,2,1,1,0,128.8,121.8,0
0022300278,2023-24,2,20,11,1,32.4,MADE_BASKET,30-33,10.2,0,-3,2,0,1,0,0,0,128.8,121.8,2
0022300278,2023-24,3,11,20,0,33.9,DREB,33-36,12.9,0,13,2,0,1,1,0,0,116.5,114.4,2
0022300279,2023-24,1,24,5,0,39.8,MADE_BASKET,39-42,30.1,1,-3,3,0,2,1,1,0,119.6,120.6,3
0022300279,2023-24,2,24,5,0,38.6,MADE_BASKET,36-39,34.5,1,13,6,2,2,1,1,0,119.6,120.6,4
0022300279,2023-24,3,24,5,0,42.0,DREB,42-45,28.8,1,6,0,0,2,1,1,0,119.6,120.6,0
0022300280,2023-24,1,17,25,0,33.5,MADE_BASKET,33-36,20.8,0,9,3,3,1,1,0,0,121.4,113.3,0
0022300280,2023-24,2,17,25,0,41.6,MADE_BASKET,39-42,29.3,1,13,5,2,2,1,1,0,121.4,113.3,3
0022300280,2023-24,3,17,25,0,32.4,DREB,30-33,25.1,0,18,3,0,2,1,1,0,121.4,113.3,3
0022300281,2023-24,1,2,11,1,45.0,DREB,42-45,30.3,1,13,2,0,1,1,0,0,120.1,121.8,2
0022300281,2023-24,2,11,2,0,38.0,DREB,36-39,29.1,1,-12,3,2,2,1,1,0,116.5,117.3,1
0022300281,2023-24,3,2,11,1,33.2,DREB,33-36,18.5,0,28,5,3,1,1,0,0,120.1,121.8,2
0022300282,2023-24,1,10,5,1,37.7,DREB,36-39,27.1,0,-8,3,2,2,1,1,0,118.9,120.6,1
0022300282,2023-24,3,10,5,1,41.7,MADE_BASKET,39-42,32.1,1,-8,3,0,2,2,1,1,118.9,120.6,3
0022300283,2023-24,1,24,10,0,41.4,MADE_BASKET,39-42,33.6,1,-5,5,0,2,2,1,1,119.6,111.7,5
0022300283,2023-24,2,24,10,0,32.8,MADE_BASKET,30-33,16.7,0,-3,3,0,1,1,0,0,119.6,111.7,3
0022300283,2023-24,3,10,24,1,31.5,MADE_BASKET,30-33,20.4,0,-1,0,3,1,1,0,0,118.9,109.7,-3
0022300284,2023-24,1,24,25,1,37.8,MADE_BASKET,36-39,28.4,1,-4,0,0,2,2,1,1,119.6,113.3,0
0022300284,2023-24,2,24,25,1,32.9,MADE_BASKET,30-33,16.4,0,0,3,0,1,1,0,0,119.6,113.3,3
0022300285,2023-24,1,2,14,0,44.9,DREB,42-45,31.1,1,2,0,0,2,1,1,0,120.1,118.6,0
0022300285,2023-24,3,2,14,0,40.9,DREB,39-42,35.9,1,3,3,2,2,1,1,0,120.1,118.6,1
0022300286,2023-24,1,9,30,1,31.0,MADE_BASKET,30-33,10.3,0,2,2,0,1,1,0,0,117.4,112.2,2
0022300286,2023-24,2,9,30,1,34.5,LIVE_TOV,33-36,29.4,1,3,0,0,1,1,0,0,117.4,112.2,0
0022300286,2023-24,3,9,30,1,44.4,MADE_BASKET,42-45,33.1,1,7,3,0,2,1,1,0,117.4,112.2,3
0022300287,2023-24,1,11,19,1,33.5,DREB,33-36,31.6,1,0,0,3,2,1,1,0,116.5,111.1,-3
0022300287,2023-24,2,11,19,1,44.9,DREB,42-45,32.4,1,3,2,0,2,1,1,0,116.5,111.1,2
0022300287,2023-24,3,11,19,1,37.6,DREB,36-39,34.2,1,4,4,4,2,2,1,1,116.5,111.1,0
0022300288,2023-24,2,18,20,0,44.2,MADE_BASKET,42-45,32.5,1,-15,5,0,2,2,1,1,114.7,114.4,5
0022300288,2023-24,3,18,20,0,41.0,MADE_BASKET,39-42,29.3,1,-28,3,3,1,1,0,0,114.7,114.4,0
0022300289,2023-24,1,15,1,0,35.3,LIVE_TOV,33-36,32.2,1,-2,3,0,2,1,1,0,116.5,119.1,3
0022300289,2023-24,2,15,1,0,34.5,MADE_BASKET,33-36,30.6,1,3,0,0,2,1,1,0,116.5,119.1,0
0022300289,2023-24,3,15,1,0,35.4,DEAD_BALL,33-36,25.5,0,-2,2,0,1,1,0,0,116.5,119.1,2
0022300290,2023-24,1,27,17,1,43.7,MADE_BASKET,42-45,34.9,1,-9,6,3,2,2,1,1,114.9,115.7,3
0022300290,2023-24,2,17,27,0,34.4,LIVE_TOV,33-36,30.3,1,4,2,0,2,1,1,0,121.4,120.5,2
0022300290,2023-24,3,27,17,1,43.3,MADE_BASKET,42-45,28.4,1,-1,5,3,2,1,1,0,114.9,115.7,2
0022300291,2023-24,1,23,26,1,44.9,MADE_BASKET,42-45,29.0,1,-9,3,2,2,1,1,0,111.8,118.8,1
0022300292,2023-24,1,4,3,1,31.6,DREB,30-33,26.6,0,-6,0,0,1,1,0,0,120.4,118.2,0
0022300292,2023-24,2,4,3,1,43.6,MADE_BASKET,42-45,34.0,1,-9,3,2,2,1,1,0,120.4,118.2,1
0022300292,2023-24,3,4,3,1,40.9,DREB,39-42,33.7,1,1,3,0,2,1,1,0,120.4,118.2,3
0022300293,2023-24,1,16,10,0,38.6,DREB,36-39,29.0,1,2,4,2,2,1,1,0,117.4,111.7,2
0022300293,2023-24,2,16,10,0,38.0,MADE_BASKET,36-39,24.4,0,12,2,0,1,1,0,0,117.4,111.7,2
0022300294,2023-24,1,5,28,1,35.6,MADE_BASKET,33-36,28.3,1,-2,2,2,2,1,1,0,112.8,117.7,0
0022300294,2023-24,2,28,5,0,33.8,DREB,33-36,32.1,1,6,5,0,2,1,1,0,114.5,120.6,5
0022300295,2023-24,1,15,25,1,44.4,MADE_BASKET,42-45,31.5,1,-5,2,3,2,2,1,1,116.5,113.3,-1
0022300295,2023-24,2,25,15,0,41.2,DREB,39-42,28.3,1,0,3,2,2,1,1,0,111.5,111.0,1
0022300295,2023-24,3,15,25,1,35.1,MADE_BASKET,33-36,16.2,0,5,2,2,1,1,0,0,116.5,113.3,0
0022300296,2023-24,1,12,28,1,30.4,MADE_BASKET,30-33,9.4,0,-15,0,2,1,1,0,0,111.3,117.7,-2
0022300296,2023-24,2,28,12,0,38.1,LIVE_TOV,36-39,30.3,1,26,5,2,2,1,1,0,114.5,117.4,3
0022300296,2023-24,3,28,12,0,37.4,DREB,36-39,34.9,1,23,2,0,2,1,1,0,114.5,117.4,2
0022300297,2023-24,1,8,20,1,35.3,MADE_BASKET,33-36,13.0,0,5,0,3,1,1,0,0,114.4,114.4,-3
0022300297,2023-24,2,8,20,1,41.2,MADE_BASKET,39-42,37.8,1,-1,2,0,2,2,1,1,114.4,114.4,2
0022300298,2023-24,1,4,18,1,37.3,LIVE_TOV,36-39,24.8,0,-3,2,2,1,1,0,0,120.4,114.0,0
0022300298,2023-24,2,4,18,1,34.1,DREB,33-36,16.6,0,-5,2,0,1,1,0,0,120.4,114.0,2
0022300298,2023-24,3,18,4,0,32.9,LIVE_TOV,30-33,21.3,0,8,0,2,2,1,1,0,114.7,119.6,-2
0022300299,2023-24,1,13,15,0,31.7,MADE_BASKET,30-33,7.6,0,-2,2,0,1,1,0,0,109.3,111.0,2
0022300299,2023-24,2,15,13,1,43.9,MADE_BASKET,42-45,28.1,1,-2,0,3,2,1,1,0,116.5,106.5,-3
0022300299,2023-24,3,13,15,0,34.1,MADE_BASKET,33-36,15.8,0,-3,2,2,1,1,0,0,109.3,111.0,0
0022300300,2023-24,1,25,27,1,32.7,MADE_BASKET,30-33,29.7,1,3,3,0,2,1,1,0,111.5,120.5,3
0022300300,2023-24,2,25,27,1,41.1,DREB,39-42,33.1,1,1,0,0,1,1,0,0,111.5,120.5,0
0022300300,2023-24,3,25,27,1,37.9,MADE_BASKET,36-39,28.8,1,3,3,0,2,1,1,0,111.5,120.5,3
0022300301,2023-24,1,23,13,0,36.0,LIVE_TOV,36-39,29.4,1,0,0,2,2,2,1,1,111.8,106.5,-2
0022300301,2023-24,2,13,23,1,32.0,MADE_BASKET,30-33,15.0,0,2,3,0,1,1,0,0,109.3,117.6,3
0022300301,2023-24,3,13,23,1,40.1,DREB,39-42,29.7,1,13,2,2,1,1,0,0,109.3,117.6,0
0022300302,2023-24,1,24,25,0,32.7,DREB,30-33,30.4,1,2,2,3,2,1,1,0,119.6,113.3,-1
0022300302,2023-24,2,25,24,1,32.4,DREB,30-33,29.1,1,2,2,0,2,2,1,1,111.5,109.7,2
0022300302,2023-24,3,24,25,0,36.6,DREB,36-39,30.1,1,-9,0,4,2,1,1,0,119.6,113.3,-4
0022300303,2023-24,1,10,4,1,41.9,DEAD_BALL,39-42,24.3,0,3,2,0,2,1,1,0,118.9,119.6,2
0022300303,2023-24,2,10,4,1,31.6,DREB,30-33,11.3,0,12,3,0,1,1,0,0,118.9,119.6,3
0022300303,2023-24,3,4,10,0,41.0,DREB,39-42,32.0,1,-19,4,2,2,2,1,1,120.4,111.7,2
0022300304,2023-24,2,30,1,1,36.1,MADE_BASKET,36-39,28.6,1,-15,5,2,2,1,1,0,109.8,119.1,3
0022300304,2023-24,3,30,1,1,36.6,DREB,36-39,25.1,0,-13,2,2,1,1,0,0,109.8,119.1,0
0022300305,2023-24,2,2,29,1,42.0,MADE_BASKET,42-45,30.1,1,-5,4,0,2,1,1,0,120.1,118.5,4
0022300305,2023-24,3,2,29,1,42.1,DREB,42-45,32.7,1,0,2,1,2,1,1,0,120.1,118.5,1
0022300306,2023-24,1,25,21,1,43.4,DREB,42-45,37.5,1,11,6,1,2,2,1,1,111.5,107.4,5
0022300306,2023-24,2,21,25,0,40.5,LIVE_TOV,39-42,34.5,1,-5,2,3,3,2,1,1,126.6,113.3,-1
0022300306,2023-24,3,25,21,1,33.9,MADE_BASKET,33-36,14.5,0,8,0,0,1,1,0,0,111.5,107.4,0
0022300307,2023-24,1,26,22,0,38.3,MADE_BASKET,36-39,30.5,1,1,2,0,1,1,0,0,113.9,117.9,2
0022300307,2023-24,2,26,22,0,37.8,MADE_BASKET,36-39,29.7,1,-3,0,2,2,1,1,0,113.9,117.9,-2
0022300308,2023-24,1,1,27,1,41.0,MADE_BASKET,39-42,32.5,1,1,4,3,2,1,1,0,111.0,120.5,1
0022300308,2023-24,2,27,1,0,32.1,DREB,30-33,21.3,0,-7,2,1,1,1,0,0,114.9,119.1,1
0022300308,2023-24,3,1,27,1,33.5,DREB,33-36,19.0,0,16,2,2,1,1,0,0,111.0,120.5,0
0022300309,2023-24,2,18,29,0,41.2,MADE_BASKET,39-42,35.1,1,-3,2,2,2,2,1,1,114.7,118.5,0
0022300309,2023-24,3,29,18,1,43.7,DREB,42-45,33.5,1,16,3,2,2,2,1,1,120.6,114.0,1
0022300310,2023-24,1,23,18,0,39.3,DEAD_BALL,39-42,25.1,0,-9,2,0,1,1,0,0,111.8,114.0,2
0022300310,2023-24,3,23,18,0,34.3,DREB,33-36,30.2,1,4,2,2,2,1,1,0,111.8,114.0,0
0022300311,2023-24,1,30,22,0,44.9,DREB,42-45,32.7,1,-2,0,0,2,2,1,1,109.8,117.9,0
0022300311,2023-24,2,22,30,1,35.9,MADE_BASKET,33-36,23.4,0,2,4,0,1,1,0,0,115.8,112.2,4
0022300311,2023-24,3,30,22,0,37.2,DEAD_BALL,36-39,21.9,0,4,2,0,1,1,0,0,109.8,117.9,2
0022300312,2023-24,1,28,14,1,38.0,DEAD_BALL,36-39,32.0,1,11,2,0,2,1,1,0,114.5,118.6,2
0022300312,2023-24,2,14,28,0,40.1,DEAD_BALL,39-42,34.3,1,-9,1,3,3,2,1,1,118.7,117.7,-2
0022300312,2023-24,3,28,14,1,33.2,DREB,33-36,20.6,0,12,2,2,1,1,0,0,114.5,118.6,0
0022300313,2023-24,1,9,5,0,43.2,DEAD_BALL,42-45,29.9,1,8,3,0,2,1,1,0,117.4,120.6,3
0022300313,2023-24,2,9,5,0,40.8,MADE_BASKET,39-42,28.5,1,14,2,0,1,1,0,0,117.4,120.6,2
0022300313,2023-24,3,9,5,0,31.8,LIVE_TOV,30-33,22.4,0,27,0,0,1,1,0,0,117.4,120.6,0
0022300314,2023-24,1,18,10,0,34.4,DREB,33-36,29.9,1,7,3,0,2,2,1,1,114.7,111.7,3
0022300314,2023-24,2,18,10,0,34.5,MADE_BASKET,33-36,20.2,0,14,3,2,1,1,0,0,114.7,111.7,1
0022300314,2023-24,3,10,18,1,31.1,MADE_BASKET,30-33,6.6,0,-11,2,0,1,1,0,0,118.9,114.0,2
0022300315,2023-24,1,30,5,0,31.5,DREB,30-33,16.1,0,-8,2,0,1,1,0,0,109.8,120.6,2
0022300316,2023-24,1,19,22,0,42.5,MADE_BASKET,42-45,33.2,1,8,3,0,2,1,1,0,127.8,117.9,3
0022300316,2023-24,3,22,19,1,41.9,DREB,39-42,29.8,1,-16,0,0,2,1,1,0,115.8,111.1,0
0022300317,2023-24,1,23,29,1,33.6,MADE_BASKET,33-36,25.0,0,-3,0,0,1,1,0,0,111.8,118.5,0
0022300317,2023-24,2,23,29,1,34.9,MADE_BASKET,33-36,13.7,0,-8,2,0,1,1,0,0,111.8,118.5,2
0022300317,2023-24,3,23,29,1,36.7,MADE_BASKET,36-39,22.2,0,-13,3,3,1,1,0,0,111.8,118.5,0
0022300318,2023-24,1,4,26,1,41.4,MADE_BASKET,39-42,31.1,1,-1,0,0,2,1,1,0,120.4,118.8,0
0022300318,2023-24,2,26,4,0,37.1,DREB,36-39,32.8,1,5,5,2,2,1,1,0,113.9,119.6,3
0022300318,2023-24,3,26,4,0,31.8,MADE_BASKET,30-33,10.3,0,5,2,0,1,1,0,0,113.9,119.6,2
0022300319,2023-24,1,8,23,1,40.2,DREB,39-42,29.5,1,-1,0,0,1,1,0,0,114.4,117.6,0
0022300319,2023-24,2,8,23,1,37.2,MADE_BASKET,36-39,29.8,1,-7,2,3,2,1,1,0,114.4,117.6,-1
0022300319,2023-24,3,8,23,1,41.6,DREB,39-42,30.0,1,-20,0,3,2,1,1,0,114.4,117.6,-3
0022300320,2023-24,2,19,16,0,44.1,DREB,42-45,32.0,1,0,2,0,2,1,1,0,127.8,113.3,2
0022300320,2023-24,3,16,19,1,31.2,MADE_BASKET,30-33,6.9,0,11,2,0,1,1,0,0,117.4,111.1,2
0022300321,2023-24,1,18,17,1,34.5,MADE_BASKET,33-36,17.1,0,-3,2,3,2,1,1,0,114.7,115.7,-1
0022300321,2023-24,2,17,18,0,41.1,DREB,39-42,31.6,1,0,5,2,2,1,1,0,121.4,114.0,3
0022300321,2023-24,3,18,17,1,44.3,MADE_BASKET,42-45,30.7,1,-6,2,3,2,1,1,0,114.7,115.7,-1
0022300322,2023-24,1,27,5,0,37.7,MADE_BASKET,36-39,16.9,0,-1,2,2,1,1,0,0,114.9,120.6,0
0022300322,2023-24,2,27,5,0,38.9,DREB,36-39,31.9,1,-1,0,2,2,1,1,0,114.9,120.6,-2
0022300322,2023-24,3,27,5,0,33.5,MADE_BASKET,33-36,29.1,1,0,0,3,1,1,0,0,114.9,120.6,-3
0022300323,2023-24,1,5,14,1,43.4,MADE_BASKET,42-45,30.2,1,-2,2,5,2,2,1,1,112.8,118.6,-3
0022300323,2023-24,2,5,14,1,41.1,MADE_BASKET,39-42,30.9,1,-15,2,0,1,1,0,0,112.8,118.6,2
0022300323,2023-24,3,14,5,0,42.6,DREB,42-45,29.0,1,13,2,0,1,1,0,0,118.7,120.6,2
0022300324,2023-24,1,15,27,0,44.3,LIVE_TOV,42-45,32.2,1,9,5,0,2,1,1,0,116.5,120.5,5
0022300324,2023-24,2,15,27,0,37.0,DREB,36-39,17.7,0,24,0,2,2,1,1,0,116.5,120.5,-2
0022300325,2023-24,1,18,11,0,42.6,MADE_BASKET,42-45,36.3,1,-5,0,6,3,2,1,1,114.7,121.8,-6
0022300325,2023-24,3,11,18,1,35.2,MADE_BASKET,33-36,17.6,0,8,2,0,1,1,0,0,116.5,114.0,2
0022300326,2023-24,2,8,16,0,35.3,DREB,33-36,19.1,0,-20,0,0,1,1,0,0,114.4,113.3,0
0022300326,2023-24,3,16,8,1,43.6,MADE_BASKET,42-45,30.5,1,15,2,2,1,1,0,0,117.4,113.6,0
0022300327,2023-24,2,6,20,1,43.0,DEAD_BALL,42-45,35.4,1,2,2,1,2,1,1,0,116.7,114.4,1
0022300327,2023-24,3,6,20,1,36.5,LIVE_TOV,36-39,29.8,1,5,2,1,1,1,0,0,116.7,114.4,1
0022300328,2023-24,1,15,14,0,31.0,MADE_BASKET,30-33,19.3,0,1,0,2,2,1,1,0,116.5,118.6,-2
0022300328,2023-24,3,15,14,0,39.8,MADE_BASKET,39-42,34.9,1,-8,2,2,2,1,1,0,116.5,118.6,0
0022300329,2023-24,1,17,5,0,41.6,MADE_BASKET,39-42,29.6,1,-13,4,0,2,1,1,0,121.4,120.6,4
0022300329,2023-24,2,5,17,1,31.2,DREB,30-33,15.4,0,10,0,0,1,1,0,0,112.8,115.7,0
0022300329,2023-24,3,17,5,0,35.2,MADE_BASKET,33-36,22.4,0,-18,0,3,1,1,0,0,121.4,120.6,-3
0022300330,2023-24,2,10,17,1,32.2,MADE_BASKET,30-33,15.9,0,-5,2,2,2,1,1,0,118.9,115.7,0
0022300330,2023-24,3,17,10,0,40.6,MADE_BASKET,39-42,30.6,1,4,4,3,2,1,1,0,121.4,111.7,1
0022300331,2023-24,1,22,24,0,36.2,MADE_BASKET,36-39,20.1,0,-18,0,2,2,1,1,0,115.8,109.7,-2
0022300331,2023-24,2,24,22,1,30.3,DREB,30-33,8.9,0,32,0,0,1,1,0,0,119.6,117.9,0
0022300331,2023-24,3,24,22,1,34.9,DREB,33-36,20.2,0,27,2,0,1,1,0,0,119.6,117.9,2
0022300332,2023-24,1,25,12,0,33.8,MADE_BASKET,33-36,15.6,0,-4,2,0,1,1,0,0,111.5,117.4,2
0022300332,2023-24,3,12,25,1,43.3,DEAD_BALL,42-45,34.4,1,5,2,0,2,1,1,0,111.3,113.3,2
0022300333,2023-24,1,22,9,0,38.6,MADE_BASKET,36-39,30.2,1,-3,0,3,2,2,1,1,115.8,117.2,-3
0022300333,2023-24,2,22,9,0,41.6,MADE_BASKET,39-42,31.0,1,-8,0,2,2,1,1,0,115.8,117.2,-2
0022300333,2023-24,3,22,9,0,43.1,MADE_BASKET,42-45,35.1,1,-13,3,2,2,1,1,0,115.8,117.2,1
0022300334,2023-24,1,4,14,0,31.5,MADE_BASKET,30-33,11.5,0,-4,0,2,1,1,0,0,120.4,118.6,-2
0022300334,2023-24,2,4,14,0,31.7,MADE_BASKET,30-33,6.9,0,2,0,0,1,1,0,0,120.4,118.6,0
0022300334,2023-24,3,4,14,0,33.1,MADE_BASKET,33-36,29.4,1,10,2,0,1,1,0,0,120.4,118.6,2
0022300335,2023-24,1,16,13,0,31.2,MADE_BASKET,30-33,7.6,0,0,2,0,1,1,0,0,117.4,106.5,2
0022300335,2023-24,2,16,13,0,39.1,DREB,39-42,32.7,1,-4,0,0,1,1,0,0,117.4,106.5,0
0022300335,2023-24,3,16,13,0,34.3,MADE_BASKET,33-36,20.3,0,-8,0,2,1,1,0,0,117.4,106.5,-2
0022300336,2023-24,1,19,23,0,42.2,MADE_BASKET,42-45,37.8,1,4,2,2,2,1,1,0,127.8,117.6,0
0022300336,2023-24,3,23,19,1,41.0,MADE_BASKET,39-42,33.7,1,5,1,2,2,2,1,1,111.8,111.1,-1
0022300337,2023-24,1,29,7,0,37.2,MADE_BASKET,36-39,21.7,0,4,3,0,1,1,0,0,120.6,117.4,3
0022300337,2023-24,2,29,7,0,39.1,DREB,39-42,22.8,0,7,2,2,2,1,1,0,120.6,117.4,0
0022300337,2023-24,3,7,29,1,38.0,DREB,36-39,27.6,0,-9,1,0,2,1,1,0,112.0,118.5,1
0022300338,2023-24,2,10,21,1,42.8,LIVE_TOV,42-45,38.4,1,4,2,3,2,2,1,1,118.9,107.4,-1
0022300338,2023-24,3,21,10,0,34.5,MADE_BASKET,33-36,19.7,0,-8,2,2,1,1,0,0,126.6,111.7,0
0022300339,2023-24,1,14,6,1,45.0,DREB,42-45,29.7,1,9,0,0,1,1,0,0,118.7,112.1,0
0022300339,2023-24,2,14,6,1,32.5,LIVE_TOV,30-33,22.8,0,11,2,0,1,1,0,0,118.7,112.1,2
0022300339,2023-24,3,14,6,1,30.9,MADE_BASKET,30-33,13.9,0,11,0,0,1,1,0,0,118.7,112.1,0
0022300340,2023-24,1,30,1,0,43.6,DREB,42-45,39.7,1,3,0,2,2,2,1,1,109.8,119.1,-2
0022300340,2023-24,2,1,30,1,34.6,MADE_BASKET,33-36,17.1,0,-5,0,0,1,1,0,0,111.0,112.2,0
0022300340,2023-24,3,30,1,0,43.8,LIVE_TOV,42-45,30.2,1,3,0,0,2,1,1,0,109.8,119.1,0
0022300341,2023-24,2,14,4,1,35.8,LIVE_TOV,33-36,31.5,1,0,3,2,2,1,1,0,118.7,119.6,1
0022300341,2023-24,3,14,4,1,32.4,MADE_BASKET,30-33,11.0,0,-1,2,2,1,1,0,0,118.7,119.6,0
0022300342,2023-24,1,20,21,0,39.3,MADE_BASKET,39-42,29.3,1,-10,2,2,2,2,1,1,128.8,107.4,0
0022300342,2023-24,2,20,21,0,34.1,MADE_BASKET,33-36,14.3,0,0,3,3,2,1,1,0,128.8,107.4,0
0022300342,2023-24,3,21,20,1,36.2,MADE_BASKET,36-39,29.8,1,-8,2,2,2,1,1,0,126.6,114.4,0
0022300343,2023-24,1,4,28,1,30.9,DREB,30-33,8.8,0,-1,2,0,1,1,0,0,120.4,117.7,2
0022300343,2023-24,2,28,4,0,36.8,MADE_BASKET,36-39,14.9,0,-2,0,0,1,1,0,0,114.5,119.6,0
0022300343,2023-24,3,28,4,0,35.0,DREB,33-36,30.6,1,-13,0,0,2,1,1,0,114.5,119.6,0
0022300344,2023-24,1,5,14,0,41.5,DREB,39-42,30.1,1,-1,0,3,2,1,1,0,112.8,118.6,-3
0022300344,2023-24,2,5,14,0,30.5,DREB,30-33,13.2,0,-12,0,0,1,1,0,0,112.8,118.6,0
0022300344,2023-24,3,5,14,0,34.3,MADE_BASKET,33-36,14.4,0,-18,2,0,1,1,0,0,112.8,118.6,2
0022300345,2023-24,2,15,28,0,32.7,MADE_BASKET,30-33,14.7,0,-19,0,0,1,1,0,0,116.5,117.7,0
0022300345,2023-24,3,28,15,1,35.3,DREB,33-36,30.6,1,31,5,0,2,1,1,0,114.5,111.0,5
0022300346,2023-24,2,16,29,1,33.3,DREB,33-36,23.9,0,10,2,2,1,1,0,0,117.4,118.5,0
0022300346,2023-24,3,29,16,0,39.3,MADE_BASKET,39-42,33.5,1,-16,2,0,2,1,1,0,120.6,113.3,2
0022300347,2023-24,1,1,11,1,36.3,MADE_BASKET,36-39,16.7,0,-14,0,3,2,1,1,0,111.0,121.8,-3
0022300347,2023-24,2,11,1,0,42.9,MADE_BASKET,42-45,30.8,1,13,2,3,2,1,1,0,116.5,119.1,-1
0022300347,2023-24,3,1,11,1,44.6,DEAD_BALL,42-45,28.0,1,-20,3,3,2,1,1,0,111.0,121.8,0
0022300348,2023-24,1,25,23,0,31.6,MADE_BASKET,30-33,7.3,0,-16,2,0,2,1,1,0,111.5,117.6,2
0022300348,2023-24,2,25,23,0,30.6,MADE_BASKET,30-33,8.2,0,-15,2,0,1,0,0,0,111.5,117.6,2
0022300349,2023-24,1,27,15,0,33.7,MADE_BASKET,33-36,14.4,0,-6,0,2,1,1,0,0,114.9,111.0,-2
0022300349,2023-24,2,15,27,1,36.2,DEAD_BALL,36-39,33.8,1,17,0,0,2,2,1,1,116.5,120.5,0
0022300349,2023-24,3,27,15,0,43.2,MADE_BASKET,42-45,31.8,1,-17,3,0,2,1,1,0,114.9,111.0,3
0022300350,2023-24,2,2,20,1,44.8,MADE_BASKET,42-45,34.1,1,-2,0,2,2,1,1,0,120.1,114.4,-2
0022300350,2023-24,3,2,20,1,32.3,MADE_BASKET,30-33,14.9,0,-10,2,0,1,1,0,0,120.1,114.4,2
0022300351,2023-24,1,6,10,0,32.0,MADE_BASKET,30-33,24.7,0,4,0,0,1,1,0,0,116.7,111.7,0
0022300351,2023-24,2,10,6,1,43.7,MADE_BASKET,42-45,31.7,1,-10,0,2,2,1,1,0,118.9,112.1,-2
0022300351,2023-24,3,10,6,1,42.7,MADE_BASKET,42-45,31.1,1,-19,0,3,2,1,1,0,118.9,112.1,-3
0022300352,2023-24,1,26,16,1,31.2,MADE_BASKET,30-33,20.9,0,3,0,0,1,1,0,0,113.9,113.3,0
0022300352,2023-24,2,16,26,0,39.1,MADE_BASKET,39-42,28.8,1,-12,3,0,2,1,1,0,117.4,118.8,3
0022300352,2023-24,3,26,16,1,39.3,MADE_BASKET,39-42,31.1,1,13,0,0,1,1,0,0,113.9,113.3,0
0022300353,2023-24,1,7,4,1,42.8,MADE_BASKET,42-45,38.4,1,-4,2,0,2,2,1,1,112.0,119.6,2
0022300353,2023-24,3,4,7,0,37.7,DREB,36-39,28.6,1,7,0,2,1,1,0,0,120.4,117.4,-2
0022300354,2023-24,1,18,5,1,43.0,LIVE_TOV,42-45,35.1,1,2,0,2,2,1,1,0,114.7,120.6,-2
0022300354,2023-24,2,5,18,0,39.7,DEAD_BALL,39-42,21.9,0,1,0,2,1,1,0,0,112.8,114.0,-2
0022300354,2023-24,3,18,5,1,41.0,MADE_BASKET,39-42,30.6,1,3,3,0,2,1,1,0,114.7,120.6,3
0022300355,2023-24,1,29,19,0,42.6,DREB,42-45,24.4,0,-1,3,2,2,1,1,0,120.6,111.1,1
0022300355,2023-24,2,29,19,0,42.6,DEAD_BALL,42-45,38.2,1,-1,4,2,2,2,1,1,120.6,111.1,2
0022300355,2023-24,3,29,19,0,36.1,MADE_BASKET,36-39,12.8,0,4,2,0,1,1,0,0,120.6,111.1,2
0022300356,2023-24,1,3,7,0,42.7,MADE_BASKET,42-45,23.7,0,-7,0,0,1,1,0,0,119.7,117.4,0
0022300357,2023-24,1,11,22,1,31.2,MADE_BASKET,30-33,20.5,0,-3,0,2,1,1,0,0,116.5,117.9,-2
0022300357,2023-24,3,11,22,1,33.5,DREB,33-36,28.6,1,1,4,0,2,1,1,0,116.5,117.9,4
0022300358,2023-24,1,16,12,1,37.5,MADE_BASKET,36-39,17.2,0,3,0,3,1,1,0,0,117.4,117.4,-3
0022300358,2023-24,2,12,16,0,32.4,MADE_BASKET,30-33,16.7,0,-5,0,2,1,1,0,0,111.3,113.3,-2
0022300358,2023-24,3,16,12,1,41.5,LIVE_TOV,39-42,39.5,1,13,0,0,2,1,1,0,117.4,117.4,0
0022300359,2023-24,1,30,23,1,32.6,DREB,30-33,28.3,1,-5,2,3,2,1,1,0,109.8,117.6,-1
0022300359,2023-24,2,23,30,0,36.2,DEAD_BALL,36-39,26.2,0,10,0,3,2,1,1,0,111.8,112.2,-3
0022300359,2023-24,3,30,23,1,31.1,MADE_BASKET,30-33,18.2,0,5,0,2,2,1,1,0,109.8,117.6,-2
0022300360,2023-24,1,4,15,0,35.8,DEAD_BALL,33-36,17.4,0,2,3,2,1,1,0,0,120.4,111.0,1
0022300360,2023-24,2,4,15,0,41.2,MADE_BASKET,39-42,28.7,1,3,3,2,2,1,1,0,120.4,111.0,1
0022300360,2023-24,3,15,4,1,32.3,MADE_BASKET,30-33,15.2,0,-15,0,2,1,1,0,0,116.5,119.6,-2
0022300361,2023-24,1,2,22,0,42.5,MADE_BASKET,42-45,30.9,1,-7,6,2,2,1,1,0,120.1,117.9,4
0022300361,2023-24,2,22,2,1,31.9,MADE_BASKET,30-33,6.2,0,-3,2,0,1,1,0,0,115.8,117.3,2
0022300361,2023-24,3,2,22,0,32.5,DREB,30-33,12.3,0,-2,0,0,1,0,0,0,120.1,117.9,0
0022300362,2023-24,1,14,2,0,32.3,DREB,30-33,16.0,0,-8,0,2,1,1,0,0,118.7,117.3,-2
0022300362,2023-24,2,2,14,1,43.8,MADE_BASKET,42-45,32.1,1,10,0,0,2,1,1,0,120.1,118.6,0
0022300362,2023-24,3,2,14,1,44.5,MADE_BASKET,42-45,35.4,1,18,0,0,2,1,1,0,120.1,118.6,0
0022300363,2023-24,1,13,27,0,44.7,MADE_BASKET,42-45,32.7,1,0,4,0,2,2,1,1,109.3,120.5,4
0022300363,2023-24,2,13,27,0,33.6,DREB,33-36,30.3,1,-11,0,2,1,1,0,0,109.3,120.5,-2
0022300363,2023-24,3,13,27,0,32.7,DEAD_BALL,30-33,17.7,0,-13,2,3,1,1,0,0,109.3,120.5,-1
0022300364,2023-24,1,27,11,1,34.6,DEAD_BALL,33-36,24.5,0,10,2,0,1,1,0,0,114.9,121.8,2
0022300364,2023-24,3,11,27,0,32.1,DREB,30-33,29.4,1,-10,0,0,2,1,1,0,116.5,120.5,0
0022300365,2023-24,1,2,6,0,37.1,DREB,36-39,13.6,0,-7,2,3,1,1,0,0,120.1,112.1,-1
0022300365,2023-24,2,6,2,1,44.3,DEAD_BALL,42-45,33.3,1,8,0,0,2,1,1,0,116.7,117.3,0
0022300365,2023-24,3,6,2,1,30.8,DREB,30-33,12.7,0,11,2,1,1,1,0,0,116.7,117.3,1
0022300366,2023-24,1,30,8,1,43.2,DREB,42-45,32.4,1,3,0,2,2,1,1,0,109.8,113.6,-2
0022300366,2023-24,2,30,8,1,40.8,DREB,39-42,30.5,1,10,0,3,2,1,1,0,109.8,113.6,-3
0022300366,2023-24,3,8,30,0,32.1,MADE_BASKET,30-33,7.7,0,-14,4,0,1,1,0,0,114.4,112.2,4
0022300367,2023-24,1,7,5,1,43.7,MADE_BASKET,42-45,30.5,1,3,2,2,2,1,1,0,112.0,120.6,0
0022300367,2023-24,2,7,5,1,41.2,MADE_BASKET,39-42,34.1,1,2,3,2,2,2,1,1,112.0,120.6,1
0022300367,2023-24,3,7,5,1,44.8,MADE_BASKET,42-45,28.2,1,2,0,0,2,1,1,0,112.0,120.6,0
0022300368,2023-24,1,14,7,0,32.2,DREB,30-33,17.0,0,-2,0,2,1,1,0,0,118.7,117.4,-2
0022300368,2023-24,2,14,7,0,39.1,MADE_BASKET,39-42,30.3,1,-5,2,0,2,1,1,0,118.7,117.4,2
0022300368,2023-24,3,14,7,0,37.4,MADE_BASKET,36-39,32.5,1,-12,0,0,2,1,1,0,118.7,117.4,0
0022300369,2023-24,1,2,23,1,32.8,MADE_BASKET,30-33,17.5,0,-4,2,0,1,1,0,0,120.1,117.6,2
0022300369,2023-24,2,23,2,0,41.5,MADE_BASKET,39-42,32.3,1,-1,2,2,2,1,1,0,111.8,117.3,0
0022300369,2023-24,3,2,23,1,32.8,DREB,30-33,13.6,0,-9,0,0,1,1,0,0,120.1,117.6,0
0022300370,2023-24,1,12,6,0,31.9,MADE_BASKET,30-33,16.3,0,2,0,0,1,0,0,0,111.3,112.1,0
0022300370,2023-24,2,6,12,1,31.5,MADE_BASKET,30-33,6.7,0,12,0,2,1,1,0,0,116.7,117.4,-2
0022300370,2023-24,3,12,6,0,43.4,LIVE_TOV,42-45,36.7,1,-15,5,3,2,2,1,1,111.3,112.1,2
0022300371,2023-24,1,28,16,0,43.9,DREB,42-45,33.3,1,-2,3,2,2,1,1,0,114.5,113.3,1
0022300371,2023-24,2,16,28,1,43.6,MADE_BASKET,42-45,35.9,1,3,2,0,2,1,1,0,117.4,117.7,2
0022300371,2023-24,3,16,28,1,32.2,MADE_BASKET,30-33,19.1,0,5,3,0,1,1,0,0,117.4,117.7,3
0022300372,2023-24,1,12,11,0,36.7,DREB,36-39,19.6,0,-8,0,2,2,1,1,0,111.3,121.8,-2
0022300372,2023-24,2,11,12,1,36.2,LIVE_TOV,36-39,33.3,1,11,2,2,2,1,1,0,116.5,117.4,0
0022300372,2023-24,3,11,12,1,43.4,MADE_BASKET,42-45,31.9,1,-1,0,0,2,1,1,0,116.5,117.4,0
0022300373,2023-24,1,9,30,1,40.1,MADE_BASKET,39-42,34.7,1,1,0,0,2,1,1,0,117.4,112.2,0
0022300373,2023-24,2,30,9,0,41.1,MADE_BASKET,39-42,31.7,1,4,0,0,2,1,1,0,109.8,117.2,0
0022300373,2023-24,3,9,30,1,30.6,DREB,30-33,9.5,0,1,2,0,1,1,0,0,117.4,112.2,2
0022300374,2023-24,1,11,19,0,33.1,MADE_BASKET,33-36,16.3,0,-3,3,0,1,1,0,0,116.5,111.1,3
0022300374,2023-24,2,11,19,0,33.3,DREB,33-36,29.8,1,-2,3,0,1,1,0,0,116.5,111.1,3
0022300374,2023-24,3,11,19,0,34.6,MADE_BASKET,33-36,32.2,1,-11,2,3,3,2,1,1,116.5,111.1,-1
0022300375,2023-24,2,7,28,1,34.0,MADE_BASKET,33-36,17.1,0,-15,0,0,1,1,0,0,112.0,117.7,0
0022300376,2023-24,1,15,23,1,35.5,MADE_BASKET,33-36,29.9,1,-9,0,2,2,1,1,0,116.5,117.6,-2
0022300376,2023-24,2,15,23,1,39.5,DREB,39-42,33.4,1,-2,2,0,2,1,1,0,116.5,117.6,2
0022300376,2023-24,3,23,15,0,40.7,DREB,39-42,28.7,1,5,3,2,2,1,1,0,111.8,111.0,1
0022300377,2023-24,1,27,10,1,37.9,MADE_BASKET,36-39,20.9,0,-9,2,2,1,1,0,0,114.9,111.7,0
0022300377,2023-24,2,27,10,1,34.4,DREB,33-36,13.4,0,-5,0,0,1,0,0,0,114.9,111.7,0
0022300377,2023-24,3,27,10,1,31.4,LIVE_TOV,30-33,22.2,0,-13,2,0,1,1,0,0,114.9,111.7,2
0022300378,2023-24,1,3,5,0,41.2,DEAD_BALL,39-42,34.5,1,12,2,2,2,1,1,0,119.7,120.6,0
0022300378,2023-24,3,3,5,0,32.3,DREB,30-33,18.2,0,1,0,0,1,1,0,0,119.7,120.6,0
0022300379,2023-24,1,4,1,0,38.1,MADE_BASKET,36-39,34.6,1,-5,0,2,2,1,1,0,120.4,119.1,-2
0022300379,2023-24,2,4,1,0,41.7,MADE_BASKET,39-42,31.8,1,2,2,0,2,1,1,0,120.4,119.1,2
0022300379,2023-24,3,4,1,0,34.7,DREB,33-36,28.4,1,13,2,3,2,1,1,0,120.4,119.1,-1
0022300380,2023-24,1,11,26,0,31.4,MADE_BASKET,30-33,15.4,0,-17,0,3,1,1,0,0,116.5,118.8,-3
0022300380,2023-24,3,11,26,0,41.1,MADE_BASKET,39-42,23.1,0,-18,2,3,1,1,0,0,116.5,118.8,-1
0022300381,2023-24,1,18,19,0,32.2,DEAD_BALL,30-33,29.4,1,2,0,0,1,1,0,0,114.7,111.1,0
0022300381,2023-24,2,18,19,0,38.7,MADE_BASKET,36-39,30.9,1,4,0,2,2,1,1,0,114.7,111.1,-2
0022300381,2023-24,3,19,18,1,38.2,MADE_BASKET,36-39,32.6,1,-7,3,0,2,2,1,1,127.8,114.0,3
0022300382,2023-24,1,8,20,0,44.2,DEAD_BALL,42-45,28.6,1,1,0,0,1,1,0,0,114.4,114.4,0
0022300382,2023-24,2,8,20,0,36.6,DREB,36-39,29.6,1,15,0,0,1,1,0,0,114.4,114.4,0
0022300382,2023-24,3,8,20,0,44.0,DREB,42-45,35.2,1,18,2,0,2,2,1,1,114.4,114.4,2
0022300383,2023-24,1,21,4,0,36.2,DEAD_BALL,36-39,20.8,0,-5,0,2,1,1,0,0,126.6,119.6,-2
0022300383,2023-24,2,4,21,1,42.8,DREB,42-45,33.9,1,13,3,0,2,1,1,0,120.4,107.4,3
0022300383,2023-24,3,4,21,1,30.7,MADE_BASKET,30-33,13.2,0,14,2,3,1,1,0,0,120.4,107.4,-1
0022300384,2023-24,1,8,7,0,38.1,DREB,36-39,31.6,1,6,0,0,1,1,0,0,114.4,117.4,0
0022300384,2023-24,2,7,8,1,39.4,MADE_BASKET,39-42,21.7,0,-15,0,0,1,1,0,0,112.0,113.6,0
0022300384,2023-24,3,7,8,1,41.7,MADE_BASKET,39-42,28.8,1,-19,3,0,2,1,1,0,112.0,113.6,3
0022300385,2023-24,1,24,19,1,42.7,DREB,42-45,33.9,1,-2,2,2,2,2,1,1,119.6,111.1,0
0022300385,2023-24,3,19,24,0,40.2,LIVE_TOV,39-42,29.2,1,15,2,2,2,1,1,0,127.8,109.7,0
0022300386,2023-24,1,9,26,0,43.6,MADE_BASKET,42-45,32.5,1,-9,2,3,2,1,1,0,117.4,118.8,-1
0022300386,2023-24,2,9,26,0,32.4,MADE_BASKET,30-33,13.3,0,-15,2,0,1,1,0,0,117.4,118.8,2
0022300386,2023-24,3,9,26,0,45.0,MADE_BASKET,42-45,26.3,0,-17,2,3,1,1,0,0,117.4,118.8,-1
0022300387,2023-24,1,23,29,1,41.7,MADE_BASKET,39-42,29.8,1,0,0,0,2,1,1,0,111.8,118.5,0
0022300387,2023-24,2,29,23,0,35.5,LIVE_TOV,33-36,22.3,0,15,2,0,1,1,0,0,120.6,117.6,2
0022300387,2023-24,3,29,23,0,33.6,DREB,33-36,22.3,0,21,0,2,2,1,1,0,120.6,117.6,-2
0022300388,2023-24,1,30,4,1,37.3,MADE_BASKET,36-39,29.1,1,3,0,3,1,1,0,0,109.8,119.6,-3
0022300388,2023-24,2,30,4,1,37.4,DREB,36-39,34.5,1,2,5,0,2,1,1,0,109.8,119.6,5
0022300388,2023-24,3,4,30,0,39.9,MADE_BASKET,39-42,28.4,1,7,0,0,2,1,1,0,120.4,112.2,0
0022300389,2023-24,1,1,12,0,31.0,DREB,30-33,7.8,0,8,0,3,1,1,0,0,111.0,117.4,-3
0022300389,2023-24,2,12,1,1,36.3,MADE_BASKET,36-39,24.6,0,-5,0,0,1,1,0,0,111.3,119.1,0
0022300390,2023-24,1,26,1,1,33.9,LIVE_TOV,33-36,30.8,1,-3,1,2,2,1,1,0,113.9,119.1,-1
0022300390,2023-24,2,1,26,0,36.2,DREB,36-39,12.7,0,-2,0,0,1,1,0,0,111.0,118.8,0
0022300390,2023-24,3,26,1,1,42.4,DREB,42-45,34.1,1,8,2,0,2,1,1,0,113.9,119.1,2
0022300391,2023-24,2,29,10,0,30.4,LIVE_TOV,30-33,24.2,0,-9,3,0,2,1,1,0,120.6,111.7,3
0022300391,2023-24,3,29,10,0,39.1,MADE_BASKET,39-42,19.9,0,-5,2,0,1,1,0,0,120.6,111.7,2
0022300392,2023-24,1,17,7,1,39.8,MADE_BASKET,39-42,29.3,1,8,2,2,2,1,1,0,121.4,117.4,0
0022300392,2023-24,3,7,17,0,37.2,DREB,36-39,28.8,1,-19,2,2,2,1,1,0,112.0,115.7,0
0022300393,2023-24,1,10,16,0,43.4,MADE_BASKET,42-45,30.2,1,-9,0,0,2,1,1,0,118.9,113.3,0
0022300393,2023-24,2,16,10,1,44.0,DEAD_BALL,42-45,33.3,1,0,5,3,2,1,1,0,117.4,111.7,2
0022300393,2023-24,3,16,10,1,32.9,MADE_BASKET,30-33,10.8,0,13,3,0,1,1,0,0,117.4,111.7,3
0022300394,2023-24,2,25,11,0,31.9,MADE_BASKET,30-33,16.6,0,12,0,0,1,1,0,0,111.5,121.8,0
0022300395,2023-24,2,9,27,0,44.9,DEAD_BALL,42-45,23.0,0,-1,0,2,1,1,0,0,117.4,120.5,-2
0022300395,2023-24,3,9,27,0,34.6,MADE_BASKET,33-36,28.4,1,-12,0,2,2,1,1,0,117.4,120.5,-2
0022300396,2023-24,1,13,17,0,33.3,MADE_BASKET,33-36,25.3,0,-6,2,0,1,1,0,0,109.3,115.7,2
0022300396,2023-24,2,17,13,1,35.4,DREB,33-36,19.2,0,1,2,0,1,1,0,0,121.4,106.5,2
0022300396,2023-24,3,17,13,1,37.8,DREB,36-39,30.7,1,4,0,3,1,1,0,0,121.4,106.5,-3
0022300397,2023-24,1,9,25,1,38.9,MADE_BASKET,36-39,21.1,0,-5,2,0,2,1,1,0,117.4,113.3,2
0022300397,2023-24,2,25,9,0,31.1,MADE_BASKET,30-33,13.5,0,-9,0,3,1,1,0,0,111.5,117.2,-3
0022300397,2023-24,3,9,25,1,33.2,MADE_BASKET,33-36,19.6,0,13,2,0,1,0,0,0,117.4,113.3,2
0022300398,2023-24,1,16,4,0,41.2,DREB,39-42,20.8,0,1,2,3,2,1,1,0,117.4,119.6,-1
0022300398,2023-24,2,4,16,1,40.7,MADE_BASKET,39-42,31.5,1,-7,3,0,2,1,1,0,120.4,113.3,3
0022300398,2023-24,3,16,4,0,44.1,MADE_BASKET,42-45,33.4,1,-9,3,3,2,1,1,0,117.4,119.6,0
0022300399,2023-24,1,8,14,1,43.0,MADE_BASKET,42-45,28.3,1,0,3,3,2,1,1,0,114.4,118.6,0
0022300399,2023-24,3,8,14,1,41.0,DREB,39-42,29.2,1,-5,2,2,2,1,1,0,114.4,118.6,0
0022300400,2023-24,1,17,9,1,39.8,MADE_BASKET,39-42,26.5,0,-10,2,2,2,2,1,1,121.4,117.2,0
0022300400,2023-24,2,17,9,1,39.5,LIVE_TOV,39-42,37.4,1,-6,3,0,2,1,1,0,121.4,117.2,3
0022300400,2023-24,3,17,9,1,41.9,MADE_BASKET,39-42,28.9,1,-9,5,2,2,2,1,1,121.4,117.2,3
0022300401,2023-24,1,19,7,1,39.2,MADE_BASKET,39-42,16.2,0,0,0,0,1,1,0,0,127.8,117.4,0
0022300401,2023-24,2,19,7,1,32.2,MADE_BASKET,30-33,16.3,0,1,0,3,1,1,0,0,127.8,117.4,-3
0022300401,2023-24,3,7,19,0,37.7,DREB,36-39,33.2,1,5,2,2,1,1,0,0,112.0,111.1,0
0022300402,2023-24,1,13,20,1,42.9,MADE_BASKET,42-45,30.8,1,-9,4,3,2,1,1,0,109.3,114.4,1
0022300402,2023-24,2,20,13,0,32.1,MADE_BASKET,30-33,17.2,0,4,2,2,1,1,0,0,128.8,106.5,0
0022300402,2023-24,3,20,13,0,33.8,MADE_BASKET,33-36,22.1,0,2,2,2,1,1,0,0,128.8,106.5,0
0022300403,2023-24,1,6,5,0,43.7,DREB,42-45,34.1,1,10,2,0,2,2,1,1,116.7,120.6,2
0022300403,2023-24,2,6,5,0,40.4,DREB,39-42,34.7,1,17,2,2,2,2,1,1,116.7,120.6,0
0022300403,2023-24,3,5,6,1,42.7,MADE_BASKET,42-45,28.5,1,-8,2,1,1,1,0,0,112.8,112.1,1
0022300404,2023-24,1,20,13,1,41.4,MADE_BASKET,39-42,32.3,1,3,3,0,2,1,1,0,128.8,106.5,3
0022300404,2023-24,2,20,13,1,41.2,DREB,39-42,39.2,1,-2,5,0,2,2,1,1,128.8,106.5,5
0022300404,2023-24,3,13,20,0,38.8,MADE_BASKET,36-39,22.0,0,-8,0,2,1,1,0,0,109.3,114.4,-2
0022300405,2023-24,1,20,12,1,34.7,DREB,33-36,23.5,0,-8,0,2,2,1,1,0,128.8,117.4,-2
0022300405,2023-24,3,12,20,0,31.7,DREB,30-33,21.7,0,-1,3,2,1,1,0,0,111.3,114.4,1
0022300406,2023-24,1,27,2,0,41.2,DEAD_BALL,39-42,33.5,1,-3,2,4,2,1,1,0,114.9,117.3,-2
0022300406,2023-24,2,27,2,0,37.3,MADE_BASKET,36-39,32.9,1,-6,4,0,2,1,1,0,114.9,117.3,4
0022300406,2023-24,3,27,2,0,37.0,MADE_BASKET,36-39,28.4,1,5,0,2,2,1,1,0,114.9,117.3,-2
0022300407,2023-24,1,22,26,0,32.4,DREB,30-33,17.2,0,-5,0,2,1,1,0,0,115.8,118.8,-2
0022300407,2023-24,2,26,22,1,35.5,DREB,33-36,29.7,1,-2,0,0,2,1,1,0,113.9,117.9,0
0022300408,2023-24,1,25,20,1,31.0,DREB,30-33,11.7,0,-8,0,0,1,1,0,0,111.5,114.4,0
0022300408,2023-24,2,20,25,0,32.9,MADE_BASKET,30-33,19.3,0,-7,2,0,1,1,0,0,128.8,113.3,2
0022300409,2023-24,1,5,7,1,31.5,MADE_BASKET,30-33,14.7,0,0,0,2,2,1,1,0,112.8,117.4,-2
0022300409,2023-24,3,5,7,1,39.4,MADE_BASKET,39-42,21.8,0,-4,2,0,1,1,0,0,112.8,117.4,2
0022300410,2023-24,1,10,28,1,35.3,MADE_BASKET,33-36,13.8,0,-6,3,2,1,1,0,0,118.9,117.7,1
0022300410,2023-24,2,10,28,1,43.8,MADE_BASKET,42-45,29.2,1,1,1,2,2,1,1,0,118.9,117.7,-1
0022300410,2023-24,3,10,28,1,37.9,DREB,36-39,20.7,0,1,0,0,1,1,0,0,118.9,117.7,0
0022300411,2023-24,1,15,18,1,31.1,MADE_BASKET,30-33,7.7,0,4,2,0,1,1,0,0,116.5,114.0,2
0022300411,2023-24,3,15,18,1,36.7,MADE_BASKET,36-39,21.2,0,1,0,0,1,1,0,0,116.5,114.0,0
0022300412,2023-24,1,30,13,1,35.9,MADE_BASKET,33-36,32.1,1,-1,0,0,2,1,1,0,109.8,106.5,0
0022300412,2023-24,2,30,13,1,32.6,MADE_BASKET,30-33,16.9,0,-1,0,0,2,1,1,0,109.8,106.5,0
0022300412,2023-24,3,13,30,0,34.0,MADE_BASKET,33-36,14.4,0,0,0,0,1,1,0,0,109.3,112.2,0
0022300413,2023-24,2,19,6,0,31.2,DREB,30-33,28.8,1,10,0,2,2,1,1,0,127.8,112.1,-2
0022300413,2023-24,3,6,19,1,39.2,MADE_BASKET,39-42,29.8,1,-15,3,0,2,1,1,0,116.7,111.1,3
0022300414,2023-24,1,5,12,0,44.2,MADE_BASKET,42-45,31.4,1,-11,0,0,1,1,0,0,112.8,117.4,0
0022300414,2023-24,2,12,5,1,31.5,DREB,30-33,28.9,1,12,2,0,1,1,0,0,111.3,120.6,2
0022300414,2023-24,3,12,5,1,32.3,DREB,30-33,20.0,0,15,0,1,1,1,0,0,111.3,120.6,-1
0022300415,2023-24,1,19,12,0,42.0,MADE_BASKET,42-45,32.0,1,-10,3,0,2,1,1,0,127.8,117.4,3
0022300415,2023-24,2,19,12,0,44.5,MADE_BASKET,42-45,31.1,1,-8,6,1,2,2,1,1,127.8,117.4,5
0022300415,2023-24,3,19,12,0,44.5,MADE_BASKET,42-45,33.8,1,-2,0,2,2,1,1,0,127.8,117.4,-2
0022300416,2023-24,1,24,16,0,31.3,MADE_BASKET,30-33,7.4,0,-1,0,3,1,1,0,0,119.6,113.3,-3
0022300416,2023-24,2,24,16,0,44.3,LIVE_TOV,42-45,29.2,1,0,2,2,2,1,1,0,119.6,113.3,0
0022300417,2023-24,1,4,18,1,40.0,MADE_BASKET,39-42,34.7,1,0,3,2,2,1,1,0,120.4,114.0,1
0022300417,2023-24,3,18,4,0,41.5,MADE_BASKET,39-42,25.4,0,-7,0,0,2,1,1,0,114.7,119.6,0
0022300418,2023-24,1,27,7,1,32.3,MADE_BASKET,30-33,29.9,1,-7,2,2,2,2,1,1,114.9,117.4,0
0022300418,2023-24,2,7,27,0,39.9,DREB,39-42,30.4,1,8,4,2,2,1,1,0,112.0,120.5,2
0022300418,2023-24,3,7,27,0,37.0,MADE_BASKET,36-39,24.7,0,12,0,2,2,1,1,0,112.0,120.5,-2
0022300419,2023-24,3,15,18,1,36.6,DREB,36-39,25.5,0,-1,4,2,2,1,1,0,116.5,114.0,2
0022300420,2023-24,1,9,17,1,41.8,MADE_BASKET,39-42,29.6,1,3,1,5,2,1,1,0,117.4,115.7,-4
0022300420,2023-24,2,17,9,0,35.7,DREB,33-36,22.8,0,11,0,0,1,1,0,0,121.4,117.2,0
0022300420,2023-24,3,9,17,1,37.7,MADE_BASKET,36-39,15.9,0,-2,0,0,1,1,0,0,117.4,115.7,0
0022300421,2023-24,1,22,30,0,30.4,MADE_BASKET,30-33,4.8,0,-1,0,0,1,0,0,0,115.8,112.2,0
0022300421,2023-24,2,30,22,1,39.1,LIVE_TOV,39-42,28.6,1,0,2,2,2,1,1,0,109.8,117.9,0
0022300421,2023-24,3,22,30,0,35.7,DREB,33-36,32.8,1,4,2,2,2,1,1,0,115.8,112.2,0
0022300422,2023-24,2,12,13,1,39.9,DREB,39-42,31.8,1,3,3,3,2,1,1,0,111.3,106.5,0
0022300422,2023-24,3,13,12,0,31.5,DREB,30-33,9.5,0,0,3,3,1,1,0,0,109.3,117.4,0
0022300423,2023-24,1,20,21,0,44.9,MADE_BASKET,42-45,28.3,1,-3,3,0,2,2,1,1,128.8,107.4,3
0022300423,2023-24,2,20,21,0,34.4,DEAD_BALL,33-36,30.0,1,6,0,0,2,1,1,0,128.8,107.4,0
0022300423,2023-24,3,20,21,0,32.5,DREB,30-33,30.4,1,6,2,0,1,1,0,0,128.8,107.4,2
0022300424,2023-24,1,3,28,0,43.6,LIVE_TOV,42-45,33.4,1,0,4,0,2,2,1,1,119.7,117.7,4
0022300424,2023-24,2,3,28,0,31.2,DREB,30-33,15.5,0,-9,3,0,1,1,0,0,119.7,117.7,3
0022300424,2023-24,3,3,28,0,42.7,MADE_BASKET,42-45,28.1,1,-8,0,2,2,1,1,0,119.7,117.7,-2
0022300425,2023-24,1,24,17,0,31.6,DREB,30-33,17.1,0,-5,3,2,1,1,0,0,119.6,115.7,1
0022300425,2023-24,2,24,17,0,37.3,DEAD_BALL,36-39,26.5,0,-1,5,0,1,1,0,0,119.6,115.7,5
0022300425,2023-24,3,24,17,0,36.9,MADE_BASKET,36-39,34.1,1,3,2,0,2,1,1,0,119.6,115.7,2
0022300426,2023-24,1,10,7,0,35.4,DREB,33-36,16.6,0,4,0,0,1,1,0,0,118.9,117.4,0
0022300426,2023-24,2,7,10,1,32.4,DREB,30-33,22.1,0,6,2,2,1,1,0,0,112.0,111.7,0
0022300426,2023-24,3,10,7,0,38.7,LIVE_TOV,36-39,35.7,1,-2,0,0,2,1,1,0,118.9,117.4,0
0022300427,2023-24,1,9,14,0,42.2,MADE_BASKET,42-45,33.5,1,-5,4,0,2,1,1,0,117.4,118.6,4
0022300427,2023-24,2,14,9,1,38.9,DREB,36-39,24.0,0,-8,2,0,1,1,0,0,118.7,117.2,2
0022300427,2023-24,3,9,14,0,30.9,MADE_BASKET,30-33,9.0,0,14,2,0,1,1,0,0,117.4,118.6,2
0022300428,2023-24,1,30,13,0,38.8,DREB,36-39,28.9,1,-3,0,2,2,1,1,0,109.8,106.5,-2
0022300428,2023-24,2,13,30,1,31.5,DREB,30-33,18.8,0,4,1,3,2,1,1,0,109.3,112.2,-2
0022300429,2023-24,1,1,17,1,38.4,DREB,36-39,22.7,0,3,2,2,2,1,1,0,111.0,115.7,0
0022300429,2023-24,2,17,1,0,38.1,DREB,36-39,32.7,1,4,2,2,2,2,1,1,121.4,119.1,0
0022300429,2023-24,3,1,17,1,41.1,DEAD_BALL,39-42,30.2,1,0,0,0,2,1,1,0,111.0,115.7,0
0022300430,2023-24,1,3,9,1,40.0,DREB,39-42,25.6,0,-4,0,2,1,1,0,0,119.7,117.2,-2
0022300430,2023-24,2,3,9,1,36.5,MADE_BASKET,36-39,21.7,0,-7,2,0,1,1,0,0,119.7,117.2,2
0022300430,2023-24,3,9,3,0,39.9,LIVE_TOV,39-42,29.5,1,-3,2,0,1,1,0,0,117.4,118.2,2
0022300431,2023-24,1,24,6,1,40.4,LIVE_TOV,39-42,31.1,1,-10,2,0,2,2,1,1,119.6,112.1,2
0022300431,2023-24,2,6,24,0,32.2,DREB,30-33,16.8,0,10,0,0,1,1,0,0,116.7,109.7,0
0022300431,2023-24,3,24,6,1,31.0,MADE_BASKET,30-33,6.4,0,-11,2,0,1,1,0,0,119.6,112.1,2
0022300432,2023-24,2,29,3,1,44.1,MADE_BASKET,42-45,25.0,0,9,2,2,1,1,0,0,120.6,118.2,0
0022300432,2023-24,3,29,3,1,35.8,DEAD_BALL,33-36,17.2,0,12,1,0,1,1,0,0,120.6,118.2,1
0022300433,2023-24,1,8,20,1,41.9,DREB,39-42,33.2,1,-5,0,0,2,2,1,1,114.4,114.4,0
0022300433,2023-24,2,8,20,1,32.9,LIVE_TOV,30-33,29.8,1,-1,2,3,2,2,1,1,114.4,114.4,-1
0022300433,2023-24,3,8,20,1,41.1,MADE_BASKET,39-42,29.5,1,-6,3,1,2,1,1,0,114.4,114.4,2
0022300434,2023-24,1,2,25,1,44.2,DREB,42-45,28.9,1,-2,5,0,2,1,1,0,120.1,113.3,5
0022300434,2023-24,3,2,25,1,39.4,DREB,39-42,34.3,1,5,2,1,1,1,0,0,120.1,113.3,1
0022300435,2023-24,1,4,24,1,35.0,DREB,33-36,29.3,1,9,0,3,2,1,1,0,120.4,109.7,-3
0022300435,2023-24,2,24,4,0,34.0,DREB,33-36,15.6,0,-8,0,2,2,1,1,0,119.6,119.6,-2
0022300435,2023-24,3,4,24,1,43.7,DREB,42-45,31.1,1,7,3,0,2,2,1,1,120.4,109.7,3
0022300436,2023-24,2,21,17,1,39.9,MADE_BASKET,39-42,24.4,0,3,0,0,1,1,0,0,126.6,115.7,0
0022300436,2023-24,3,17,21,0,41.0,DREB,39-42,31.9,1,3,2,0,2,1,1,0,121.4,107.4,2
0022300437,2023-24,1,8,25,1,36.6,DREB,36-39,29.2,1,9,4,0,2,1,1,0,114.4,113.3,4
0022300437,2023-24,2,25,8,0,44.4,MADE_BASKET,42-45,29.1,1,-9,0,0,2,1,1,0,111.5,113.6,0
0022300437,2023-24,3,8,25,1,43.4,MADE_BASKET,42-45,36.3,1,-2,2,2,2,2,1,1,114.4,113.3,0
0022300438,2023-24,1,23,14,0,42.1,MADE_BASKET,42-45,31.7,1,-4,0,0,2,1,1,0,111.8,118.6,0
0022300438,2023-24,3,14,23,1,33.2,LIVE_TOV,33-36,30.7,1,10,3,1,1,1,0,0,118.7,117.6,2
0022300439,2023-24,1,27,17,0,33.9,MADE_BASKET,33-36,16.2,0,0,2,2,1,1,0,0,114.9,115.7,0
0022300439,2023-24,2,27,17,0,31.4,MADE_BASKET,30-33,21.8,0,-3,0,3,2,1,1,0,114.9,115.7,-3
0022300439,2023-24,3,17,27,1,42.2,MADE_BASKET,42-45,25.3,0,0,2,0,1,1,0,0,121.4,120.5,2
0022300440,2023-24,1,2,28,1,31.0,MADE_BASKET,30-33,8.8,0,3,2,0,1,1,0,0,120.1,117.7,2
0022300440,2023-24,2,2,28,1,39.1,MADE_BASKET,39-42,35.6,1,-6,2,2,2,2,1,1,120.1,117.7,0
0022300440,2023-24,3,28,2,0,44.7,MADE_BASKET,42-45,30.0,1,9,2,0,2,1,1,0,114.5,117.3,2
0022300441,2023-24,2,16,14,1,38.0,MADE_BASKET,36-39,24.0,0,-14,0,0,1,1,0,0,117.4,118.6,0
0022300441,2023-24,3,16,14,1,36.9,MADE_BASKET,36-39,17.0,0,-19,0,0,1,1,0,0,117.4,118.6,0
0022300442,2023-24,1,9,15,0,31.8,MADE_BASKET,30-33,15.1,0,-9,0,0,2,1,1,0,117.4,111.0,0
0022300442,2023-24,3,15,9,1,35.2,DREB,33-36,31.3,1,15,0,2,2,1,1,0,116.5,117.2,-2
0022300443,2023-24,1,4,10,1,43.4,DREB,42-45,32.0,1,5,2,2,2,2,1,1,120.4,111.7,0
0022300443,2023-24,3,4,10,1,43.0,DEAD_BALL,42-45,36.0,1,20,2,3,2,1,1,0,120.4,111.7,-1
0022300444,2023-24,1,12,3,1,41.9,MADE_BASKET,39-42,32.1,1,-3,3,0,1,1,0,0,111.3,118.2,3
0022300444,2023-24,2,3,12,0,41.7,DREB,39-42,31.0,1,8,4,3,2,1,1,0,119.7,117.4,1
0022300444,2023-24,3,12,3,1,41.1,DREB,39-42,31.7,1,-5,2,2,2,1,1,0,111.3,118.2,0
0022300445,2023-24,1,13,5,1,43.6,MADE_BASKET,42-45,30.5,1,-6,2,2,2,1,1,0,109.3,120.6,0
0022300445,2023-24,2,5,13,0,34.8,MADE_BASKET,33-36,13.7,0,-1,0,0,1,1,0,0,112.8,106.5,0
0022300446,2023-24,1,16,5,0,39.5,MADE_BASKET,39-42,29.2,1,1,0,2,2,2,1,1,117.4,120.6,-2
0022300446,2023-24,2,16,5,0,44.6,DREB,42-45,31.0,1,-9,2,3,2,1,1,0,117.4,120.6,-1
0022300446,2023-24,3,5,16,1,33.0,DREB,33-36,30.9,1,5,2,3,2,1,1,0,112.8,113.3,-1
0022300447,2023-24,1,14,17,0,37.0,MADE_BASKET,36-39,24.0,0,4,0,0,1,1,0,0,118.7,115.7,0
0022300447,2023-24,2,14,17,0,42.9,DEAD_BALL,42-45,28.8,1,-4,2,0,2,2,1,1,118.7,115.7,2
0022300447,2023-24,3,17,14,1,39.6,MADE_BASKET,39-42,31.1,1,-4,2,0,1,1,0,0,121.4,118.6,2
0022300448,2023-24,1,29,4,1,42.5,DREB,42-45,29.7,1,12,0,2,2,1,1,0,120.6,119.6,-2
0022300448,2023-24,2,4,29,0,31.6,DREB,30-33,14.4,0,-12,3,0,1,1,0,0,120.4,118.5,3
0022300448,2023-24,3,29,4,1,40.0,DREB,39-42,33.7,1,10,2,0,2,1,1,0,120.6,119.6,2
0022300449,2023-24,1,28,18,0,43.3,MADE_BASKET,42-45,38.3,1,4,0,2,2,1,1,0,114.5,114.0,-2
0022300449,2023-24,2,18,28,1,42.2,MADE_BASKET,42-45,29.3,1,-6,2,0,2,1,1,0,114.7,117.7,2
0022300449,2023-24,3,18,28,1,37.5,DREB,36-39,29.1,1,-3,3,0,2,1,1,0,114.7,117.7,3
0022300450,2023-24,2,28,13,1,36.8,DREB,36-39,29.1,1,1,0,0,1,1,0,0,114.5,106.5,0
0022300450,2023-24,3,13,28,0,39.1,MADE_BASKET,39-42,34.5,1,-2,0,3,3,2,1,1,109.3,117.7,-3
0022300451,2023-24,1,18,19,1,38.2,MADE_BASKET,36-39,30.1,1,6,0,3,2,1,1,0,114.7,111.1,-3
0022300451,2023-24,2,19,18,0,39.9,DREB,39-42,33.6,1,-3,0,3,1,1,0,0,127.8,114.0,-3
0022300451,2023-24,3,18,19,1,33.1,MADE_BASKET,33-36,29.2,1,6,0,2,1,1,0,0,114.7,111.1,-2
0022300452,2023-24,1,13,21,1,39.5,MADE_BASKET,39-42,26.7,0,-5,2,3,2,1,1,0,109.3,107.4,-1
0022300452,2023-24,2,13,21,1,41.3,MADE_BASKET,39-42,32.2,1,-13,4,2,2,1,1,0,109.3,107.4,2
0022300453,2023-24,1,29,22,0,42.4,MADE_BASKET,42-45,37.3,1,-8,0,3,2,2,1,1,120.6,117.9,-3
0022300453,2023-24,2,22,29,1,34.1,DREB,33-36,13.7,0,2,0,3,1,1,0,0,115.8,118.5,-3
0022300453,2023-24,3,22,29,1,42.8,DREB,42-45,33.5,1,-7,0,2,2,1,1,0,115.8,118.5,-2
0022300454,2023-24,1,8,6,0,34.6,MADE_BASKET,33-36,11.6,0,-4,2,2,1,1,0,0,114.4,112.1,0
0022300454,2023-24,2,6,8,1,34.2,DREB,33-36,30.2,1,1,0,2,2,1,1,0,116.7,113.6,-2
0022300454,2023-24,3,6,8,1,41.4,MADE_BASKET,39-42,34.9,1,-11,4,2,2,1,1,0,116.7,113.6,2
0022300455,2023-24,1,15,17,1,39.0,MADE_BASKET,39-42,29.9,1,1,2,2,2,1,1,0,116.5,115.7,0
0022300455,2023-24,2,15,17,1,42.2,DREB,42-45,32.3,1,-2,4,2,2,1,1,0,116.5,115.7,2
0022300455,2023-24,3,17,15,0,35.0,MADE_BASKET,33-36,30.5,1,-2,2,3,2,1,1,0,121.4,111.0,-1
0022300456,2023-24,1,8,18,1,38.0,DREB,36-39,28.9,1,5,2,0,2,1,1,0,114.4,114.0,2
0022300456,2023-24,3,18,8,0,39.1,MADE_BASKET,39-42,34.7,1,-15,4,0,2,1,1,0,114.7,113.6,4
0022300457,2023-24,2,11,7,0,41.8,MADE_BASKET,39-42,32.9,1,-8,2,0,2,1,1,0,116.5,117.4,2
0022300457,2023-24,3,11,7,0,34.1,DREB,33-36,16.0,0,-4,2,0,1,1,0,0,116.5,117.4,2
0022300458,2023-24,1,24,30,0,31.9,MADE_BASKET,30-33,7.1,0,1,0,2,1,1,0,0,119.6,112.2,-2
0022300458,2023-24,2,30,24,1,34.9,DREB,33-36,29.7,1,11,3,2,2,1,1,0,109.8,109.7,1
0022300458,2023-24,3,24,30,0,41.1,MADE_BASKET,39-42,36.1,1,-8,2,2,2,2,1,1,119.6,112.2,0
0022300459,2023-24,2,6,8,0,30.4,LIVE_TOV,30-33,9.0,0,-4,0,0,1,1,0,0,116.7,113.6,0
0022300459,2023-24,3,6,8,0,30.4,MADE_BASKET,30-33,8.3,0,-12,2,0,1,1,0,0,116.7,113.6,2
0022300460,2023-24,1,25,18,1,35.5,MADE_BASKET,33-36,18.4,0,-9,2,2,1,1,0,0,111.5,114.0,0
0022300461,2023-24,2,17,4,0,31.4,MADE_BASKET,30-33,9.9,0,0,0,0,1,1,0,0,121.4,119.6,0
0022300462,2023-24,1,24,23,1,43.5,DREB,42-45,31.8,1,7,0,0,2,1,1,0,119.6,117.6,0
0022300462,2023-24,2,23,24,0,41.6,DREB,39-42,31.4,1,-14,0,2,2,1,1,0,111.8,109.7,-2
0022300462,2023-24,3,24,23,1,34.1,DREB,33-36,28.5,1,16,2,0,2,1,1,0,119.6,117.6,2
0022300463,2023-24,1,13,19,1,37.3,DREB,36-39,22.4,0,7,0,0,1,1,0,0,109.3,111.1,0
0022300463,2023-24,2,13,19,1,34.3,DREB,33-36,29.3,1,18,4,0,2,1,1,0,109.3,111.1,4
0022300463,2023-24,3,13,19,1,33.0,DEAD_BALL,33-36,18.2,0,36,5,0,1,1,0,0,109.3,111.1,5
0022300464,2023-24,1,29,17,1,37.9,MADE_BASKET,36-39,25.3,0,2,0,0,1,1,0,0,120.6,115.7,0
0022300464,2023-24,2,17,29,0,44.5,MADE_BASKET,42-45,30.4,1,-4,2,3,2,1,1,0,121.4,118.5,-1
0022300464,2023-24,3,17,29,0,44.6,DREB,42-45,34.5,1,-2,2,6,2,1,1,0,121.4,118.5,-4
0022300465,2023-24,1,5,23,1,35.8,DREB,33-36,30.1,1,3,2,3,2,1,1,0,112.8,117.6,-1
0022300465,2023-24,2,5,23,1,38.1,MADE_BASKET,36-39,28.4,1,1,2,0,2,1,1,0,112.8,117.6,2
0022300465,2023-24,3,5,23,1,40.4,DREB,39-42,34.1,1,-6,2,0,2,1,1,0,112.8,117.6,2
0022300466,2023-24,1,1,21,1,36.9,MADE_BASKET,36-39,19.3,0,-3,0,2,1,1,0,0,111.0,107.4,-2
0022300466,2023-24,2,1,21,1,43.8,LIVE_TOV,42-45,32.6,1,-2,6,0,2,2,1,1,111.0,107.4,6
0022300466,2023-24,3,21,1,0,40.7,MADE_BASKET,39-42,25.5,0,-4,0,2,1,1,0,0,126.6,119.1,-2
0022300467,2023-24,2,24,18,1,41.3,MADE_BASKET,39-42,33.1,1,10,0,0,2,1,1,0,119.6,114.0,0
0022300467,2023-24,3,18,24,0,37.1,DREB,36-39,31.3,1,-6,2,3,2,1,1,0,114.7,109.7,-1
0022300468,2023-24,1,4,12,1,43.5,MADE_BASKET,42-45,38.3,1,5,4,0,2,1,1,0,120.4,117.4,4
0022300468,2023-24,2,4,12,1,43.2,MADE_BASKET,42-45,29.2,1,6,2,0,2,1,1,0,120.4,117.4,2
0022300468,2023-24,3,12,4,0,34.8,MADE_BASKET,33-36,17.6,0,-7,2,2,1,1,0,0,111.3,119.6,0
0022300469,2023-24,1,15,19,1,40.7,MADE_BASKET,39-42,29.6,1,-2,0,0,2,1,1,0,116.5,111.1,0
0022300469,2023-24,2,15,19,1,35.3,DREB,33-36,33.4,1,-7,0,0,2,1,1,0,116.5,111.1,0
0022300469,2023-24,3,19,15,0,40.4,DREB,39-42,31.5,1,-4,2,2,2,2,1,1,127.8,111.0,0
0022300470,2023-24,1,2,23,0,30.9,MADE_BASKET,30-33,13.0,0,-4,1,0,1,1,0,0,120.1,117.6,1
0022300470,2023-24,2,23,2,1,32.3,MADE_BASKET,30-33,23.0,0,3,3,0,1,1,0,0,111.8,117.3,3
0022300470,2023-24,3,2,23,0,37.4,DREB,36-39,34.4,1,-4,0,2,2,2,1,1,120.1,117.6,-2
0022300471,2023-24,1,7,3,1,34.5,LIVE_TOV,33-36,23.2,0,16,3,3,1,1,0,0,112.0,118.2,0
0022300471,2023-24,2,7,3,1,39.1,MADE_BASKET,39-42,33.7,1,14,3,2,2,2,1,1,112.0,118.2,1
0022300471,2023-24,3,7,3,1,42.8,DREB,42-45,29.6,1,23,2,2,2,1,1,0,112.0,118.2,0
0022300472,2023-24,2,8,2,1,33.0,MADE_BASKET,33-36,14.2,0,-2,0,3,1,1,0,0,114.4,117.3,-3
0022300473,2023-24,1,10,5,1,41.6,MADE_BASKET,39-42,31.6,1,-7,4,0,2,1,1,0,118.9,120.6,4
0022300473,2023-24,2,5,10,0,38.2,MADE_BASKET,36-39,28.7,1,9,0,0,2,1,1,0,112.8,111.7,0
0022300473,2023-24,3,5,10,0,40.3,MADE_BASKET,39-42,33.1,1,14,4,0,2,2,1,1,112.8,111.7,4
0022300474,2023-24,1,10,24,1,33.9,DREB,33-36,22.8,0,-9,0,0,1,1,0,0,118.9,109.7,0
0022300474,2023-24,2,24,10,0,34.8,MADE_BASKET,33-36,29.8,1,5,0,0,2,1,1,0,119.6,111.7,0
0022300474,2023-24,3,24,10,0,42.6,LIVE_TOV,42-45,30.3,1,14,0,2,2,1,1,0,119.6,111.7,-2
0022300475,2023-24,1,3,24,1,41.4,MADE_BASKET,39-42,22.8,0,0,2,0,2,1,1,0,119.7,109.7,2
0022300475,2023-24,2,24,3,0,30.1,MADE_BASKET,30-33,10.4,0,-1,0,0,1,1,0,0,119.6,118.2,0
0022300475,2023-24,3,3,24,1,32.3,DREB,30-33,16.0,0,-1,3,2,1,1,0,0,119.7,109.7,1
0022300476,2023-24,1,4,24,0,34.6,MADE_BASKET,33-36,21.4,0,-5,0,2,1,1,0,0,120.4,109.7,-2
0022300476,2023-24,2,24,4,1,37.9,LIVE_TOV,36-39,33.4,1,3,0,2,2,1,1,0,119.6,119.6,-2
0022300476,2023-24,3,24,4,1,35.2,MADE_BASKET,33-36,22.6,0,-2,2,0,1,1,0,0,119.6,119.6,2
0022300477,2023-24,1,9,8,1,44.6,LIVE_TOV,42-45,28.9,1,2,3,0,2,1,1,0,117.4,113.6,3
0022300477,2023-24,2,9,8,1,44.2,DEAD_BALL,42-45,29.2,1,5,2,0,2,1,1,0,117.4,113.6,2
0022300477,2023-24,3,8,9,0,42.4,MADE_BASKET,42-45,32.4,1,-19,2,2,2,1,1,0,114.4,117.2,0
0022300478,2023-24,1,28,17,1,36.4,MADE_BASKET,36-39,29.3,1,2,3,0,2,1,1,0,114.5,115.7,3
0022300478,2023-24,2,28,17,1,44.7,MADE_BASKET,42-45,40.2,1,7,6,4,3,3,1,1,114.5,115.7,2
0022300478,2023-24,3,28,17,1,33.8,DREB,33-36,31.8,1,12,3,0,2,1,1,0,114.5,115.7,3
0022300479,2023-24,1,6,11,0,42.7,DREB,42-45,30.5,1,6,2,6,2,1,1,0,116.7,121.8,-4
0022300479,2023-24,2,6,11,0,34.3,MADE_BASKET,33-36,21.8,0,2,0,0,1,1,0,0,116.7,121.8,0
0022300479,2023-24,3,11,6,1,36.2,MADE_BASKET,36-39,28.9,1,-14,2,2,2,1,1,0,116.5,112.1,0
0022300480,2023-24,1,16,10,1,37.8,DREB,36-39,22.0,0,1,0,1,1,1,0,0,117.4,111.7,-1
0022300480,2023-24,2,10,16,0,34.8,DREB,33-36,30.6,1,-2,0,0,2,1,1,0,118.9,113.3,0
0022300481,2023-24,1,30,29,0,43.6,MADE_BASKET,42-45,31.7,1,-4,4,0,2,1,1,0,109.8,118.5,4
0022300481,2023-24,2,29,30,1,30.4,MADE_BASKET,30-33,7.2,0,-4,0,2,1,1,0,0,120.6,112.2,-2
0022300481,2023-24,3,30,29,0,36.9,MADE_BASKET,36-39,15.4,0,1,2,0,1,1,0,0,109.8,118.5,2
0022300482,2023-24,2,11,28,1,32.5,MADE_BASKET,30-33,18.2,0,12,1,0,1,1,0,0,116.5,117.7,1
0022300482,2023-24,3,28,11,0,34.6,DREB,33-36,29.6,1,-21,2,1,2,1,1,0,114.5,121.8,1
0022300483,2023-24,1,22,14,1,41.9,MADE_BASKET,39-42,31.8,1,-2,4,0,2,1,1,0,115.8,118.6,4
0022300483,2023-24,2,22,14,1,38.8,DREB,36-39,33.8,1,-6,3,1,2,1,1,0,115.8,118.6,2
0022300483,2023-24,3,22,14,1,37.1,MADE_BASKET,36-39,29.8,1,-5,4,0,2,1,1,0,115.8,118.6,4
0022300484,2023-24,1,5,3,0,33.3,DREB,33-36,11.4,0,-1,3,0,1,1,0,0,112.8,118.2,3
0022300484,2023-24,2,5,3,0,33.4,MADE_BASKET,33-36,14.4,0,-2,0,0,1,0,0,0,112.8,118.2,0
0022300484,2023-24,3,3,5,1,42.4,DEAD_BALL,42-45,28.4,1,-3,0,2,2,1,1,0,119.7,120.6,-2
0022300485,2023-24,1,5,14,0,37.9,MADE_BASKET,36-39,29.7,1,-6,2,0,2,1,1,0,112.8,118.6,2
0022300485,2023-24,2,5,14,0,35.0,MADE_BASKET,33-36,17.1,0,-8,3,0,1,1,0,0,112.8,118.6,3
0022300485,2023-24,3,5,14,0,41.8,DEAD_BALL,39-42,35.0,1,-18,2,5,2,1,1,0,112.8,118.6,-3
0022300486,2023-24,1,23,17,0,35.8,MADE_BASKET,33-36,30.8,1,-6,0,0,2,1,1,0,111.8,115.7,0
0022300486,2023-24,3,17,23,1,44.9,MADE_BASKET,42-45,31.8,1,5,2,2,2,1,1,0,121.4,117.6,0
0022300487,2023-24,3,14,27,0,39.9,DREB,39-42,29.2,1,-1,2,0,2,1,1,0,118.7,120.5,2
0022300488,2023-24,2,27,24,1,40.6,MADE_BASKET,39-42,22.8,0,13,0,3,1,1,0,0,114.9,109.7,-3
0022300488,2023-24,3,27,24,1,40.4,MADE_BASKET,39-42,26.2,0,5,3,0,2,1,1,0,114.9,109.7,3
0022300489,2023-24,1,14,6,0,43.5,MADE_BASKET,42-45,30.4,1,-8,5,0,2,1,1,0,118.7,112.1,5
0022300489,2023-24,2,6,14,1,36.7,DREB,36-39,33.8,1,0,2,0,2,1,1,0,116.7,118.6,2
0022300489,2023-24,3,6,14,1,30.3,DREB,30-33,17.4,0,8,0,0,1,1,0,0,116.7,118.6,0
0022300490,2023-24,1,22,18,1,43.0,MADE_BASKET,42-45,30.1,1,-13,2,3,2,1,1,0,115.8,114.0,-1
0022300490,2023-24,2,22,18,1,39.9,MADE_BASKET,39-42,33.3,1,-19,0,1,2,2,1,1,115.8,114.0,-1
0022300490,2023-24,3,22,18,1,37.8,MADE_BASKET,36-39,32.9,1,-20,2,2,1,1,0,0,115.8,114.0,0
0022300491,2023-24,2,8,3,1,40.0,MADE_BASKET,39-42,33.4,1,-1,3,0,2,1,1,0,114.4,118.2,3
0022300491,2023-24,3,8,3,1,44.0,MADE_BASKET,42-45,30.2,1,6,3,2,2,1,1,0,114.4,118.2,1
0022300492,2023-24,1,6,27,0,44.0,MADE_BASKET,42-45,32.1,1,6,3,2,2,1,1,0,116.7,120.5,1
0022300492,2023-24,2,6,27,0,35.3,DREB,33-36,21.6,0,6,2,0,2,1,1,0,116.7,120.5,2
0022300493,2023-24,1,12,17,0,31.9,MADE_BASKET,30-33,17.2,0,-11,2,0,1,1,0,0,111.3,115.7,2
0022300493,2023-24,2,12,17,0,35.7,DEAD_BALL,33-36,33.3,1,-7,3,2,2,2,1,1,111.3,115.7,1
0022300493,2023-24,3,12,17,0,40.6,DREB,39-42,25.5,0,-9,2,2,1,1,0,0,111.3,115.7,0
0022300494,2023-24,1,13,4,1,36.8,DEAD_BALL,36-39,25.8,0,-9,2,0,1,1,0,0,109.3,119.6,2
0022300494,2023-24,2,4,13,0,36.6,DREB,36-39,32.2,1,3,1,0,1,1,0,0,120.4,106.5,1
0022300494,2023-24,3,13,4,1,34.7,MADE_BASKET,33-36,13.4,0,-11,0,0,1,1,0,0,109.3,119.6,0
0022300495,2023-24,1,24,23,0,40.3,DREB,39-42,37.3,1,4,3,0,2,1,1,0,119.6,117.6,3
0022300495,2023-24,2,23,24,1,34.6,MADE_BASKET,33-36,15.5,0,-4,0,1,1,1,0,0,111.8,109.7,-1
0022300495,2023-24,3,23,24,1,39.9,DREB,39-42,32.7,1,0,2,0,2,1,1,0,111.8,109.7,2
0022300496,2023-24,1,19,15,1,42.2,MADE_BASKET,42-45,24.0,0,1,0,3,1,1,0,0,127.8,111.0,-3
0022300496,2023-24,2,19,15,1,39.4,DREB,39-42,33.2,1,3,2,0,2,1,1,0,127.8,111.0,2
0022300496,2023-24,3,19,15,1,34.1,MADE_BASKET,33-36,20.0,0,-4,0,0,1,1,0,0,127.8,111.0,0
0022300497,2023-24,1,14,30,0,35.8,LIVE_TOV,33-36,22.1,0,1,0,0,2,1,1,0,118.7,112.2,0
0022300497,2023-24,2,14,30,0,44.7,LIVE_TOV,42-45,34.2,1,-9,2,2,2,1,1,0,118.7,112.2,0
0022300498,2023-24,1,19,29,0,44.3,LIVE_TOV,42-45,39.2,1,1,5,0,2,1,1,0,127.8,118.5,5
0022300498,2023-24,2,29,19,1,37.3,DREB,36-39,26.0,0,-12,2,0,1,1,0,0,120.6,111.1,2
0022300498,2023-24,3,19,29,0,36.0,DREB,36-39,32.7,1,0,3,3,2,1,1,0,127.8,118.5,0
0022300499,2023-24,1,29,1,1,30.2,MADE_BASKET,30-33,8.5,0,-4,2,0,1,1,0,0,120.6,119.1,2
0022300499,2023-24,3,29,1,1,40.1,DREB,39-42,29.7,1,3,6,0,2,1,1,0,120.6,119.1,6
0022300500,2023-24,1,2,13,1,35.5,MADE_BASKET,33-36,32.4,1,-6,6,0,2,1,1,0,120.1,106.5,6
0022300500,2023-24,2,13,2,0,40.4,MADE_BASKET,39-42,33.9,1,-6,3,2,2,2,1,1,109.3,117.3,1
0022300500,2023-24,3,2,13,1,35.5,DREB,33-36,31.0,1,7,0,2,2,1,1,0,120.1,106.5,-2
0022300501,2023-24,1,30,23,0,40.0,MADE_BASKET,39-42,29.2,1,-7,0,3,2,1,1,0,109.8,117.6,-3
0022300501,2023-24,2,30,23,0,36.8,DREB,36-39,21.7,0,-13,2,0,1,1,0,0,109.8,117.6,2
0022300501,2023-24,3,30,23,0,38.4,MADE_BASKET,36-39,32.6,1,-3,0,5,2,2,1,1,109.8,117.6,-5
0022300502,2023-24,1,21,16,1,33.2,MADE_BASKET,33-36,28.3,1,-15,0,0,2,1,1,0,126.6,113.3,0
0022300502,2023-24,2,16,21,0,33.5,MADE_BASKET,33-36,20.1,0,18,3,0,1,1,0,0,117.4,107.4,3
0022300502,2023-24,3,21,16,1,30.7,LIVE_TOV,30-33,20.9,0,-28,0,3,1,1,0,0,126.6,113.3,-3
0022300503,2023-24,1,2,21,1,34.5,DREB,33-36,31.8,1,0,0,0,1,1,0,0,120.1,107.4,0
0022300503,2023-24,2,21,2,0,37.2,DREB,36-39,29.5,1,9,0,2,2,1,1,0,126.6,117.3,-2
0022300503,2023-24,3,2,21,1,34.5,LIVE_TOV,33-36,29.9,1,-17,4,0,2,1,1,0,120.1,107.4,4
0022300504,2023-24,1,16,30,1,41.9,MADE_BASKET,39-42,35.6,1,7,3,2,2,2,1,1,117.4,112.2,1
0022300504,2023-24,2,30,16,0,40.2,DEAD_BALL,39-42,23.2,0,-15,2,0,1,1,0,0,109.8,113.3,2
0022300504,2023-24,3,16,30,1,43.9,MADE_BASKET,42-45,29.7,1,0,0,0,2,1,1,0,117.4,112.2,0
0022300505,2023-24,1,25,30,0,44.7,MADE_BASKET,42-45,31.6,1,-7,2,0,2,1,1,0,111.5,112.2,2
0022300505,2023-24,2,30,25,1,32.8,DREB,30-33,28.6,1,-2,0,0,2,1,1,0,109.8,113.3,0
0022300505,2023-24,3,25,30,0,41.5,MADE_BASKET,39-42,20.2,0,-2,1,0,1,1,0,0,111.5,112.2,1
0022300506,2023-24,1,7,16,1,39.3,MADE_BASKET,39-42,19.8,0,-5,3,1,1,1,0,0,112.0,113.3,2
0022300506,2023-24,3,16,7,0,44.9,MADE_BASKET,42-45,30.6,1,1,0,3,2,1,1,0,117.4,117.4,-3
0022300507,2023-24,2,11,10,0,37.0,DREB,36-39,34.5,1,-18,2,0,1,1,0,0,116.5,111.7,2
0022300507,2023-24,3,10,11,1,35.3,MADE_BASKET,33-36,18.5,0,10,0,2,1,1,0,0,118.9,121.8,-2
0022300508,2023-24,1,10,13,1,41.2,DREB,39-42,33.6,1,6,0,0,2,1,1,0,118.9,106.5,0
0022300508,2023-24,2,13,10,0,40.9,MADE_BASKET,39-42,33.9,1,1,2,3,2,2,1,1,109.3,111.7,-1
0022300508,2023-24,3,10,13,1,37.4,DREB,36-39,20.3,0,-4,2,2,2,1,1,0,118.9,106.5,0
0022300509,2023-24,1,4,27,0,34.2,DREB,33-36,13.2,0,-13,3,0,1,1,0,0,120.4,120.5,3
0022300509,2023-24,2,27,4,1,34.9,DREB,33-36,22.8,0,7,0,2,2,1,1,0,114.9,119.6,-2
0022300509,2023-24,3,27,4,1,30.3,LIVE_TOV,30-33,11.2,0,4,2,0,1,1,0,0,114.9,119.6,2
0022300510,2023-24,1,4,18,0,37.2,MADE_BASKET,36-39,29.3,1,6,3,2,2,1,1,0,120.4,114.0,1
0022300510,2023-24,2,18,4,1,35.9,MADE_BASKET,33-36,31.7,1,3,0,2,1,1,0,0,114.7,119.6,-2
0022300510,2023-24,3,18,4,1,32.1,MADE_BASKET,30-33,15.8,0,4,1,2,1,1,0,0,114.7,119.6,-1
0022300511,2023-24,1,4,22,1,32.2,DREB,30-33,18.9,0,14,0,0,1,1,0,0,120.4,117.9,0
0022300511,2023-24,2,4,22,1,39.7,MADE_BASKET,39-42,29.9,1,20,3,0,1,1,0,0,120.4,117.9,3
0022300511,2023-24,3,4,22,1,42.1,DREB,42-45,31.0,1,33,2,2,2,1,1,0,120.4,117.9,0
0022300512,2023-24,1,18,15,1,37.6,DREB,36-39,20.3,0,-18,0,0,1,1,0,0,114.7,111.0,0
0022300512,2023-24,2,15,18,0,35.3,MADE_BASKET,33-36,32.8,1,21,4,0,2,1,1,0,116.5,114.0,4
0022300512,2023-24,3,15,18,0,37.4,DREB,36-39,34.2,1,30,2,2,2,2,1,1,116.5,114.0,0
0022300513,2023-24,1,12,23,1,32.8,MADE_BASKET,30-33,16.4,0,-8,3,0,1,1,0,0,111.3,117.6,3
0022300513,2023-24,2,12,23,1,35.3,LIVE_TOV,33-36,32.1,1,-12,2,5,2,1,1,0,111.3,117.6,-3
0022300513,2023-24,3,12,23,1,44.6,DREB,42-45,31.2,1,-3,2,3,2,2,1,1,111.3,117.6,-1
0022300514,2023-24,3,2,4,1,30.3,DREB,30-33,10.8,0,4,4,0,1,1,0,0,120.1,119.6,4
0022300515,2023-24,1,14,6,1,37.0,MADE_BASKET,36-39,25.3,0,3,2,0,2,1,1,0,118.7,112.1,2
0022300515,2023-24,3,6,14,0,40.4,MADE_BASKET,39-42,27.9,0,6,0,0,1,1,0,0,116.7,118.6,0
0022300516,2023-24,1,29,13,0,38.1,MADE_BASKET,36-39,14.3,0,8,0,0,1,1,0,0,120.6,106.5,0
0022300516,2023-24,2,13,29,1,31.7,DREB,30-33,19.6,0,-12,2,0,1,1,0,0,109.3,118.5,2
0022300516,2023-24,3,13,29,1,32.9,DEAD_BALL,30-33,13.7,0,-14,0,0,2,1,1,0,109.3,118.5,0
0022300517,2023-24,1,19,4,1,34.5,DREB,33-36,16.4,0,-3,0,2,1,1,0,0,127.8,119.6,-2
0022300517,2023-24,2,19,4,1,32.4,DREB,30-33,19.3,0,0,0,0,1,1,0,0,127.8,119.6,0
0022300517,2023-24,3,19,4,1,43.1,MADE_BASKET,42-45,38.6,1,3,3,3,2,2,1,1,127.8,119.6,0
0022300518,2023-24,1,25,13,0,32.6,DREB,30-33,25.2,0,8,0,0,1,1,0,0,111.5,106.5,0
0022300518,2023-24,2,13,25,1,30.4,MADE_BASKET,30-33,7.8,0,-4,0,0,1,1,0,0,109.3,113.3,0
0022300518,2023-24,3,13,25,1,40.2,DREB,39-42,35.6,1,-4,0,2,2,1,1,0,109.3,113.3,-2
0022300519,2023-24,1,15,19,1,32.0,DREB,30-33,16.9,0,1,2,0,1,1,0,0,116.5,111.1,2
0022300519,2023-24,2,15,19,1,40.9,DEAD_BALL,39-42,28.4,1,18,2,1,2,1,1,0,116.5,111.1,1
0022300519,2023-24,3,15,19,1,35.5,MADE_BASKET,33-36,32.0,1,16,3,2,3,2,1,1,116.5,111.1,1
0022300520,2023-24,1,29,12,0,32.3,LIVE_TOV,30-33,22.2,0,3,2,3,1,1,0,0,120.6,117.4,-1
0022300520,2023-24,2,29,12,0,42.2,LIVE_TOV,42-45,30.5,1,6,0,0,2,1,1,0,120.6,117.4,0
0022300520,2023-24,3,12,29,1,37.6,MADE_BASKET,36-39,20.7,0,-3,2,0,1,1,0,0,111.3,118.5,2
0022300521,2023-24,1,22,1,0,34.2,MADE_BASKET,33-36,30.8,1,0,2,2,2,2,1,1,115.8,119.1,0
0022300521,2023-24,2,1,22,1,30.5,LIVE_TOV,30-33,10.2,0,-2,0,0,2,1,1,0,111.0,117.9,0
0022300521,2023-24,3,1,22,1,34.5,DREB,33-36,32.6,1,0,3,3,2,1,1,0,111.0,117.9,0
0022300522,2023-24,1,11,8,1,44.1,MADE_BASKET,42-45,33.0,1,-8,0,3,2,1,1,0,116.5,113.6,-3
0022300522,2023-24,3,8,11,0,34.0,DREB,33-36,17.0,0,5,0,0,1,1,0,0,114.4,121.8,0
0022300523,2023-24,3,15,17,0,37.5,DEAD_BALL,36-39,31.9,1,-16,4,2,2,1,1,0,116.5,115.7,2
0022300524,2023-24,1,27,17,0,31.3,DREB,30-33,12.5,0,-12,2,3,1,1,0,0,114.9,115.7,-1
0022300524,2023-24,2,27,17,0,44.5,MADE_BASKET,42-45,34.1,1,-18,2,0,2,1,1,0,114.9,115.7,2
0022300524,2023-24,3,27,17,0,30.6,MADE_BASKET,30-33,14.2,0,-13,0,2,1,1,0,0,114.9,115.7,-2
0022300525,2023-24,1,21,4,1,41.0,MADE_BASKET,39-42,34.2,1,-3,3,4,2,2,1,1,126.6,119.6,-1
0022300525,2023-24,2,21,4,1,32.9,MADE_BASKET,30-33,18.5,0,-7,2,0,1,1,0,0,126.6,119.6,2
0022300525,2023-24,3,21,4,1,31.4,MADE_BASKET,30-33,16.9,0,-9,3,3,1,1,0,0,126.6,119.6,0
0022300526,2023-24,1,20,22,0,38.0,DEAD_BALL,36-39,24.5,0,3,2,0,1,1,0,0,128.8,117.9,2
0022300526,2023-24,2,20,22,0,30.8,MADE_BASKET,30-33,9.0,0,4,2,0,1,1,0,0,128.8,117.9,2
0022300526,2023-24,3,22,20,1,40.0,DEAD_BALL,39-42,33.4,1,-14,3,0,2,1,1,0,115.8,114.4,3
0022300527,2023-24,1,15,29,1,35.3,DREB,33-36,30.1,1,-4,7,0,2,2,1,1,116.5,118.5,7
0022300527,2023-24,2,29,15,0,42.2,DREB,42-45,31.8,1,-9,0,2,2,1,1,0,120.6,111.0,-2
0022300528,2023-24,1,17,18,1,34.6,DREB,33-36,20.1,0,5,2,0,1,1,0,0,121.4,114.0,2
0022300528,2023-24,2,18,17,0,33.9,DREB,33-36,18.5,0,-7,1,2,2,1,1,0,114.7,115.7,-1
0022300528,2023-24,3,18,17,0,35.4,DREB,33-36,17.8,0,8,2,0,1,1,0,0,114.7,115.7,2
0022300529,2023-24,1,12,15,1,36.3,MADE_BASKET,36-39,22.0,0,-6,0,2,2,1,1,0,111.3,111.0,-2
0022300529,2023-24,2,12,15,1,36.7,MADE_BASKET,36-39,30.1,1,-15,0,0,1,1,0,0,111.3,111.0,0
0022300529,2023-24,3,15,12,0,42.1,DREB,42-45,28.5,1,17,0,0,2,1,1,0,116.5,117.4,0
0022300530,2023-24,1,26,12,0,39.4,MADE_BASKET,39-42,31.7,1,-9,2,0,1,1,0,0,113.9,117.4,2
0022300530,2023-24,2,26,12,0,44.3,DEAD_BALL,42-45,36.4,1,-25,3,2,2,2,1,1,113.9,117.4,1
0022300530,2023-24,3,12,26,1,33.7,DREB,33-36,17.5,0,20,2,2,2,1,1,0,111.3,118.8,0
0022300531,2023-24,1,26,8,0,40.2,DREB,39-42,30.1,1,1,2,2,2,1,1,0,113.9,113.6,0
0022300531,2023-24,2,8,26,1,35.3,DREB,33-36,23.2,0,2,0,0,1,1,0,0,114.4,118.8,0
0022300532,2023-24,1,20,10,1,35.5,MADE_BASKET,33-36,20.4,0,-8,0,0,1,1,0,0,128.8,111.7,0
0022300532,2023-24,2,20,10,1,32.1,DREB,30-33,17.1,0,-10,2,0,1,1,0,0,128.8,111.7,2
0022300532,2023-24,3,10,20,0,36.8,MADE_BASKET,36-39,33.1,1,-3,2,3,2,1,1,0,118.9,114.4,-1
0022300533,2023-24,1,2,4,1,33.7,MADE_BASKET,33-36,15.7,0,0,3,0,1,1,0,0,120.1,119.6,3
0022300533,2023-24,2,4,2,0,38.9,MADE_BASKET,36-39,32.6,1,0,2,0,2,2,1,1,120.4,117.3,2
0022300533,2023-24,3,2,4,1,43.4,MADE_BASKET,42-45,40.8,1,-18,2,2,3,3,1,1,120.1,119.6,0
0022300534,2023-24,1,13,7,0,31.8,MADE_BASKET,30-33,7.0,0,-3,0,0,1,1,0,0,109.3,117.4,0
0022300534,2023-24,2,13,7,0,36.4,DREB,36-39,19.1,0,-8,0,2,1,1,0,0,109.3,117.4,-2
0022300534,2023-24,3,13,7,0,44.7,DREB,42-45,32.6,1,-6,0,4,2,2,1,1,109.3,117.4,-4
0022300535,2023-24,1,23,12,1,41.9,DREB,39-42,32.5,1,4,3,2,2,1,1,0,111.8,117.4,1
0022300535,2023-24,2,12,23,0,37.6,MADE_BASKET,36-39,27.8,0,-6,0,0,1,1,0,0,111.3,117.6,0
0022300536,2023-24,1,10,30,1,33.2,MADE_BASKET,33-36,14.1,0,4,2,0,1,1,0,0,118.9,112.2,2
0022300536,2023-24,2,10,30,1,38.0,MADE_BASKET,36-39,22.4,0,16,0,4,2,1,1,0,118.9,112.2,-4
0022300536,2023-24,3,10,30,1,38.8,DREB,36-39,35.7,1,8,2,2,2,1,1,0,118.9,112.2,0
0022300537,2023-24,1,29,21,1,42.6,MADE_BASKET,42-45,26.1,0,0,2,0,1,1,0,0,120.6,107.4,2
0022300537,2023-24,2,21,29,0,32.8,MADE_BASKET,30-33,17.8,0,14,0,0,1,1,0,0,126.6,118.5,0
0022300537,2023-24,3,29,21,1,39.1,MADE_BASKET,39-42,20.5,0,-19,2,2,1,1,0,0,120.6,107.4,0
0022300538,2023-24,1,12,26,0,41.8,DREB,39-42,34.1,1,4,4,0,2,2,1,1,111.3,118.8,4
0022300538,2023-24,2,26,12,1,44.4,MADE_BASKET,42-45,33.9,1,-8,2,2,2,1,1,0,113.9,117.4,0
0022300538,2023-24,3,12,26,0,44.8,MADE_BASKET,42-45,29.4,1,14,0,2,2,1,1,0,111.3,118.8,-2
0022300539,2023-24,1,8,9,1,40.6,MADE_BASKET,39-42,25.1,0,-8,2,0,2,1,1,0,114.4,117.2,2
0022300539,2023-24,2,8,9,1,35.8,MADE_BASKET,33-36,25.4,0,-6,2,0,1,1,0,0,114.4,117.2,2
0022300539,2023-24,3,8,9,1,42.4,DREB,42-45,39.2,1,-3,3,0,2,1,1,0,114.4,117.2,3
0022300540,2023-24,1,13,17,0,35.4,MADE_BASKET,33-36,23.5,0,8,3,3,1,1,0,0,109.3,115.7,0
0022300540,2023-24,2,13,17,0,31.6,LIVE_TOV,30-33,25.4,0,3,0,2,2,1,1,0,109.3,115.7,-2
0022300540,2023-24,3,13,17,0,32.8,MADE_BASKET,30-33,11.3,0,5,4,0,2,1,1,0,109.3,115.7,4
0022300541,2023-24,1,26,12,1,30.5,MADE_BASKET,30-33,15.5,0,1,2,2,1,1,0,0,113.9,117.4,0
0022300541,2023-24,2,12,26,0,33.3,MADE_BASKET,33-36,14.8,0,-6,2,0,1,1,0,0,111.3,118.8,2
0022300541,2023-24,3,26,12,1,40.9,MADE_BASKET,39-42,24.7,0,-2,0,3,2,1,1,0,113.9,117.4,-3
0022300542,2023-24,1,7,4,0,32.1,DREB,30-33,19.5,0,-3,2,0,1,1,0,0,112.0,119.6,2
0022300542,2023-24,2,7,4,0,44.8,DREB,42-45,32.0,1,-2,3,3,2,1,1,0,112.0,119.6,0
0022300543,2023-24,2,21,4,0,41.1,MADE_BASKET,39-42,27.4,0,0,2,2,2,1,1,0,126.6,119.6,0
0022300543,2023-24,3,4,21,1,39.6,MADE_BASKET,39-42,24.6,0,-3,3,0,1,1,0,0,120.4,107.4,3
0022300544,2023-24,1,7,13,0,42.9,DREB,42-45,36.2,1,-4,2,0,2,2,1,1,112.0,106.5,2
0022300544,2023-24,2,7,13,0,39.8,MADE_BASKET,39-42,19.4,0,-4,0,2,1,1,0,0,112.0,106.5,-2
0022300544,2023-24,3,13,7,1,38.1,MADE_BASKET,36-39,21.6,0,6,0,2,2,1,1,0,109.3,117.4,-2
0022300545,2023-24,1,21,9,1,32.3,MADE_BASKET,30-33,9.5,0,-6,2,2,2,1,1,0,126.6,117.2,0
0022300545,2023-24,2,9,21,0,37.3,MADE_BASKET,36-39,19.6,0,1,0,0,1,1,0,0,117.4,107.4,0
0022300545,2023-24,3,9,21,0,44.3,MADE_BASKET,42-45,35.4,1,1,2,4,2,2,1,1,117.4,107.4,-2
0022300546,2023-24,1,28,27,1,35.4,MADE_BASKET,33-36,31.3,1,-2,0,3,2,1,1,0,114.5,120.5,-3
0022300546,2023-24,2,28,27,1,30.8,DREB,30-33,16.1,0,-4,2,0,1,1,0,0,114.5,120.5,2
0022300546,2023-24,3,28,27,1,30.5,LIVE_TOV,30-33,8.2,0,-2,0,2,1,1,0,0,114.5,120.5,-2
0022300547,2023-24,1,20,14,0,38.2,DREB,36-39,29.5,1,1,3,1,2,1,1,0,128.8,118.6,2
0022300547,2023-24,2,20,14,0,35.6,DREB,33-36,24.7,0,-2,2,0,1,1,0,0,128.8,118.6,2
0022300547,2023-24,3,14,20,1,37.5,DREB,36-39,21.2,0,16,0,0,1,1,0,0,118.7,114.4,0
0022300548,2023-24,1,7,27,1,31.9,DEAD_BALL,30-33,18.1,0,1,0,0,1,1,0,0,112.0,120.5,0
0022300548,2023-24,2,27,7,0,39.2,DREB,39-42,32.5,1,0,0,3,2,1,1,0,114.9,117.4,-3
0022300548,2023-24,3,27,7,0,32.4,MADE_BASKET,30-33,16.9,0,-10,0,0,1,1,0,0,114.9,117.4,0
0022300549,2023-24,2,8,24,1,42.8,DREB,42-45,22.8,0,-16,3,2,1,1,0,0,114.4,109.7,1
0022300549,2023-24,3,24,8,0,39.4,DREB,39-42,37.2,1,18,1,2,2,2,1,1,119.6,113.6,-1
0022300550,2023-24,1,14,13,1,35.7,DEAD_BALL,33-36,22.3,0,1,2,2,1,1,0,0,118.7,106.5,0
0022300550,2023-24,2,13,14,0,37.4,MADE_BASKET,36-39,31.2,1,-6,2,0,2,1,1,0,109.3,118.6,2
0022300550,2023-24,3,13,14,0,36.2,MADE_BASKET,36-39,31.5,1,-5,4,3,2,1,1,0,109.3,118.6,1
0022300551,2023-24,1,1,16,1,33.0,DREB,33-36,19.8,0,0,0,2,2,1,1,0,111.0,113.3,-2
0022300551,2023-24,2,1,16,1,36.9,DREB,36-39,27.7,0,-6,2,0,2,1,1,0,111.0,113.3,2
0022300551,2023-24,3,16,1,0,31.1,DREB,30-33,17.9,0,4,2,0,1,1,0,0,117.4,119.1,2
0022300552,2023-24,1,6,24,1,41.1,DREB,39-42,37.8,1,-3,2,3,2,1,1,0,116.7,109.7,-1
0022300552,2023-24,2,24,6,0,37.4,DREB,36-39,34.3,1,3,0,2,2,2,1,1,119.6,112.1,-2
0022300552,2023-24,3,24,6,0,39.9,DREB,39-42,26.5,0,3,2,0,1,1,0,0,119.6,112.1,2
0022300553,2023-24,1,9,20,1,42.5,DREB,42-45,27.3,0,-7,0,2,2,1,1,0,117.4,114.4,-2
0022300553,2023-24,2,9,20,1,35.5,DREB,33-36,26.6,0,-10,5,0,2,1,1,0,117.4,114.4,5
0022300553,2023-24,3,20,9,0,33.0,DREB,33-36,19.5,0,8,0,0,1,1,0,0,128.8,117.2,0
0022300554,2023-24,1,6,21,0,38.5,DREB,36-39,25.1,0,10,3,1,2,1,1,0,116.7,107.4,2
0022300554,2023-24,2,21,6,1,32.8,MADE_BASKET,30-33,24.4,0,-14,3,0,1,1,0,0,126.6,112.1,3
0022300554,2023-24,3,6,21,0,35.0,MADE_BASKET,33-36,19.3,0,11,2,3,2,1,1,0,116.7,107.4,-1
0022300555,2023-24,1,4,1,0,37.4,DREB,36-39,19.6,0,6,3,1,1,1,0,0,120.4,119.1,2
0022300555,2023-24,2,1,4,1,32.7,DREB,30-33,17.1,0,-1,1,0,1,1,0,0,111.0,119.6,1
0022300555,2023-24,3,1,4,1,35.9,MADE_BASKET,33-36,19.5,0,-9,0,2,2,1,1,0,111.0,119.6,-2
0022300556,2023-24,1,24,15,1,35.6,DREB,33-36,28.6,1,-1,0,2,2,1,1,0,119.6,111.0,-2
0022300556,2023-24,2,15,24,0,31.6,DREB,30-33,20.0,0,0,2,0,1,1,0,0,116.5,109.7,2
0022300556,2023-24,3,15,24,0,43.2,MADE_BASKET,42-45,29.4,1,1,0,2,2,1,1,0,116.5,109.7,-2
0022300557,2023-24,2,7,24,0,39.8,MADE_BASKET,39-42,29.6,1,3,1,2,2,2,1,1,112.0,109.7,-1
0022300557,2023-24,3,24,7,1,36.7,MADE_BASKET,36-39,21.5,0,-4,0,0,1,1,0,0,119.6,117.4,0
0022300558,2023-24,1,28,1,0,33.4,DREB,33-36,19.1,0,3,0,0,1,1,0,0,114.5,119.1,0
0022300558,2023-24,2,28,1,0,31.9,DREB,30-33,19.6,0,11,0,2,1,1,0,0,114.5,119.1,-2
0022300558,2023-24,3,28,1,0,42.0,DEAD_BALL,42-45,33.1,1,6,4,3,3,2,1,1,114.5,119.1,1
0022300559,2023-24,1,1,27,1,33.3,MADE_BASKET,33-36,15.3,0,-9,0,3,2,1,1,0,111.0,120.5,-3
0022300559,2023-24,2,27,1,0,39.7,MADE_BASKET,39-42,30.9,1,15,4,3,2,1,1,0,114.9,119.1,1
0022300559,2023-24,3,27,1,0,37.7,DREB,36-39,30.1,1,11,3,0,2,1,1,0,114.9,119.1,3
0022300560,2023-24,1,1,26,1,40.1,DREB,39-42,19.5,0,4,0,2,1,1,0,0,111.0,118.8,-2
0022300560,2023-24,2,26,1,0,32.1,MADE_BASKET,30-33,8.6,0,2,3,0,1,1,0,0,113.9,119.1,3
0022300560,2023-24,3,1,26,1,36.4,MADE_BASKET,36-39,33.4,1,0,3,4,2,2,1,1,111.0,118.8,-1
0022300561,2023-24,1,11,2,1,32.5,DREB,30-33,20.1,0,0,3,2,1,1,0,0,116.5,117.3,1
0022300561,2023-24,3,11,2,1,40.1,MADE_BASKET,39-42,32.4,1,0,0,3,2,1,1,0,116.5,117.3,-3
0022300562,2023-24,1,19,7,0,41.2,MADE_BASKET,39-42,37.0,1,0,2,2,2,1,1,0,127.8,117.4,0
0022300562,2023-24,3,7,19,1,42.1,MADE_BASKET,42-45,24.6,0,-7,0,0,1,1,0,0,112.0,111.1,0
0022300563,2023-24,1,11,6,1,42.2,MADE_BASKET,42-45,32.5,1,-9,2,2,2,1,1,0,116.5,112.1,0
0022300563,2023-24,2,6,11,0,32.1,MADE_BASKET,30-33,20.7,0,9,0,0,1,1,0,0,116.7,121.8,0
0022300564,2023-24,1,10,15,0,31.2,DREB,30-33,29.3,1,7,0,0,2,1,1,0,118.9,111.0,0
0022300564,2023-24,2,15,10,1,32.9,LIVE_TOV,30-33,29.6,1,-3,0,2,2,1,1,0,116.5,111.7,-2
0022300564,2023-24,3,15,10,1,43.6,MADE_BASKET,42-45,26.2,0,-6,0,0,1,1,0,0,116.5,111.7,0
0022300565,2023-24,1,11,3,0,34.4,MADE_BASKET,33-36,29.4,1,-11,0,3,2,1,1,0,116.5,118.2,-3
0022300565,2023-24,2,11,3,0,41.8,DREB,39-42,28.8,1,-10,2,3,1,1,0,0,116.5,118.2,-1
0022300565,2023-24,3,11,3,0,41.6,MADE_BASKET,39-42,31.1,1,-2,6,1,2,1,1,0,116.5,118.2,5
0022300566,2023-24,1,2,7,0,40.8,DREB,39-42,30.3,1,-4,4,0,2,1,1,0,120.1,117.4,4
0022300566,2023-24,2,7,2,1,39.6,MADE_BASKET,39-42,30.6,1,-7,0,2,2,1,1,0,112.0,117.3,-2
0022300566,2023-24,3,2,7,0,40.3,LIVE_TOV,39-42,28.4,1,9,0,0,1,1,0,0,120.1,117.4,0
0022300567,2023-24,1,23,17,0,41.4,MADE_BASKET,39-42,39.7,1,-2,3,0,2,2,1,1,111.8,115.7,3
0022300567,2023-24,2,17,23,1,30.8,MADE_BASKET,30-33,11.4,0,-7,2,0,1,1,0,0,121.4,117.6,2
0022300567,2023-24,3,23,17,0,32.0,DREB,30-33,29.4,1,7,1,0,2,1,1,0,111.8,115.7,1
0022300568,2023-24,1,25,30,1,40.2,LIVE_TOV,39-42,37.4,1,7,5,0,2,1,1,0,111.5,112.2,5
0022300568,2023-24,2,30,25,0,41.0,DREB,39-42,30.9,1,-19,5,3,2,2,1,1,109.8,113.3,2
0022300568,2023-24,3,25,30,1,38.1,DREB,36-39,29.2,1,23,0,3,2,1,1,0,111.5,112.2,-3
0022300569,2023-24,1,12,1,0,36.8,DREB,36-39,29.9,1,2,2,0,2,2,1,1,111.3,119.1,2
0022300569,2023-24,2,1,12,1,37.6,MADE_BASKET,36-39,22.6,0,3,2,0,1,1,0,0,111.0,117.4,2
0022300569,2023-24,3,1,12,1,39.0,MADE_BASKET,39-42,20.8,0,5,0,2,2,1,1,0,111.0,117.4,-2
0022300570,2023-24,1,3,11,0,43.6,MADE_BASKET,42-45,28.8,1,-6,4,2,2,1,1,0,119.7,121.8,2
0022300570,2023-24,2,11,3,1,30.5,DREB,30-33,7.3,0,9,0,0,1,1,0,0,116.5,118.2,0
0022300570,2023-24,3,3,11,0,31.0,DREB,30-33,11.2,0,-10,0,0,1,1,0,0,119.7,121.8,0
0022300571,2023-24,1,9,22,1,32.9,DREB,30-33,18.7,0,-1,3,2,1,1,0,0,117.4,117.9,1
0022300571,2023-24,2,9,22,1,37.1,MADE_BASKET,36-39,24.1,0,-19,0,1,1,1,0,0,117.4,117.9,-1
0022300572,2023-24,1,11,1,1,33.5,DEAD_BALL,33-36,29.3,1,3,3,0,2,1,1,0,116.5,119.1,3
0022300572,2023-24,3,11,1,1,36.4,DREB,36-39,29.1,1,25,2,0,2,1,1,0,116.5,119.1,2
0022300573,2023-24,1,9,10,0,41.0,DEAD_BALL,39-42,34.3,1,-3,2,5,2,1,1,0,117.4,111.7,-3
0022300573,2023-24,2,10,9,1,33.2,DREB,33-36,17.0,0,12,1,2,2,1,1,0,118.9,117.2,-1
0022300573,2023-24,3,9,10,0,32.8,MADE_BASKET,30-33,13.5,0,-7,0,2,1,1,0,0,117.4,111.7,-2
0022300574,2023-24,1,5,26,1,42.0,DREB,42-45,32.3,1,-6,4,2,2,1,1,0,112.8,118.8,2
0022300574,2023-24,3,5,26,1,44.3,MADE_BASKET,42-45,34.1,1,-22,4,0,2,2,1,1,112.8,118.8,4
0022300575,2023-24,2,15,10,0,31.5,DREB,30-33,23.8,0,13,0,0,1,1,0,0,116.5,111.7,0
0022300575,2023-24,3,10,15,1,37.4,MADE_BASKET,36-39,21.2,0,-17,0,0,1,1,0,0,118.9,111.0,0
0022300576,2023-24,1,7,8,1,39.3,MADE_BASKET,39-42,31.0,1,-15,1,0,2,1,1,0,112.0,113.6,1
0022300576,2023-24,2,7,8,1,37.8,MADE_BASKET,36-39,29.9,1,-11,2,2,2,2,1,1,112.0,113.6,0
0022300576,2023-24,3,8,7,0,30.5,DREB,30-33,15.7,0,5,2,2,1,1,0,0,114.4,117.4,0
0022300577,2023-24,1,28,25,1,44.4,DREB,42-45,30.1,1,-4,0,0,1,1,0,0,114.5,113.3,0
0022300577,2023-24,2,25,28,0,43.9,MADE_BASKET,42-45,24.2,0,4,0,2,2,1,1,0,111.5,117.7,-2
0022300577,2023-24,3,25,28,0,34.4,MADE_BASKET,33-36,22.7,0,-4,2,0,1,1,0,0,111.5,117.7,2
0022300578,2023-24,1,2,17,0,34.0,DREB,33-36,18.8,0,1,3,0,1,1,0,0,120.1,115.7,3
0022300578,2023-24,2,2,17,0,43.6,MADE_BASKET,42-45,32.9,1,-5,2,1,2,2,1,1,120.1,115.7,1
0022300578,2023-24,3,17,2,1,34.3,LIVE_TOV,33-36,24.4,0,8,0,2,1,1,0,0,121.4,117.3,-2
0022300579,2023-24,1,19,1,1,37.2,DREB,36-39,30.6,1,-5,2,2,2,1,1,0,127.8,119.1,0
0022300579,2023-24,3,19,1,1,40.1,MADE_BASKET,39-42,34.6,1,1,3,3,3,2,1,1,127.8,119.1,0
0022300580,2023-24,1,28,17,0,40.6,MADE_BASKET,39-42,35.8,1,-5,1,0,2,2,1,1,114.5,115.7,1
0022300580,2023-24,2,17,28,1,35.1,DREB,33-36,18.7,0,7,2,3,1,1,0,0,121.4,117.7,-1
0022300580,2023-24,3,17,28,1,30.4,DREB,30-33,10.1,0,2,0,1,1,1,0,0,121.4,117.7,-1
0022300581,2023-24,1,23,1,0,35.8,LIVE_TOV,33-36,25.5,0,2,2,2,1,1,0,0,111.8,119.1,0
0022300581,2023-24,2,23,1,0,34.3,MADE_BASKET,33-36,24.4,0,6,0,3,1,1,0,0,111.8,119.1,-3
0022300581,2023-24,3,23,1,0,32.4,LIVE_TOV,30-33,29.7,1,-8,0,0,2,1,1,0,111.8,119.1,0
0022300582,2023-24,1,1,29,0,30.9,LIVE_TOV,30-33,23.5,0,4,2,2,2,1,1,0,111.0,118.5,0
0022300582,2023-24,2,1,29,0,34.0,MADE_BASKET,33-36,22.9,0,10,0,2,1,1,0,0,111.0,118.5,-2
0022300582,2023-24,3,29,1,1,31.9,DREB,30-33,15.4,0,-19,0,0,1,1,0,0,120.6,119.1,0
0022300583,2023-24,1,16,25,0,30.3,MADE_BASKET,30-33,7.8,0,-1,0,0,1,1,0,0,117.4,113.3,0
0022300583,2023-24,2,25,16,1,32.5,DEAD_BALL,30-33,30.7,1,1,0,0,2,1,1,0,111.5,113.3,0
0022300583,2023-24,3,25,16,1,42.5,DREB,42-45,36.3,1,7,2,0,2,2,1,1,111.5,113.3,2
0022300584,2023-24,1,20,26,1,42.4,DREB,42-45,29.0,1,3,5,3,2,1,1,0,128.8,118.8,2
0022300584,2023-24,3,26,20,0,39.1,DREB,39-42,28.9,1,9,4,0,2,1,1,0,113.9,114.4,4
0022300585,2023-24,1,20,15,1,33.7,DREB,33-36,19.0,0,-10,0,0,1,1,0,0,128.8,111.0,0
0022300585,2023-24,2,15,20,0,35.7,DREB,33-36,32.8,1,7,0,2,2,1,1,0,116.5,114.4,-2
0022300585,2023-24,3,20,15,1,43.2,MADE_BASKET,42-45,23.3,0,-14,2,3,1,1,0,0,128.8,111.0,-1
0022300586,2023-24,1,3,8,1,42.3,LIVE_TOV,42-45,37.3,1,-12,4,0,2,2,1,1,119.7,113.6,4
0022300586,2023-24,3,8,3,0,36.5,MADE_BASKET,36-39,31.1,1,12,2,3,2,1,1,0,114.4,118.2,-1
0022300587,2023-24,1,25,11,1,42.0,MADE_BASKET,42-45,30.1,1,0,3,0,2,1,1,0,111.5,121.8,3
0022300587,2023-24,2,11,25,0,40.4,MADE_BASKET,39-42,33.5,1,-8,2,0,2,1,1,0,116.5,113.3,2
0022300587,2023-24,3,25,11,1,38.6,DEAD_BALL,36-39,34.3,1,-3,2,0,2,1,1,0,111.5,121.8,2
0022300588,2023-24,2,2,19,0,38.3,DREB,36-39,31.6,1,-6,3,0,2,1,1,0,120.1,111.1,3
0022300588,2023-24,3,19,2,1,41.4,DREB,39-42,32.3,1,-6,2,2,2,1,1,0,127.8,117.3,0
0022300589,2023-24,1,26,25,0,45.0,DREB,42-45,37.5,1,3,0,2,2,2,1,1,113.9,113.3,-2
0022300589,2023-24,2,26,25,0,42.3,MADE_BASKET,42-45,19.0,0,6,2,2,1,1,0,0,113.9,113.3,0
0022300589,2023-24,3,25,26,1,43.5,DREB,42-45,30.1,1,-7,0,0,2,1,1,0,111.5,118.8,0
0022300590,2023-24,1,9,5,1,42.8,MADE_BASKET,42-45,28.2,1,1,0,3,2,1,1,0,117.4,120.6,-3
0022300590,2023-24,2,5,9,0,34.9,MADE_BASKET,33-36,28.7,1,-3,3,0,2,1,1,0,112.8,117.2,3
0022300591,2023-24,1,7,18,1,35.2,MADE_BASKET,33-36,29.2,1,-11,4,5,2,2,1,1,112.0,114.0,-1
0022300591,2023-24,2,7,18,1,40.5,DREB,39-42,37.2,1,-17,0,2,2,1,1,0,112.0,114.0,-2
0022300592,2023-24,1,5,20,0,43.3,DEAD_BALL,42-45,33.4,1,1,0,3,1,1,0,0,112.8,114.4,-3
0022300592,2023-24,3,20,5,1,41.4,MADE_BASKET,39-42,33.9,1,-10,4,2,2,2,1,1,128.8,120.6,2
0022300593,2023-24,1,16,24,0,31.8,MADE_BASKET,30-33,29.5,1,2,3,2,2,1,1,0,117.4,109.7,1
0022300593,2023-24,2,16,24,0,36.1,DREB,36-39,31.1,1,0,0,0,2,1,1,0,117.4,109.7,0
0022300593,2023-24,3,16,24,0,43.1,DREB,42-45,25.3,0,-7,2,0,1,1,0,0,117.4,109.7,2
0022300594,2023-24,1,10,2,0,39.2,LIVE_TOV,39-42,34.1,1,0,2,0,2,1,1,0,118.9,117.3,2
0022300594,2023-24,2,2,10,1,36.2,MADE_BASKET,36-39,30.1,1,-10,3,0,2,2,1,1,120.1,111.7,3
0022300595,2023-24,1,23,8,1,34.7,DREB,33-36,17.4,0,4,2,0,1,1,0,0,111.8,113.6,2
0022300595,2023-24,2,8,23,0,34.8,MADE_BASKET,33-36,30.1,1,-2,2,0,2,1,1,0,114.4,117.6,2
0022300595,2023-24,3,8,23,0,33.2,MADE_BASKET,33-36,11.4,0,6,5,0,1,1,0,0,114.4,117.6,5
0022300596,2023-24,1,13,11,1,32.1,MADE_BASKET,30-33,10.9,0,0,2,0,1,1,0,0,109.3,121.8,2
0022300596,2023-24,3,13,11,1,38.0,DREB,36-39,31.2,1,-12,3,1,2,1,1,0,109.3,121.8,2
0022300597,2023-24,1,27,4,0,44.6,DREB,42-45,39.9,1,7,2,0,2,2,1,1,114.9,119.6,2
0022300597,2023-24,2,4,27,1,41.8,MADE_BASKET,39-42,33.5,1,-21,6,0,2,2,1,1,120.4,120.5,6
0022300597,2023-24,3,27,4,0,39.0,MADE_BASKET,39-42,29.8,1,17,0,5,2,1,1,0,114.9,119.6,-5
0022300598,2023-24,1,19,21,0,40.4,MADE_BASKET,39-42,30.3,1,-2,5,3,2,1,1,0,127.8,107.4,2
0022300598,2023-24,2,19,21,0,43.7,DREB,42-45,30.3,1,3,5,0,2,2,1,1,127.8,107.4,5
0022300598,2023-24,3,19,21,0,31.8,MADE_BASKET,30-33,18.4,0,0,0,0,1,1,0,0,127.8,107.4,0
0022300599,2023-24,1,16,25,1,35.6,MADE_BASKET,33-36,24.3,0,6,0,0,1,1,0,0,117.4,113.3,0
0022300599,2023-24,2,25,16,0,36.0,DREB,36-39,20.7,0,-7,0,0,1,1,0,0,111.5,113.3,0
0022300600,2023-24,1,24,29,0,33.2,MADE_BASKET,33-36,19.9,0,-9,2,0,1,1,0,0,119.6,118.5,2
0022300600,2023-24,2,29,24,1,42.7,DREB,42-45,27.7,0,2,2,0,2,1,1,0,120.6,109.7,2
0022300600,2023-24,3,29,24,1,40.6,MADE_BASKET,39-42,35.2,1,5,3,2,2,1,1,0,120.6,109.7,1
0022300601,2023-24,1,30,15,1,35.7,MADE_BASKET,33-36,10.5,0,-8,0,0,1,1,0,0,109.8,111.0,0
0022300601,2023-24,2,30,15,1,31.3,MADE_BASKET,30-33,8.0,0,-19,3,0,1,1,0,0,109.8,111.0,3
0022300601,2023-24,3,30,15,1,33.9,MADE_BASKET,33-36,21.3,0,-23,0,0,1,1,0,0,109.8,111.0,0
0022300602,2023-24,1,9,13,0,35.1,LIVE_TOV,33-36,29.8,1,3,0,3,2,1,1,0,117.4,106.5,-3
0022300602,2023-24,2,9,13,0,42.5,DREB,42-45,30.3,1,-1,2,0,2,1,1,0,117.4,106.5,2
0022300603,2023-24,1,2,23,0,34.0,MADE_BASKET,33-36,29.2,1,-5,2,2,2,1,1,0,120.1,117.6,0
0022300603,2023-24,2,2,23,0,43.3,MADE_BASKET,42-45,30.6,1,-12,2,3,2,2,1,1,120.1,117.6,-1
0022300603,2023-24,3,2,23,0,42.3,LIVE_TOV,42-45,40.8,1,-24,2,0,2,2,1,1,120.1,117.6,2
0022300604,2023-24,1,27,9,1,34.6,DREB,33-36,28.6,1,3,2,1,2,1,1,0,114.9,117.2,1
0022300604,2023-24,2,9,27,0,36.4,MADE_BASKET,36-39,21.7,0,-6,0,2,1,1,0,0,117.4,120.5,-2
0022300604,2023-24,3,9,27,0,31.6,MADE_BASKET,30-33,29.2,1,-1,0,2,2,1,1,0,117.4,120.5,-2
0022300605,2023-24,1,8,29,1,33.8,MADE_BASKET,33-36,16.0,0,-3,0,2,1,1,0,0,114.4,118.5,-2
0022300605,2023-24,2,29,8,0,43.2,DREB,42-45,32.8,1,-10,4,0,2,1,1,0,120.6,113.6,4
0022300605,2023-24,3,29,8,0,42.4,MADE_BASKET,42-45,34.7,1,-10,3,3,2,2,1,1,120.6,113.6,0
0022300606,2023-24,1,15,10,1,38.4,MADE_BASKET,36-39,24.5,0,7,4,0,2,1,1,0,116.5,111.7,4
0022300606,2023-24,2,10,15,0,38.5,MADE_BASKET,36-39,26.7,0,-11,0,2,2,1,1,0,118.9,111.0,-2
0022300606,2023-24,3,10,15,0,34.4,MADE_BASKET,33-36,18.7,0,-7,0,2,1,1,0,0,118.9,111.0,-2
0022300607,2023-24,2,7,26,0,42.9,DREB,42-45,31.7,1,14,0,0,2,1,1,0,112.0,118.8,0
0022300607,2023-24,3,26,7,1,42.9,MADE_BASKET,42-45,32.5,1,-20,2,2,2,2,1,1,113.9,117.4,0
0022300608,2023-24,2,19,22,0,30.7,MADE_BASKET,30-33,8.5,0,3,3,0,1,1,0,0,127.8,117.9,3
0022300608,2023-24,3,19,22,0,38.3,MADE_BASKET,36-39,18.3,0,8,2,2,1,1,0,0,127.8,117.9,0
0022300609,2023-24,1,12,26,1,40.5,DREB,39-42,30.3,1,2,2,3,2,1,1,0,111.3,118.8,-1
0022300609,2023-24,2,26,12,0,38.6,DREB,36-39,31.6,1,0,2,0,2,1,1,0,113.9,117.4,2
0022300609,2023-24,3,12,26,1,38.2,DREB,36-39,31.3,1,-4,1,0,2,2,1,1,111.3,118.8,1
0022300610,2023-24,1,15,2,0,38.7,MADE_BASKET,36-39,29.1,1,1,2,0,2,1,1,0,116.5,117.3,2
0022300610,2023-24,2,2,15,1,32.6,MADE_BASKET,30-33,8.9,0,-15,0,0,1,1,0,0,120.1,111.0,0
0022300611,2023-24,1,8,1,0,30.1,DREB,30-33,10.8,0,-6,0,0,1,1,0,0,114.4,119.1,0
0022300611,2023-24,2,1,8,1,42.0,DREB,42-45,31.5,1,8,3,0,2,1,1,0,111.0,113.6,3
0022300611,2023-24,3,8,1,0,41.5,MADE_BASKET,39-42,38.8,1,-10,4,2,2,2,1,1,114.4,119.1,2
0022300612,2023-24,1,3,19,0,41.9,DEAD_BALL,39-42,22.7,0,-7,2,2,2,1,1,0,119.7,111.1,0
0022300612,2023-24,2,3,19,0,41.6,MADE_BASKET,39-42,20.5,0,-8,0,0,1,1,0,0,119.7,111.1,0
0022300612,2023-24,3,3,19,0,37.7,LIVE_TOV,36-39,31.5,1,-10,0,2,2,1,1,0,119.7,111.1,-2
0022300613,2023-24,1,19,30,1,39.3,MADE_BASKET,39-42,18.0,0,-10,2,2,1,1,0,0,127.8,112.2,0
0022300613,2023-24,2,19,30,1,34.8,MADE_BASKET,33-36,28.6,1,-15,1,0,2,1,1,0,127.8,112.2,1
0022300613,2023-24,3,19,30,1,39.3,DREB,39-42,35.7,1,-19,0,0,2,1,1,0,127.8,112.2,0
0022300614,2023-24,1,14,30,1,31.4,MADE_BASKET,30-33,29.4,1,4,6,0,2,2,1,1,118.7,112.2,6
0022300614,2023-24,2,14,30,1,34.9,MADE_BASKET,33-36,24.1,0,13,0,0,2,1,1,0,118.7,112.2,0
0022300614,2023-24,3,30,14,0,41.6,DREB,39-42,25.8,0,-10,2,3,2,1,1,0,109.8,118.6,-1
0022300615,2023-24,1,19,6,1,35.1,DREB,33-36,22.7,0,9,2,0,1,1,0,0,127.8,112.1,2
0022300615,2023-24,2,6,19,0,41.6,DREB,39-42,31.3,1,-4,2,0,1,1,0,0,116.7,111.1,2
0022300615,2023-24,3,6,19,0,42.0,DREB,42-45,34.1,1,-1,0,2,2,2,1,1,116.7,111.1,-2
0022300616,2023-24,1,2,18,0,38.0,MADE_BASKET,36-39,24.8,0,3,1,0,1,1,0,0,120.1,114.0,1
0022300616,2023-24,2,2,18,0,41.7,DREB,39-42,30.1,1,7,2,0,2,1,1,0,120.1,114.0,2
0022300616,2023-24,3,2,18,0,40.5,DREB,39-42,28.3,1,16,2,0,2,1,1,0,120.1,114.0,2
0022300617,2023-24,1,1,18,0,38.8,MADE_BASKET,36-39,23.3,0,1,3,2,1,1,0,0,111.0,114.0,1
0022300617,2023-24,2,1,18,0,39.4,DEAD_BALL,39-42,29.9,1,-4,0,2,2,1,1,0,111.0,114.0,-2
0022300617,2023-24,3,18,1,1,38.7,DEAD_BALL,36-39,29.4,1,5,2,0,2,1,1,0,114.7,119.1,2
0022300618,2023-24,1,25,30,0,31.7,MADE_BASKET,30-33,9.8,0,-11,0,3,2,1,1,0,111.5,112.2,-3
0022300618,2023-24,2,30,25,1,39.5,MADE_BASKET,39-42,33.5,1,11,0,1,2,2,1,1,109.8,113.3,-1
0022300618,2023-24,3,30,25,1,41.8,MADE_BASKET,39-42,33.9,1,12,4,3,2,2,1,1,109.8,113.3,1
0022300619,2023-24,1,27,5,1,35.0,DREB,33-36,17.9,0,3,0,2,1,1,0,0,114.9,120.6,-2
0022300619,2023-24,2,27,5,1,35.7,DEAD_BALL,33-36,31.0,1,7,2,0,1,1,0,0,114.9,120.6,2
0022300619,2023-24,3,5,27,0,31.8,DREB,30-33,19.8,0,2,2,0,1,1,0,0,112.8,120.5,2
0022300620,2023-24,1,20,23,0,42.8,DREB,42-45,32.1,1,0,5,0,2,1,1,0,128.8,117.6,5
0022300620,2023-24,2,20,23,0,43.3,DREB,42-45,37.4,1,18,4,2,2,2,1,1,128.8,117.6,2
0022300620,2023-24,3,20,23,0,40.9,DREB,39-42,21.8,0,14,0,0,1,1,0,0,128.8,117.6,0
0022300621,2023-24,1,22,30,0,45.0,MADE_BASKET,42-45,35.1,1,-7,2,2,3,2,1,1,115.8,112.2,0
0022300621,2023-24,3,22,30,0,30.1,MADE_BASKET,30-33,9.3,0,2,0,3,2,1,1,0,115.8,112.2,-3
0022300622,2023-24,1,21,1,1,32.8,DREB,30-33,28.4,1,0,2,0,2,1,1,0,126.6,119.1,2
0022300622,2023-24,3,21,1,1,30.9,DREB,30-33,22.1,0,11,2,0,1,1,0,0,126.6,119.1,2
0022300623,2023-24,1,24,26,1,33.8,MADE_BASKET,33-36,18.8,0,-6,3,2,1,1,0,0,119.6,118.8,1
0022300623,2023-24,2,24,26,1,38.9,MADE_BASKET,36-39,24.1,0,-23,4,3,2,1,1,0,119.6,118.8,1
0022300623,2023-24,3,26,24,0,43.9,MADE_BASKET,42-45,34.6,1,18,0,2,2,1,1,0,113.9,109.7,-2
0022300624,2023-24,1,19,28,1,41.8,MADE_BASKET,39-42,35.7,1,6,4,0,2,2,1,1,127.8,117.7,4
0022300624,2023-24,2,19,28,1,35.7,DREB,33-36,22.3,0,6,2,3,1,1,0,0,127.8,117.7,-1
0022300624,2023-24,3,19,28,1,43.6,LIVE_TOV,42-45,29.7,1,9,2,0,2,1,1,0,127.8,117.7,2
0022300625,2023-24,1,24,13,0,39.6,MADE_BASKET,39-42,22.2,0,-10,2,0,1,1,0,0,119.6,106.5,2
0022300625,2023-24,3,24,13,0,37.4,MADE_BASKET,36-39,15.6,0,-14,2,0,2,1,1,0,119.6,106.5,2
0022300626,2023-24,1,20,23,1,44.0,MADE_BASKET,42-45,30.0,1,-2,2,0,2,1,1,0,128.8,117.6,2
0022300626,2023-24,2,23,20,0,39.8,MADE_BASKET,39-42,22.8,0,1,2,2,1,1,0,0,111.8,114.4,0
0022300626,2023-24,3,23,20,0,44.4,MADE_BASKET,42-45,39.4,1,8,2,2,2,2,1,1,111.8,114.4,0
0022300627,2023-24,1,12,5,0,33.6,DEAD_BALL,33-36,31.5,1,-4,5,2,2,2,1,1,111.3,120.6,3
0022300627,2023-24,2,12,5,0,42.7,DREB,42-45,33.3,1,6,0,2,2,1,1,0,111.3,120.6,-2
0022300627,2023-24,3,5,12,1,37.7,DEAD_BALL,36-39,22.1,0,-8,3,0,1,1,0,0,112.8,117.4,3
0022300628,2023-24,1,26,10,0,30.7,MADE_BASKET,30-33,9.0,0,-1,0,0,1,1,0,0,113.9,111.7,0
0022300628,2023-24,2,10,26,1,30.6,DREB,30-33,9.1,0,-8,5,0,1,1,0,0,118.9,118.8,5
0022300628,2023-24,3,26,10,0,33.7,MADE_BASKET,33-36,29.7,1,3,0,2,2,1,1,0,113.9,111.7,-2
0022300629,2023-24,1,21,5,1,32.0,DREB,30-33,28.8,1,-11,0,0,2,1,1,0,126.6,120.6,0
0022300629,2023-24,2,21,5,1,37.1,DREB,36-39,21.8,0,-13,0,2,1,1,0,0,126.6,120.6,-2
0022300630,2023-24,1,24,18,1,36.5,MADE_BASKET,36-39,34.6,1,0,5,0,2,2,1,1,119.6,114.0,5
0022300630,2023-24,2,18,24,0,33.2,DREB,33-36,30.4,1,-5,4,0,2,1,1,0,114.7,109.7,4
0022300631,2023-24,1,21,8,0,34.9,MADE_BASKET,33-36,18.2,0,-3,0,3,1,1,0,0,126.6,113.6,-3
0022300631,2023-24,2,8,21,1,35.3,MADE_BASKET,33-36,16.5,0,3,3,0,1,1,0,0,114.4,107.4,3
0022300631,2023-24,3,21,8,0,39.5,DREB,39-42,32.0,1,-12,0,3,2,1,1,0,126.6,113.6,-3
0022300632,2023-24,2,30,24,0,35.4,DREB,33-36,31.0,1,-8,3,2,2,1,1,0,109.8,109.7,1
0022300632,2023-24,3,30,24,0,40.0,LIVE_TOV,39-42,36.4,1,2,5,2,2,2,1,1,109.8,109.7,3
0022300633,2023-24,1,16,27,1,33.6,DREB,33-36,31.5,1,0,0,2,2,2,1,1,117.4,120.5,-2
0022300633,2023-24,2,16,27,1,38.2,MADE_BASKET,36-39,33.2,1,-8,2,0,2,1,1,0,117.4,120.5,2
0022300633,2023-24,3,16,27,1,33.5,DEAD_BALL,33-36,28.8,1,-7,0,0,1,1,0,0,117.4,120.5,0
0022300634,2023-24,1,18,8,0,43.4,MADE_BASKET,42-45,39.7,1,5,3,5,2,2,1,1,114.7,113.6,-2
0022300634,2023-24,2,8,18,1,35.7,DREB,33-36,18.8,0,1,2,0,1,1,0,0,114.4,114.0,2
0022300634,2023-24,3,8,18,1,38.8,MADE_BASKET,36-39,28.4,1,4,0,0,1,1,0,0,114.4,114.0,0
0022300635,2023-24,2,29,25,1,43.3,MADE_BASKET,42-45,29.3,1,-10,4,2,2,2,1,1,120.6,113.3,2
0022300635,2023-24,3,25,29,0,41.3,MADE_BASKET,39-42,34.0,1,4,2,0,2,1,1,0,111.5,118.5,2
0022300636,2023-24,2,21,19,0,34.7,MADE_BASKET,33-36,30.0,1,19,2,0,2,1,1,0,126.6,111.1,2
0022300636,2023-24,3,21,19,0,30.7,MADE_BASKET,30-33,9.1,0,17,0,0,1,1,0,0,126.6,111.1,0
0022300637,2023-24,1,18,23,0,36.4,MADE_BASKET,36-39,29.7,1,-10,2,2,2,1,1,0,114.7,117.6,0
0022300637,2023-24,2,18,23,0,42.7,MADE_BASKET,42-45,27.3,0,-7,2,0,2,1,1,0,114.7,117.6,2
0022300638,2023-24,1,16,12,0,33.7,DREB,33-36,28.4,1,9,2,0,2,2,1,1,117.4,117.4,2
0022300638,2023-24,2,16,12,0,38.2,MADE_BASKET,36-39,24.4,0,6,2,0,1,1,0,0,117.4,117.4,2
0022300638,2023-24,3,16,12,0,34.9,DREB,33-36,18.1,0,3,2,0,1,1,0,0,117.4,117.4,2
0022300639,2023-24,1,6,1,1,34.3,MADE_BASKET,33-36,15.3,0,1,0,3,1,1,0,0,116.7,119.1,-3
0022300639,2023-24,2,6,1,1,33.3,MADE_BASKET,33-36,29.8,1,-6,2,2,2,1,1,0,116.7,119.1,0
0022300639,2023-24,3,6,1,1,43.7,DEAD_BALL,42-45,31.8,1,-3,0,0,2,1,1,0,116.7,119.1,0
0022300640,2023-24,1,10,13,0,35.7,DREB,33-36,16.3,0,-4,0,2,1,1,0,0,118.9,106.5,-2
0022300640,2023-24,2,13,10,1,32.5,MADE_BASKET,30-33,11.1,0,1,3,3,2,1,1,0,109.3,111.7,0
0022300640,2023-24,3,13,10,1,39.9,MADE_BASKET,39-42,34.0,1,0,3,0,2,2,1,1,109.3,111.7,3
0022300641,2023-24,1,20,10,0,44.3,DEAD_BALL,42-45,33.4,1,-7,3,3,2,1,1,0,128.8,111.7,0
0022300641,2023-24,2,10,20,1,39.7,MADE_BASKET,39-42,28.7,1,-2,4,0,2,1,1,0,118.9,114.4,4
0022300641,2023-24,3,10,20,1,36.7,DREB,36-39,31.2,1,-2,5,2,2,1,1,0,118.9,114.4,3
0022300642,2023-24,1,3,27,0,44.4,DREB,42-45,23.9,0,-6,0,2,1,1,0,0,119.7,120.5,-2
0022300642,2023-24,2,3,27,0,38.2,LIVE_TOV,36-39,35.2,1,3,2,3,2,2,1,1,119.7,120.5,-1
0022300642,2023-24,3,3,27,0,31.3,DREB,30-33,29.0,1,15,2,3,1,1,0,0,119.7,120.5,-1
0022300643,2023-24,1,3,10,0,44.1,DREB,42-45,33.8,1,0,2,0,2,1,1,0,119.7,111.7,2
0022300643,2023-24,2,3,10,0,32.3,DREB,30-33,19.6,0,4,2,3,1,1,0,0,119.7,111.7,-1
0022300643,2023-24,3,10,3,1,33.5,MADE_BASKET,33-36,17.6,0,-1,0,0,1,1,0,0,118.9,118.2,0
0022300644,2023-24,1,25,2,0,37.2,MADE_BASKET,36-39,29.2,1,-4,3,2,2,1,1,0,111.5,117.3,1
0022300644,2023-24,2,25,2,0,40.1,DEAD_BALL,39-42,36.2,1,-2,2,3,2,1,1,0,111.5,117.3,-1
0022300644,2023-24,3,2,25,1,39.9,MADE_BASKET,39-42,35.9,1,-2,5,3,2,2,1,1,120.1,113.3,2
0022300645,2023-24,1,27,6,1,41.0,DEAD_BALL,39-42,31.2,1,1,0,0,2,1,1,0,114.9,112.1,0
0022300645,2023-24,2,6,27,0,33.8,DREB,33-36,10.6,0,6,0,3,1,1,0,0,116.7,120.5,-3
0022300645,2023-24,3,6,27,0,38.0,MADE_BASKET,36-39,19.1,0,6,2,2,1,1,0,0,116.7,120.5,0
0022300646,2023-24,1,20,11,0,38.4,DREB,36-39,31.7,1,0,2,0,2,2,1,1,128.8,121.8,2
0022300646,2023-24,2,20,11,0,36.4,DREB,36-39,29.0,1,2,4,2,2,1,1,0,128.8,121.8,2
0022300646,2023-24,3,11,20,1,39.8,MADE_BASKET,39-42,33.6,1,-15,3,0,2,2,1,1,116.5,114.4,3
0022300647,2023-24,1,4,1,1,39.3,DREB,39-42,34.4,1,13,0,2,2,1,1,0,120.4,119.1,-2
0022300647,2023-24,2,1,4,0,36.0,MADE_BASKET,36-39,29.9,1,-10,2,1,1,1,0,0,111.0,119.6,1
0022300647,2023-24,3,1,4,0,32.4,DREB,30-33,21.8,0,-16,2,0,1,1,0,0,111.0,119.6,2
0022300648,2023-24,1,15,24,1,33.0,DREB,33-36,30.8,1,-10,2,0,2,2,1,1,116.5,109.7,2
0022300648,2023-24,3,24,15,0,43.1,MADE_BASKET,42-45,34.9,1,7,5,2,2,2,1,1,119.6,111.0,3
0022300649,2023-24,1,30,10,1,41.4,MADE_BASKET,39-42,34.6,1,-2,5,0,2,1,1,0,109.8,111.7,5
0022300649,2023-24,2,30,10,1,39.9,MADE_BASKET,39-42,35.5,1,-15,0,2,2,2,1,1,109.8,111.7,-2
0022300649,2023-24,3,10,30,0,41.8,MADE_BASKET,39-42,35.3,1,12,0,3,2,2,1,1,118.9,112.2,-3
0022300650,2023-24,1,1,19,1,45.0,DREB,42-45,28.8,1,-5,0,2,2,1,1,0,111.0,111.1,-2
0022300650,2023-24,2,1,19,1,35.3,MADE_BASKET,33-36,22.4,0,-11,2,3,1,1,0,0,111.0,111.1,-1
0022300650,2023-24,3,19,1,0,36.1,MADE_BASKET,36-39,33.6,1,11,3,0,2,1,1,0,127.8,119.1,3
0022300651,2023-24,1,12,2,0,43.3,DREB,42-45,37.3,1,-2,0,3,2,2,1,1,111.3,117.3,-3
0022300651,2023-24,2,2,12,1,30.5,DREB,30-33,9.6,0,11,3,2,2,1,1,0,120.1,117.4,1
0022300651,2023-24,3,12,2,0,33.5,DREB,33-36,31.8,1,-10,5,0,2,1,1,0,111.3,117.3,5
0022300652,2023-24,1,19,4,0,44.9,MADE_BASKET,42-45,40.7,1,-8,2,2,2,2,1,1,127.8,119.6,0
0022300652,2023-24,3,4,19,1,42.8,DREB,42-45,29.2,1,2,2,2,2,1,1,0,120.4,111.1,0
0022300653,2023-24,1,8,14,1,34.4,DREB,33-36,17.8,0,8,2,0,1,1,0,0,114.4,118.6,2
0022300653,2023-24,2,8,14,1,37.5,MADE_BASKET,36-39,28.8,1,6,2,3,2,1,1,0,114.4,118.6,-1
0022300653,2023-24,3,8,14,1,33.8,MADE_BASKET,33-36,23.7,0,3,2,0,1,1,0,0,114.4,118.6,2
0022300654,2023-24,2,5,19,1,41.3,MADE_BASKET,39-42,34.3,1,1,2,3,2,1,1,0,112.8,111.1,-1
0022300654,2023-24,3,5,19,1,42.8,DREB,42-45,29.2,1,-3,2,0,2,1,1,0,112.8,111.1,2
0022300655,2023-24,1,13,23,0,31.5,MADE_BASKET,30-33,8.1,0,3,0,3,1,1,0,0,109.3,117.6,-3
0022300655,2023-24,3,13,23,0,35.5,MADE_BASKET,33-36,32.2,1,13,2,0,2,1,1,0,109.3,117.6,2
0022300656,2023-24,1,8,30,0,37.8,MADE_BASKET,36-39,28.9,1,3,0,2,1,1,0,0,114.4,112.2,-2
0022300656,2023-24,3,30,8,1,40.1,MADE_BASKET,39-42,27.8,0,-4,5,0,2,1,1,0,109.8,113.6,5
0022300657,2023-24,1,14,25,1,43.1,MADE_BASKET,42-45,35.3,1,-11,0,0,2,1,1,0,118.7,113.3,0
0022300657,2023-24,2,14,25,1,40.2,DREB,39-42,29.4,1,-20,2,3,2,1,1,0,118.7,113.3,-1
0022300657,2023-24,3,14,25,1,33.9,MADE_BASKET,33-36,19.1,0,-24,3,2,1,1,0,0,118.7,113.3,1
0022300658,2023-24,1,20,19,1,30.1,MADE_BASKET,30-33,10.7,0,1,0,3,1,1,0,0,128.8,111.1,-3
0022300658,2023-24,2,20,19,1,39.3,MADE_BASKET,39-42,26.8,0,0,0,0,1,1,0,0,128.8,111.1,0
0022300659,2023-24,1,22,23,0,34.8,MADE_BASKET,33-36,24.2,0,-5,2,2,2,1,1,0,115.8,117.6,0
0022300659,2023-24,2,22,23,0,31.6,MADE_BASKET,30-33,12.2,0,-6,3,3,1,1,0,0,115.8,117.6,0
0022300659,2023-24,3,23,22,1,36.5,DREB,36-39,26.4,0,1,2,0,1,1,0,0,111.8,117.9,2
0022300660,2023-24,1,3,2,1,40.3,DREB,39-42,18.9,0,14,2,0,1,1,0,0,119.7,117.3,2
0022300660,2023-24,2,3,2,1,31.1,MADE_BASKET,30-33,8.8,0,16,2,0,1,1,0,0,119.7,117.3,2
0022300660,2023-24,3,2,3,0,35.8,LIVE_TOV,33-36,34.1,1,-19,5,3,2,2,1,1,120.1,118.2,2
0022300661,2023-24,1,18,27,0,37.7,MADE_BASKET,36-39,29.5,1,3,0,2,2,1,1,0,114.7,120.5,-2
0022300661,2023-24,3,18,27,0,37.9,MADE_BASKET,36-39,30.5,1,7,3,2,2,1,1,0,114.7,120.5,1
0022300662,2023-24,1,27,30,1,30.0,MADE_BASKET,30-33,11.0,0,-7,3,0,1,1,0,0,114.9,112.2,3
0022300662,2023-24,2,30,27,0,39.6,DREB,39-42,31.0,1,10,2,0,2,1,1,0,109.8,120.5,2
0022300662,2023-24,3,30,27,0,40.1,DREB,39-42,33.2,1,4,2,1,2,1,1,0,109.8,120.5,1
0022300663,2023-24,1,29,24,0,40.3,MADE_BASKET,39-42,32.6,1,3,2,2,2,1,1,0,120.6,109.7,0
0022300663,2023-24,2,24,29,1,32.4,MADE_BASKET,30-33,12.5,0,-8,2,2,1,1,0,0,119.6,118.5,0
0022300663,2023-24,3,29,24,0,31.1,MADE_BASKET,30-33,18.8,0,14,2,3,2,1,1,0,120.6,109.7,-1
0022300664,2023-24,3,16,3,1,40.2,DEAD_BALL,39-42,28.8,1,14,2,3,1,1,0,0,117.4,118.2,-1
0022300665,2023-24,1,3,30,0,31.3,MADE_BASKET,30-33,22.3,0,-2,0,0,1,1,0,0,119.7,112.2,0
0022300665,2023-24,2,30,3,1,40.3,DREB,39-42,36.4,1,-5,1,0,2,1,1,0,109.8,118.2,1
0022300665,2023-24,3,3,30,0,38.7,MADE_BASKET,36-39,20.2,0,-14,0,0,1,1,0,0,119.7,112.2,0
0022300666,2023-24,1,5,6,0,44.4,DEAD_BALL,42-45,31.5,1,1,0,2,2,1,1,0,112.8,112.1,-2
0022300666,2023-24,2,5,6,0,44.6,DEAD_BALL,42-45,34.3,1,1,3,0,2,1,1,0,112.8,112.1,3
0022300666,2023-24,3,5,6,0,43.2,LIVE_TOV,42-45,33.1,1,4,4,3,2,2,1,1,112.8,112.1,1
0022300667,2023-24,1,17,6,0,40.9,DREB,39-42,20.9,0,-7,3,0,1,1,0,0,121.4,112.1,3
0022300667,2023-24,2,6,17,1,33.1,MADE_BASKET,33-36,14.0,0,7,0,0,1,0,0,0,116.7,115.7,0
0022300667,2023-24,3,6,17,1,30.1,MADE_BASKET,30-33,7.5,0,6,2,0,1,0,0,0,116.7,115.7,2
0022300668,2023-24,1,28,26,1,39.1,MADE_BASKET,39-42,31.8,1,-7,2,0,2,1,1,0,114.5,118.8,2
0022300668,2023-24,2,28,26,1,39.8,DREB,39-42,32.0,1,-9,3,0,2,1,1,0,114.5,118.8,3
0022300668,2023-24,3,28,26,1,44.8,DEAD_BALL,42-45,33.4,1,-4,2,2,2,1,1,0,114.5,118.8,0
0022300669,2023-24,2,25,15,1,38.7,MADE_BASKET,36-39,35.4,1,9,4,4,2,2,1,1,111.5,111.0,0
0022300670,2023-24,1,12,2,1,34.0,MADE_BASKET,33-36,29.1,1,-13,0,0,1,1,0,0,111.3,117.3,0
0022300670,2023-24,2,12,2,1,42.5,MADE_BASKET,42-45,25.8,0,-13,2,0,1,1,0,0,111.3,117.3,2
0022300670,2023-24,3,12,2,1,44.1,DREB,42-45,29.0,1,-6,2,1,2,1,1,0,111.3,117.3,1
0022300671,2023-24,1,6,24,0,40.5,DREB,39-42,31.2,1,-2,1,0,2,1,1,0,116.7,109.7,1
0022300671,2023-24,2,24,6,1,35.0,DREB,33-36,31.1,1,5,2,2,2,1,1,0,119.6,112.1,0
0022300671,2023-24,3,6,24,0,42.5,DEAD_BALL,42-45,35.8,1,-11,5,0,2,2,1,1,116.7,109.7,5
0022300672,2023-24,1,6,5,1,36.0,MADE_BASKET,36-39,30.1,1,1,3,0,2,1,1,0,116.7,120.6,3
0022300672,2023-24,2,5,6,0,37.9,DREB,36-39,32.9,1,-6,0,0,2,1,1,0,112.8,112.1,0
0022300673,2023-24,1,11,25,1,39.9,DREB,39-42,22.9,0,11,0,0,1,1,0,0,116.5,113.3,0
0022300673,2023-24,2,25,11,0,30.3,MADE_BASKET,30-33,22.5,0,-12,2,2,1,1,0,0,111.5,121.8,0
0022300674,2023-24,1,13,21,0,39.8,DREB,39-42,29.3,1,-2,2,2,2,1,1,0,109.3,107.4,0
0022300674,2023-24,2,21,13,1,32.8,MADE_BASKET,30-33,18.5,0,4,2,0,1,1,0,0,126.6,106.5,2
0022300674,2023-24,3,21,13,1,40.1,DREB,39-42,31.8,1,10,2,2,2,1,1,0,126.6,106.5,0
0022300675,2023-24,1,30,12,1,44.4,DEAD_BALL,42-45,33.8,1,4,0,0,2,2,1,1,109.8,117.4,0
0022300675,2023-24,2,12,30,0,44.0,DREB,42-45,33.1,1,-2,3,0,2,1,1,0,111.3,112.2,3
0022300675,2023-24,3,12,30,0,41.4,DREB,39-42,29.6,1,-8,0,0,2,1,1,0,111.3,112.2,0
0022300676,2023-24,1,14,3,0,33.9,DREB,33-36,18.2,0,-5,0,0,1,0,0,0,118.7,118.2,0
0022300676,2023-24,2,14,3,0,39.2,DREB,39-42,24.7,0,2,2,2,1,1,0,0,118.7,118.2,0
0022300676,2023-24,3,3,14,1,39.4,DREB,39-42,34.8,1,1,2,0,2,1,1,0,119.7,118.6,2
0022300677,2023-24,1,26,7,0,35.7,MADE_BASKET,33-36,28.7,1,-3,3,2,2,1,1,0,113.9,117.4,1
0022300677,2023-24,2,26,7,0,44.1,MADE_BASKET,42-45,28.7,1,-3,3,0,2,1,1,0,113.9,117.4,3
0022300677,2023-24,3,26,7,0,39.3,MADE_BASKET,39-42,29.6,1,-1,2,0,2,2,1,1,113.9,117.4,2
0022300678,2023-24,1,3,1,0,30.9,DREB,30-33,11.2,0,1,0,0,1,1,0,0,119.7,119.1,0
0022300678,2023-24,2,3,1,0,35.4,MADE_BASKET,33-36,15.9,0,2,3,0,2,1,1,0,119.7,119.1,3
0022300678,2023-24,3,3,1,0,34.3,DREB,33-36,13.6,0,2,2,2,1,1,0,0,119.7,119.1,0
0022300679,2023-24,1,2,24,1,38.5,MADE_BASKET,36-39,35.0,1,-5,0,0,2,2,1,1,120.1,109.7,0
0022300679,2023-24,2,2,24,1,40.8,DREB,39-42,24.4,0,-6,0,2,1,1,0,0,120.1,109.7,-2
0022300679,2023-24,3,2,24,1,42.6,MADE_BASKET,42-45,38.6,1,-19,2,5,2,2,1,1,120.1,109.7,-3
0022300680,2023-24,1,8,28,1,38.4,MADE_BASKET,36-39,15.0,0,0,2,2,1,1,0,0,114.4,117.7,0
0022300680,2023-24,3,28,8,0,32.1,DREB,30-33,12.7,0,-13,0,0,1,1,0,0,114.5,113.6,0
0022300681,2023-24,1,1,16,1,41.3,DEAD_BALL,39-42,26.1,0,-1,0,2,2,1,1,0,111.0,113.3,-2
0022300681,2023-24,2,1,16,1,36.7,MADE_BASKET,36-39,27.5,0,-13,2,3,2,1,1,0,111.0,113.3,-1
0022300682,2023-24,2,18,9,1,40.8,DEAD_BALL,39-42,29.1,1,-22,3,0,2,1,1,0,114.7,117.2,3
0022300682,2023-24,3,18,9,1,37.4,MADE_BASKET,36-39,22.8,0,-17,2,0,1,1,0,0,114.7,117.2,2
0022300683,2023-24,1,29,17,0,42.0,MADE_BASKET,42-45,28.2,1,8,0,3,2,1,1,0,120.6,115.7,-3
0022300683,2023-24,2,17,29,1,42.3,MADE_BASKET,42-45,35.0,1,4,4,2,2,1,1,0,121.4,118.5,2
0022300683,2023-24,3,29,17,0,36.7,DREB,36-39,18.8,0,-4,0,2,1,1,0,0,120.6,115.7,-2
0022300684,2023-24,1,28,19,0,31.2,DREB,30-33,28.7,1,9,0,0,1,1,0,0,114.5,111.1,0
0022300684,2023-24,2,19,28,1,36.3,MADE_BASKET,36-39,30.9,1,-5,0,2,2,1,1,0,127.8,117.7,-2
0022300684,2023-24,3,19,28,1,37.7,DEAD_BALL,36-39,29.9,1,1,2,1,2,2,1,1,127.8,117.7,1
0022300685,2023-24,1,20,26,0,36.7,MADE_BASKET,36-39,20.5,0,-6,0,2,2,1,1,0,128.8,118.8,-2
0022300685,2023-24,2,20,26,0,40.2,DREB,39-42,24.2,0,-12,2,3,1,1,0,0,128.8,118.8,-1
0022300685,2023-24,3,20,26,0,38.8,MADE_BASKET,36-39,31.4,1,-16,4,2,3,2,1,1,128.8,118.8,2
0022300686,2023-24,1,6,26,1,36.3,DREB,36-39,22.4,0,2,3,2,1,1,0,0,116.7,118.8,1
0022300686,2023-24,2,26,6,0,34.2,LIVE_TOV,33-36,31.7,1,-5,3,0,2,2,1,1,113.9,112.1,3
0022300686,2023-24,3,6,26,1,37.7,DREB,36-39,22.8,0,0,2,2,1,1,0,0,116.7,118.8,0
0022300687,2023-24,1,27,11,0,39.2,LIVE_TOV,39-42,34.8,1,1,2,0,2,2,1,1,114.9,121.8,2
0022300687,2023-24,2,27,11,0,31.3,DREB,30-33,11.7,0,1,2,0,1,1,0,0,114.9,121.8,2
0022300687,2023-24,3,27,11,0,32.7,DREB,30-33,20.1,0,2,0,0,1,1,0,0,114.9,121.8,0
0022300688,2023-24,1,18,10,1,40.7,DEAD_BALL,39-42,30.1,1,-6,2,5,2,1,1,0,114.7,111.7,-3
0022300688,2023-24,2,18,10,1,35.2,MADE_BASKET,33-36,30.8,1,-18,2,2,2,1,1,0,114.7,111.7,0
0022300688,2023-24,3,18,10,1,34.3,LIVE_TOV,33-36,32.2,1,-23,4,0,2,1,1,0,114.7,111.7,4
0022300689,2023-24,1,26,25,0,38.6,MADE_BASKET,36-39,29.2,1,10,0,2,2,1,1,0,113.9,113.3,-2
0022300689,2023-24,2,26,25,0,41.8,DREB,39-42,38.3,1,12,3,3,3,2,1,1,113.9,113.3,0
0022300689,2023-24,3,26,25,0,36.5,LIVE_TOV,36-39,31.1,1,22,3,2,2,1,1,0,113.9,113.3,1
0022300690,2023-24,1,13,5,0,44.7,DREB,42-45,29.3,1,6,0,1,2,1,1,0,109.3,120.6,-1
0022300690,2023-24,2,5,13,1,39.1,MADE_BASKET,39-42,32.3,1,-16,4,0,2,1,1,0,112.8,106.5,4
0022300690,2023-24,3,13,5,0,43.7,DREB,42-45,34.3,1,10,2,3,2,1,1,0,109.3,120.6,-1
0022300691,2023-24,1,25,7,1,31.0,DREB,30-33,9.8,0,2,2,0,1,1,0,0,111.5,117.4,2
0022300691,2023-24,2,25,7,1,36.4,MADE_BASKET,36-39,30.1,1,8,3,3,2,1,1,0,111.5,117.4,0
0022300691,2023-24,3,25,7,1,39.2,MADE_BASKET,39-42,32.4,1,-7,4,0,2,1,1,0,111.5,117.4,4
0022300692,2023-24,1,5,4,1,35.3,MADE_BASKET,33-36,27.9,0,2,5,2,2,1,1,0,112.8,119.6,3
0022300692,2023-24,2,4,5,0,42.8,MADE_BASKET,42-45,29.3,1,-3,2,3,2,1,1,0,120.4,120.6,-1
0022300692,2023-24,3,4,5,0,32.2,DREB,30-33,28.4,1,-12,0,0,2,1,1,0,120.4,120.6,0
0022300693,2023-24,2,8,2,0,32.8,DREB,30-33,9.7,0,7,3,2,1,1,0,0,114.4,117.3,1
0022300693,2023-24,3,8,2,0,43.3,MADE_BASKET,42-45,33.8,1,3,0,2,2,1,1,0,114.4,117.3,-2
0022300694,2023-24,1,24,11,1,37.3,DREB,36-39,20.0,0,3,0,0,1,1,0,0,119.6,121.8,0
0022300694,2023-24,2,24,11,1,32.1,MADE_BASKET,30-33,7.2,0,-3,0,3,1,1,0,0,119.6,121.8,-3
0022300695,2023-24,2,7,16,1,32.5,DREB,30-33,13.4,0,5,0,2,1,1,0,0,112.0,113.3,-2
0022300695,2023-24,3,7,16,1,44.1,DREB,42-45,30.8,1,2,3,5,2,2,1,1,112.0,113.3,-2
0022300696,2023-24,1,14,21,0,37.4,MADE_BASKET,36-39,16.6,0,-3,2,2,1,1,0,0,118.7,107.4,0
0022300696,2023-24,2,21,14,1,38.0,MADE_BASKET,36-39,31.9,1,0,2,3,2,1,1,0,126.6,118.6,-1
0022300697,2023-24,1,23,3,0,43.9,MADE_BASKET,42-45,35.6,1,0,0,2,2,1,1,0,111.8,118.2,-2
0022300697,2023-24,2,23,3,0,37.9,DREB,36-39,31.2,1,3,2,3,2,1,1,0,111.8,118.2,-1
0022300697,2023-24,3,3,23,1,37.0,DREB,36-39,20.2,0,2,3,0,1,1,0,0,119.7,117.6,3
0022300698,2023-24,1,20,4,0,38.5,DREB,36-39,29.7,1,5,4,3,2,1,1,0,128.8,119.6,1
0022300698,2023-24,2,20,4,0,36.0,MADE_BASKET,36-39,32.5,1,-3,1,3,2,2,1,1,128.8,119.6,-2
0022300698,2023-24,3,20,4,0,30.5,LIVE_TOV,30-33,8.2,0,-2,2,3,1,1,0,0,128.8,119.6,-1
0022300699,2023-24,1,15,3,0,38.6,LIVE_TOV,36-39,32.3,1,4,0,0,2,1,1,0,116.5,118.2,0
0022300699,2023-24,2,15,3,0,33.7,MADE_BASKET,33-36,23.4,0,-2,2,2,2,1,1,0,116.5,118.2,0
0022300699,2023-24,3,15,3,0,40.8,MADE_BASKET,39-42,29.8,1,3,5,3,2,1,1,0,116.5,118.2,2
0022300700,2023-24,1,25,8,1,35.9,DREB,33-36,29.5,1,1,2,0,2,1,1,0,111.5,113.6,2
0022300700,2023-24,2,25,8,1,31.2,MADE_BASKET,30-33,15.2,0,-3,2,2,1,1,0,0,111.5,113.6,0
0022300700,2023-24,3,25,8,1,36.0,DREB,36-39,30.4,1,-12,3,1,2,1,1,0,111.5,113.6,2
0022300701,2023-24,1,15,14,1,42.1,LIVE_TOV,42-45,33.5,1,-3,4,0,2,2,1,1,116.5,118.6,4
0022300701,2023-24,2,15,14,1,36.5,DREB,36-39,30.4,1,1,2,0,2,1,1,0,116.5,118.6,2
0022300701,2023-24,3,14,15,0,42.9,DREB,42-45,38.3,1,0,2,2,2,2,1,1,118.7,111.0,0
0022300702,2023-24,1,1,20,1,35.7,MADE_BASKET,33-36,19.7,0,-9,0,2,1,1,0,0,111.0,114.4,-2
0022300702,2023-24,2,20,1,0,44.3,DREB,42-45,31.8,1,17,6,3,2,2,1,1,128.8,119.1,3
0022300702,2023-24,3,20,1,0,42.2,DREB,42-45,34.8,1,17,4,0,2,1,1,0,128.8,119.1,4
0022300703,2023-24,1,9,29,1,40.6,DREB,39-42,34.9,1,-7,3,6,2,2,1,1,117.4,118.5,-3
0022300703,2023-24,2,29,9,0,38.9,MADE_BASKET,36-39,26.6,0,15,2,2,2,1,1,0,120.6,117.2,0
0022300703,2023-24,3,9,29,1,37.4,MADE_BASKET,36-39,28.4,1,-16,4,2,2,1,1,0,117.4,118.5,2
0022300704,2023-24,1,19,9,1,43.0,MADE_BASKET,42-45,38.7,1,-3,0,2,2,1,1,0,127.8,117.2,-2
0022300704,2023-24,2,9,19,0,44.1,MADE_BASKET,42-45,27.1,0,3,2,3,2,1,1,0,117.4,111.1,-1
0022300704,2023-24,3,19,9,1,41.6,DREB,39-42,30.2,1,-2,2,2,2,2,1,1,127.8,117.2,0
0022300705,2023-24,2,18,11,1,33.3,DREB,33-36,20.3,0,11,0,2,2,1,1,0,114.7,121.8,-2
0022300705,2023-24,3,11,18,0,31.1,MADE_BASKET,30-33,12.6,0,-9,3,0,1,1,0,0,116.5,114.0,3
0022300706,2023-24,1,20,15,1,42.6,MADE_BASKET,42-45,22.8,0,-4,1,2,1,1,0,0,128.8,111.0,-1
0022300706,2023-24,2,20,15,1,44.9,DREB,42-45,31.4,1,6,0,6,2,1,1,0,128.8,111.0,-6
0022300706,2023-24,3,20,15,1,38.8,MADE_BASKET,36-39,24.7,0,-4,3,1,1,1,0,0,128.8,111.0,2
0022300707,2023-24,1,15,18,0,44.6,DREB,42-45,33.0,1,3,4,0,2,2,1,1,116.5,114.0,4
0022300707,2023-24,2,15,18,0,38.6,MADE_BASKET,36-39,16.5,0,1,0,0,1,1,0,0,116.5,114.0,0
0022300708,2023-24,1,16,13,0,35.8,DREB,33-36,21.7,0,2,0,0,2,1,1,0,117.4,106.5,0
0022300708,2023-24,2,16,13,0,30.6,DREB,30-33,9.2,0,4,2,2,2,1,1,0,117.4,106.5,0
0022300708,2023-24,3,13,16,1,32.5,MADE_BASKET,30-33,10.6,0,0,0,0,1,1,0,0,109.3,113.3,0
0022300709,2023-24,2,6,20,1,39.5,MADE_BASKET,39-42,34.3,1,0,2,0,2,1,1,0,116.7,114.4,2
0022300709,2023-24,3,6,20,1,39.4,DREB,39-42,35.4,1,-5,5,0,2,2,1,1,116.7,114.4,5
0022300710,2023-24,1,4,14,1,36.7,DREB,36-39,32.9,1,2,5,3,2,1,1,0,120.4,118.6,2
0022300710,2023-24,2,4,14,1,42.6,DREB,42-45,33.7,1,5,0,0,2,1,1,0,120.4,118.6,0
0022300710,2023-24,3,4,14,1,31.7,DREB,30-33,29.9,1,9,2,3,2,1,1,0,120.4,118.6,-1
0022300711,2023-24,1,13,11,1,44.3,MADE_BASKET,42-45,40.5,1,-1,0,0,2,2,1,1,109.3,121.8,0
0022300711,2023-24,3,13,11,1,44.3,DREB,42-45,29.7,1,3,2,0,2,1,1,0,109.3,121.8,2
0022300712,2023-24,1,26,4,1,40.9,MADE_BASKET,39-42,33.9,1,0,2,0,3,2,1,1,113.9,119.6,2
0022300712,2023-24,2,4,26,0,42.7,LIVE_TOV,42-45,38.5,1,1,0,0,1,1,0,0,120.4,118.8,0
0022300712,2023-24,3,4,26,0,38.6,MADE_BASKET,36-39,33.6,1,-7,4,2,2,2,1,1,120.4,118.8,2
0022300713,2023-24,1,4,20,0,38.5,MADE_BASKET,36-39,30.7,1,-6,4,2,2,1,1,0,120.4,114.4,2
0022300713,2023-24,2,20,4,1,42.8,LIVE_TOV,42-45,29.2,1,-2,1,0,2,2,1,1,128.8,119.6,1
0022300713,2023-24,3,4,20,0,40.6,DREB,39-42,29.4,1,9,1,0,2,1,1,0,120.4,114.4,1
0022300714,2023-24,1,25,9,0,43.5,MADE_BASKET,42-45,28.4,1,9,0,2,1,1,0,0,111.5,117.2,-2
0022300714,2023-24,3,9,25,1,40.3,MADE_BASKET,39-42,28.0,1,-27,2,0,2,1,1,0,117.4,113.3,2
0022300715,2023-24,2,22,2,0,38.1,MADE_BASKET,36-39,17.9,0,5,2,2,2,1,1,0,115.8,117.3,0
0022300715,2023-24,3,2,22,1,34.8,MADE_BASKET,33-36,22.0,0,-8,0,0,1,1,0,0,120.1,117.9,0
0022300716,2023-24,2,8,30,1,37.0,LIVE_TOV,36-39,31.7,1,-3,2,5,2,2,1,1,114.4,112.2,-3
0022300716,2023-24,3,30,8,0,36.7,DREB,36-39,14.9,0,12,0,3,1,1,0,0,109.8,113.6,-3
0022300717,2023-24,1,25,30,1,39.9,DREB,39-42,28.9,1,3,2,0,2,1,1,0,111.5,112.2,2
0022300717,2023-24,2,30,25,0,39.0,DREB,39-42,37.1,1,-6,2,0,2,2,1,1,109.8,113.3,2
0022300717,2023-24,3,30,25,0,42.2,DREB,42-45,31.1,1,-1,0,0,2,1,1,0,109.8,113.3,0
0022300718,2023-24,1,18,2,1,37.3,LIVE_TOV,36-39,33.4,1,2,2,2,2,2,1,1,114.7,117.3,0
0022300718,2023-24,2,18,2,1,35.2,MADE_BASKET,33-36,28.5,1,15,4,0,2,1,1,0,114.7,117.3,4
0022300718,2023-24,3,2,18,0,37.7,DREB,36-39,15.6,0,-21,2,2,1,1,0,0,120.1,114.0,0
0022300719,2023-24,1,25,18,0,42.8,MADE_BASKET,42-45,29.7,1,0,2,2,2,1,1,0,111.5,114.0,0
0022300719,2023-24,2,25,18,0,34.2,DREB,33-36,19.8,0,6,2,0,1,1,0,0,111.5,114.0,2
0022300719,2023-24,3,25,18,0,43.8,DREB,42-45,28.7,1,13,0,0,2,1,1,0,111.5,114.0,0
0022300720,2023-24,1,7,9,1,39.0,LIVE_TOV,39-42,30.6,1,5,2,3,2,1,1,0,112.0,117.2,-1
0022300720,2023-24,3,7,9,1,39.4,DREB,39-42,18.8,0,-2,2,0,1,1,0,0,112.0,117.2,2
0022300721,2023-24,2,2,30,0,43.0,MADE_BASKET,42-45,28.8,1,-5,2,0,1,1,0,0,120.1,112.2,2
0022300722,2023-24,1,19,25,0,41.3,MADE_BASKET,39-42,31.8,1,-10,3,2,2,1,1,0,127.8,113.3,1
0022300722,2023-24,2,19,25,0,40.3,DREB,39-42,31.0,1,-11,3,2,2,1,1,0,127.8,113.3,1
0022300723,2023-24,1,26,29,0,42.1,DREB,42-45,28.8,1,5,2,0,1,1,0,0,113.9,118.5,2
0022300723,2023-24,3,26,29,0,35.0,MADE_BASKET,33-36,29.8,1,10,2,0,1,1,0,0,113.9,118.5,2
0022300724,2023-24,1,4,13,1,33.4,MADE_BASKET,33-36,21.1,0,-7,2,0,1,1,0,0,120.4,106.5,2
0022300724,2023-24,2,13,4,0,37.5,DREB,36-39,23.7,0,6,0,0,1,1,0,0,109.3,119.6,0
0022300724,2023-24,3,4,13,1,43.2,DREB,42-45,29.1,1,-17,0,0,2,1,1,0,120.4,106.5,0
0022300725,2023-24,1,21,24,1,33.9,LIVE_TOV,33-36,30.9,1,1,2,0,2,1,1,0,126.6,109.7,2
0022300725,2023-24,2,24,21,0,40.5,LIVE_TOV,39-42,31.2,1,3,3,2,2,1,1,0,119.6,107.4,1
0022300725,2023-24,3,21,24,1,32.7,DREB,30-33,30.3,1,0,4,2,2,1,1,0,126.6,109.7,2
0022300726,2023-24,1,19,25,1,43.0,DREB,42-45,30.2,1,2,2,2,2,1,1,0,127.8,113.3,0
0022300726,2023-24,2,19,25,1,38.8,MADE_BASKET,36-39,30.7,1,6,3,0,2,1,1,0,127.8,113.3,3
0022300727,2023-24,1,20,15,0,33.8,MADE_BASKET,33-36,21.5,0,-9,0,2,2,1,1,0,128.8,111.0,-2
0022300727,2023-24,2,20,15,0,37.4,MADE_BASKET,36-39,25.3,0,-15,0,0,1,1,0,0,128.8,111.0,0
0022300727,2023-24,3,20,15,0,33.4,MADE_BASKET,33-36,20.6,0,-18,0,2,1,1,0,0,128.8,111.0,-2
0022300728,2023-24,1,22,5,1,32.2,DREB,30-33,24.4,0,8,0,0,1,1,0,0,115.8,120.6,0
0022300728,2023-24,2,22,5,1,31.8,MADE_BASKET,30-33,8.5,0,13,0,0,1,1,0,0,115.8,120.6,0
0022300728,2023-24,3,5,22,0,38.7,DREB,36-39,36.1,1,-17,2,2,2,1,1,0,112.8,117.9,0
0022300729,2023-24,1,28,26,0,39.7,DREB,39-42,37.9,1,-1,2,3,2,2,1,1,114.5,118.8,-1
0022300729,2023-24,2,28,26,0,42.2,MADE_BASKET,42-45,37.4,1,-5,3,3,2,2,1,1,114.5,118.8,0
0022300729,2023-24,3,28,26,0,36.3,DREB,36-39,29.1,1,-6,2,2,1,1,0,0,114.5,118.8,0
0022300730,2023-24,1,19,29,1,30.1,DREB,30-33,11.7,0,0,0,0,1,1,0,0,127.8,118.5,0
0022300730,2023-24,2,29,19,0,40.6,DREB,39-42,29.8,1,-4,0,2,2,1,1,0,120.6,111.1,-2
0022300731,2023-24,1,10,5,0,44.8,DREB,42-45,37.8,1,-1,0,2,2,2,1,1,118.9,120.6,-2
0022300731,2023-24,2,10,5,0,31.2,DREB,30-33,14.4,0,-2,0,2,2,1,1,0,118.9,120.6,-2
0022300731,2023-24,3,10,5,0,31.1,DREB,30-33,18.0,0,-8,4,3,2,1,1,0,118.9,120.6,1
0022300732,2023-24,1,30,28,1,32.8,DREB,30-33,15.2,0,0,0,0,1,1,0,0,109.8,117.7,0
0022300732,2023-24,2,28,30,0,36.6,DREB,36-39,34.4,1,-1,0,0,2,1,1,0,114.5,112.2,0
0022300732,2023-24,3,28,30,0,40.5,DREB,39-42,33.6,1,4,5,0,2,2,1,1,114.5,112.2,5
0022300733,2023-24,2,17,20,0,34.6,DREB,33-36,15.1,0,-10,0,2,1,1,0,0,121.4,114.4,-2
0022300733,2023-24,3,17,20,0,31.8,DREB,30-33,15.0,0,-6,0,3,2,1,1,0,121.4,114.4,-3
0022300734,2023-24,1,6,28,0,32.8,DREB,30-33,24.2,0,-5,0,2,1,1,0,0,116.7,117.7,-2
0022300734,2023-24,2,28,6,1,43.0,MADE_BASKET,42-45,30.4,1,5,0,0,2,1,1,0,114.5,112.1,0
0022300734,2023-24,3,6,28,0,35.1,DREB,33-36,28.5,1,-11,2,3,2,1,1,0,116.7,117.7,-1
0022300735,2023-24,2,22,18,0,32.2,DREB,30-33,29.8,1,-3,2,2,2,2,1,1,115.8,114.0,0
0022300736,2023-24,1,2,5,1,41.6,DREB,39-42,31.4,1,1,2,0,2,1,1,0,120.1,120.6,2
0022300736,2023-24,2,2,5,1,38.4,DREB,36-39,35.7,1,-8,3,2,2,2,1,1,120.1,120.6,1
0022300737,2023-24,1,27,19,1,34.0,MADE_BASKET,33-36,22.2,0,-6,1,0,1,1,0,0,114.9,111.1,1
0022300737,2023-24,2,19,27,0,42.0,MADE_BASKET,42-45,36.0,1,19,4,2,2,2,1,1,127.8,120.5,2
0022300737,2023-24,3,27,19,1,42.7,MADE_BASKET,42-45,39.3,1,-24,1,0,2,2,1,1,114.9,111.1,1
0022300738,2023-24,1,19,2,0,33.2,DREB,33-36,15.1,0,-7,5,2,2,1,1,0,127.8,117.3,3
0022300738,2023-24,3,19,2,0,41.8,LIVE_TOV,39-42,33.7,1,-14,2,0,2,2,1,1,127.8,117.3,2
0022300739,2023-24,1,20,10,1,30.3,DREB,30-33,7.2,0,2,0,1,1,1,0,0,128.8,111.7,-1
0022300739,2023-24,2,10,20,0,43.6,MADE_BASKET,42-45,31.9,1,1,2,2,2,1,1,0,118.9,114.4,0
0022300739,2023-24,3,10,20,0,37.1,MADE_BASKET,36-39,21.4,0,-4,2,0,1,1,0,0,118.9,114.4,2
0022300740,2023-24,2,17,11,0,37.2,DEAD_BALL,36-39,29.0,1,7,0,3,2,1,1,0,121.4,121.8,-3
0022300740,2023-24,3,11,17,1,44.8,DREB,42-45,32.9,1,-13,2,0,2,1,1,0,116.5,115.7,2
0022300741,2023-24,1,1,13,1,43.0,DREB,42-45,40.6,1,8,4,3,2,2,1,1,111.0,106.5,1
0022300741,2023-24,2,13,1,0,39.9,MADE_BASKET,39-42,34.1,1,-9,0,3,2,2,1,1,109.3,119.1,-3
0022300742,2023-24,1,21,28,1,32.8,MADE_BASKET,30-33,17.0,0,3,0,0,1,1,0,0,126.6,117.7,0
0022300742,2023-24,2,21,28,1,31.2,DREB,30-33,13.2,0,6,0,0,1,1,0,0,126.6,117.7,0
0022300742,2023-24,3,28,21,0,35.1,LIVE_TOV,33-36,30.3,1,-5,2,0,2,1,1,0,114.5,107.4,2
0022300743,2023-24,1,15,5,1,44.2,LIVE_TOV,42-45,34.1,1,-1,2,2,2,2,1,1,116.5,120.6,0
0022300743,2023-24,3,5,15,0,34.2,MADE_BASKET,33-36,19.2,0,14,2,3,2,1,1,0,112.8,111.0,-1
0022300744,2023-24,1,18,2,0,39.7,DREB,39-42,35.2,1,-2,2,2,2,1,1,0,114.7,117.3,0
0022300744,2023-24,2,18,2,0,43.5,MADE_BASKET,42-45,30.2,1,-5,2,2,2,1,1,0,114.7,117.3,0
0022300744,2023-24,3,18,2,0,40.8,MADE_BASKET,39-42,36.4,1,-3,4,0,2,2,1,1,114.7,117.3,4
0022300745,2023-24,1,15,12,1,34.8,DREB,33-36,28.4,1,-1,2,2,2,1,1,0,116.5,117.4,0
0022300745,2023-24,2,15,12,1,33.5,DREB,33-36,31.1,1,-9,3,0,1,1,0,0,116.5,117.4,3
0022300745,2023-24,3,15,12,1,40.4,DEAD_BALL,39-42,33.2,1,-7,6,0,2,1,1,0,116.5,117.4,6
0022300746,2023-24,1,21,23,1,45.0,DREB,42-45,31.2,1,7,3,0,2,1,1,0,126.6,117.6,3
0022300746,2023-24,2,21,23,1,37.8,MADE_BASKET,36-39,18.9,0,4,2,0,1,1,0,0,126.6,117.6,2
0022300747,2023-24,2,29,16,1,35.6,MADE_BASKET,33-36,17.2,0,-7,0,0,1,1,0,0,120.6,113.3,0
0022300747,2023-24,3,29,16,1,39.0,DREB,39-42,32.3,1,-4,3,3,2,1,1,0,120.6,113.3,0
0022300748,2023-24,1,6,19,0,41.1,MADE_BASKET,39-42,21.0,0,-9,3,0,1,1,0,0,116.7,111.1,3
0022300748,2023-24,2,19,6,1,43.5,MADE_BASKET,42-45,32.2,1,-3,6,2,2,2,1,1,127.8,112.1,4
0022300748,2023-24,3,19,6,1,35.5,MADE_BASKET,33-36,30.9,1,1,0,2,2,1,1,0,127.8,112.1,-2
0022300749,2023-24,3,23,18,1,39.9,LIVE_TOV,39-42,33.3,1,-13,2,2,2,1,1,0,111.8,114.0,0
0022300750,2023-24,1,1,27,0,44.7,DREB,42-45,33.7,1,-4,3,0,2,1,1,0,111.0,120.5,3
0022300750,2023-24,2,27,1,1,39.4,DREB,39-42,25.5,0,3,0,0,1,1,0,0,114.9,119.1,0
0022300751,2023-24,1,27,21,1,43.6,MADE_BASKET,42-45,35.7,1,-2,3,0,3,2,1,1,114.9,107.4,3
0022300751,2023-24,2,27,21,1,32.2,MADE_BASKET,30-33,20.4,0,-2,0,0,1,1,0,0,114.9,107.4,0
0022300751,2023-24,3,27,21,1,44.6,MADE_BASKET,42-45,33.6,1,-5,4,3,2,1,1,0,114.9,107.4,1
0022300752,2023-24,1,27,29,0,33.4,MADE_BASKET,33-36,29.1,1,-14,5,2,2,2,1,1,114.9,118.5,3
0022300752,2023-24,2,29,27,1,37.4,DEAD_BALL,36-39,23.0,0,11,0,0,1,1,0,0,120.6,120.5,0
0022300752,2023-24,3,27,29,0,39.5,DREB,39-42,35.1,1,3,0,3,2,1,1,0,114.9,118.5,-3
0022300753,2023-24,1,16,19,0,40.1,MADE_BASKET,39-42,29.5,1,-7,0,2,2,1,1,0,117.4,111.1,-2
0022300753,2023-24,2,16,19,0,32.2,DEAD_BALL,30-33,16.2,0,-13,3,2,2,1,1,0,117.4,111.1,1
0022300753,2023-24,3,19,16,1,33.7,DEAD_BALL,33-36,30.3,1,20,2,3,2,2,1,1,127.8,113.3,-1
0022300754,2023-24,1,7,1,1,41.9,MADE_BASKET,39-42,38.6,1,-4,0,3,2,1,1,0,112.0,119.1,-3
0022300754,2023-24,2,1,7,0,36.3,MADE_BASKET,36-39,31.4,1,9,5,0,2,1,1,0,111.0,117.4,5
0022300754,2023-24,3,1,7,0,39.9,LIVE_TOV,39-42,37.7,1,15,3,4,3,2,1,1,111.0,117.4,-1
0022300755,2023-24,1,20,28,0,37.8,LIVE_TOV,36-39,33.0,1,-3,0,2,2,1,1,0,128.8,117.7,-2
0022300755,2023-24,2,20,28,0,44.4,DREB,42-45,32.7,1,-10,2,2,2,1,1,0,128.8,117.7,0
0022300755,2023-24,3,20,28,0,44.6,MADE_BASKET,42-45,33.0,1,-18,0,5,2,2,1,1,128.8,117.7,-5
0022300756,2023-24,1,13,15,1,42.1,DREB,42-45,38.0,1,-11,5,3,2,2,1,1,109.3,111.0,2
0022300756,2023-24,2,15,13,0,33.7,LIVE_TOV,33-36,29.2,1,13,2,0,2,1,1,0,116.5,106.5,2
0022300756,2023-24,3,13,15,1,34.6,LIVE_TOV,33-36,23.8,0,-8,2,2,2,1,1,0,109.3,111.0,0
0022300757,2023-24,1,24,13,1,43.0,DEAD_BALL,42-45,34.8,1,-6,2,2,2,2,1,1,119.6,106.5,0
0022300757,2023-24,2,13,24,0,34.5,DREB,33-36,31.8,1,-4,0,0,2,1,1,0,109.3,109.7,0
0022300757,2023-24,3,13,24,0,36.9,DREB,36-39,23.8,0,-3,0,0,1,1,0,0,109.3,109.7,0
0022300758,2023-24,1,9,11,1,42.3,DREB,42-45,34.2,1,2,4,2,2,1,1,0,117.4,121.8,2
0022300758,2023-24,2,11,9,0,30.8,DREB,30-33,12.5,0,-4,0,3,1,1,0,0,116.5,117.2,-3
0022300758,2023-24,3,9,11,1,31.7,DEAD_BALL,30-33,18.9,0,13,2,3,2,1,1,0,117.4,121.8,-1
0022300759,2023-24,1,22,9,1,30.6,LIVE_TOV,30-33,24.3,0,5,2,2,1,1,0,0,115.8,117.2,0
0022300759,2023-24,2,22,9,1,36.2,MADE_BASKET,36-39,30.9,1,1,0,0,1,1,0,0,115.8,117.2,0
0022300759,2023-24,3,9,22,0,36.0,DREB,36-39,23.9,0,-1,0,0,2,1,1,0,117.4,117.9,0
0022300760,2023-24,1,23,16,1,44.9,DREB,42-45,36.5,1,8,2,0,2,2,1,1,111.8,113.3,2
0022300760,2023-24,2,16,23,0,31.6,DREB,30-33,16.9,0,-18,0,0,1,1,0,0,117.4,117.6,0
0022300760,2023-24,3,16,23,0,35.7,MADE_BASKET,33-36,19.4,0,-24,2,0,1,1,0,0,117.4,117.6,2
0022300761,2023-24,1,17,2,0,30.0,MADE_BASKET,30-33,6.2,0,10,0,2,1,1,0,0,121.4,117.3,-2
0022300761,2023-24,2,17,2,0,40.8,MADE_BASKET,39-42,31.2,1,21,2,3,2,1,1,0,121.4,117.3,-1
0022300761,2023-24,3,2,17,1,42.9,MADE_BASKET,42-45,29.9,1,-26,2,2,2,1,1,0,120.1,115.7,0
0022300762,2023-24,1,9,18,1,42.5,DREB,42-45,28.4,1,7,0,0,2,1,1,0,117.4,114.0,0
0022300762,2023-24,3,18,9,0,42.5,MADE_BASKET,42-45,26.5,0,1,2,0,2,1,1,0,114.7,117.2,2
0022300763,2023-24,1,2,11,1,39.9,LIVE_TOV,39-42,32.9,1,8,4,4,2,2,1,1,120.1,121.8,0
0022300763,2023-24,2,11,2,0,40.6,MADE_BASKET,39-42,28.5,1,-8,2,0,1,1,0,0,116.5,117.3,2
0022300764,2023-24,2,18,2,0,35.2,MADE_BASKET,33-36,31.8,1,11,2,2,2,1,1,0,114.7,117.3,0
0022300765,2023-24,1,9,7,1,39.6,DREB,39-42,36.3,1,0,2,0,1,1,0,0,117.4,117.4,2
0022300765,2023-24,2,7,9,0,35.4,DREB,33-36,32.0,1,-2,1,0,2,1,1,0,112.0,117.2,1
0022300765,2023-24,3,9,7,1,40.8,MADE_BASKET,39-42,35.4,1,-3,5,1,2,2,1,1,117.4,117.4,4
0022300766,2023-24,1,1,2,1,38.0,DEAD_BALL,36-39,22.5,0,4,0,0,1,1,0,0,111.0,117.3,0
0022300766,2023-24,2,1,2,1,41.7,DREB,39-42,40.0,1,12,3,3,2,1,1,0,111.0,117.3,0
0022300766,2023-24,3,1,2,1,44.9,MADE_BASKET,42-45,37.3,1,17,2,3,2,2,1,1,111.0,117.3,-1
0022300767,2023-24,1,19,23,0,40.1,MADE_BASKET,39-42,25.6,0,-3,5,0,2,1,1,0,127.8,117.6,5
0022300767,2023-24,2,23,19,1,40.4,DREB,39-42,25.2,0,-5,0,0,2,1,1,0,111.8,111.1,0
0022300767,2023-24,3,23,19,1,36.3,MADE_BASKET,36-39,23.9,0,-7,0,0,1,1,0,0,111.8,111.1,0
0022300768,2023-24,1,13,1,0,38.1,DREB,36-39,25.9,0,2,2,0,2,1,1,0,109.3,119.1,2
0022300768,2023-24,2,13,1,0,33.1,LIVE_TOV,33-36,29.9,1,-4,0,0,2,1,1,0,109.3,119.1,0
0022300768,2023-24,3,13,1,0,35.6,MADE_BASKET,33-36,12.8,0,-4,2,3,1,1,0,0,109.3,119.1,-1
0022300769,2023-24,1,9,27,1,35.1,DREB,33-36,14.9,0,-4,3,0,2,1,1,0,117.4,120.5,3
0022300769,2023-24,2,9,27,1,34.3,MADE_BASKET,33-36,20.8,0,-4,0,0,1,1,0,0,117.4,120.5,0
0022300769,2023-24,3,9,27,1,37.0,DREB,36-39,31.7,1,-3,4,3,2,1,1,0,117.4,120.5,1
0022300770,2023-24,1,16,9,1,41.3,MADE_BASKET,39-42,35.9,1,-2,4,3,2,1,1,0,117.4,117.2,1
0022300770,2023-24,2,9,16,0,32.4,DREB,30-33,12.7,0,2,2,2,1,1,0,0,117.4,113.3,0
0022300770,2023-24,3,9,16,0,37.5,MADE_BASKET,36-39,29.4,1,10,0,3,2,1,1,0,117.4,113.3,-3
0022300771,2023-24,2,6,18,1,32.9,DREB,30-33,17.7,0,-7,0,0,1,1,0,0,116.7,114.0,0
0022300771,2023-24,3,18,6,0,42.1,MADE_BASKET,42-45,34.4,1,9,0,3,2,1,1,0,114.7,112.1,-3
0022300772,2023-24,1,15,12,1,44.1,DREB,42-45,30.6,1,0,0,0,1,1,0,0,116.5,117.4,0
0022300772,2023-24,2,12,15,0,38.8,MADE_BASKET,36-39,34.2,1,-1,0,0,2,2,1,1,111.3,111.0,0
0022300772,2023-24,3,15,12,1,43.5,DREB,42-45,27.9,0,-10,2,0,2,1,1,0,116.5,117.4,2
0022300773,2023-24,1,27,20,1,30.3,MADE_BASKET,30-33,8.7,0,-4,0,1,1,1,0,0,114.9,114.4,-1
0022300773,2023-24,2,27,20,1,35.7,DREB,33-36,29.3,1,-9,1,0,1,1,0,0,114.9,114.4,1
0022300774,2023-24,1,30,20,1,36.8,MADE_BASKET,36-39,32.5,1,-14,2,0,2,1,1,0,109.8,114.4,2
0022300774,2023-24,2,30,20,1,37.2,MADE_BASKET,36-39,31.8,1,-9,3,2,1,1,0,0,109.8,114.4,1
0022300774,2023-24,3,30,20,1,42.8,MADE_BASKET,42-45,28.1,1,-2,2,0,2,1,1,0,109.8,114.4,2
0022300775,2023-24,1,26,14,0,43.2,DREB,42-45,39.6,1,7,2,4,2,2,1,1,113.9,118.6,-2
0022300775,2023-24,2,26,14,0,30.8,MADE_BASKET,30-33,8.1,0,-1,2,3,1,1,0,0,113.9,118.6,-1
0022300775,2023-24,3,14,26,1,39.2,DREB,39-42,29.6,1,8,3,0,2,1,1,0,118.7,118.8,3
0022300776,2023-24,2,24,9,1,42.4,DREB,42-45,33.2,1,-15,4,0,2,1,1,0,119.6,117.2,4
0022300777,2023-24,2,23,11,1,41.0,DREB,39-42,28.9,1,-8,2,2,2,1,1,0,111.8,121.8,0
0022300777,2023-24,3,23,11,1,31.6,MADE_BASKET,30-33,16.8,0,-15,0,0,1,1,0,0,111.8,121.8,0
0022300778,2023-24,1,5,19,1,32.0,DREB,30-33,16.4,0,0,0,0,1,1,0,0,112.8,111.1,0
0022300778,2023-24,2,5,19,1,43.3,MADE_BASKET,42-45,34.1,1,-11,0,0,2,2,1,1,112.8,111.1,0
0022300778,2023-24,3,5,19,1,41.3,MADE_BASKET,39-42,29.6,1,-22,2,2,2,1,1,0,112.8,111.1,0
0022300779,2023-24,1,29,7,0,34.7,DREB,33-36,30.8,1,-1,2,2,2,1,1,0,120.6,117.4,0
0022300779,2023-24,2,29,7,0,34.3,MADE_BASKET,33-36,20.1,0,1,0,0,1,1,0,0,120.6,117.4,0
0022300779,2023-24,3,29,7,0,35.3,DREB,33-36,22.0,0,-2,0,2,1,1,0,0,120.6,117.4,-2
0022300780,2023-24,1,20,6,1,40.0,MADE_BASKET,39-42,36.1,1,-1,1,2,2,1,1,0,128.8,112.1,-1
0022300780,2023-24,2,6,20,0,31.8,MADE_BASKET,30-33,6.9,0,6,2,2,1,1,0,0,116.7,114.4,0
0022300780,2023-24,3,20,6,1,38.5,MADE_BASKET,36-39,25.0,0,-16,2,0,1,1,0,0,128.8,112.1,2
0022300781,2023-24,1,14,30,0,44.6,MADE_BASKET,42-45,30.7,1,7,2,2,2,1,1,0,118.7,112.2,0
0022300781,2023-24,2,14,30,0,39.5,DREB,39-42,33.5,1,4,5,0,2,1,1,0,118.7,112.2,5
0022300781,2023-24,3,30,14,1,38.4,MADE_BASKET,36-39,20.7,0,-5,3,0,2,1,1,0,109.8,118.6,3
0022300782,2023-24,2,8,4,1,44.5,LIVE_TOV,42-45,29.1,1,0,2,2,2,1,1,0,114.4,119.6,0
0022300782,2023-24,3,8,4,1,33.2,DREB,33-36,21.6,0,4,2,2,1,1,0,0,114.4,119.6,0
0022300783,2023-24,1,26,14,1,42.3,DREB,42-45,40.0,1,5,2,2,2,2,1,1,113.9,118.6,0
0022300783,2023-24,2,26,14,1,31.1,DREB,30-33,29.5,1,14,3,4,2,1,1,0,113.9,118.6,-1
0022300783,2023-24,3,14,26,0,34.8,MADE_BASKET,33-36,10.3,0,-16,0,3,2,1,1,0,118.7,118.8,-3
0022300784,2023-24,3,28,16,1,31.4,DREB,30-33,15.7,0,-6,2,3,1,1,0,0,114.5,113.3,-1
0022300785,2023-24,1,23,4,1,31.1,MADE_BASKET,30-33,10.6,0,7,2,2,1,1,0,0,111.8,119.6,0
0022300785,2023-24,2,23,4,1,31.3,LIVE_TOV,30-33,28.7,1,-2,2,2,2,1,1,0,111.8,119.6,0
0022300785,2023-24,3,23,4,1,35.0,MADE_BASKET,33-36,29.2,1,5,2,0,1,1,0,0,111.8,119.6,2
0022300786,2023-24,1,29,13,1,39.6,MADE_BASKET,39-42,25.0,0,-16,2,3,2,1,1,0,120.6,106.5,-1
0022300786,2023-24,2,13,29,0,31.3,MADE_BASKET,30-33,14.3,0,18,2,0,1,1,0,0,109.3,118.5,2
0022300786,2023-24,3,29,13,1,39.0,DREB,39-42,25.8,0,-19,6,2,2,1,1,0,120.6,106.5,4
0022300787,2023-24,1,24,8,1,34.4,MADE_BASKET,33-36,29.4,1,-2,0,0,1,1,0,0,119.6,113.6,0
0022300787,2023-24,2,8,24,0,39.0,MADE_BASKET,39-42,31.4,1,-3,2,0,1,1,0,0,114.4,109.7,2
0022300787,2023-24,3,24,8,1,37.5,DREB,36-39,23.8,0,0,2,2,2,1,1,0,119.6,113.6,0
0022300788,2023-24,1,19,5,1,40.9,LIVE_TOV,39-42,33.1,1,5,2,0,2,1,1,0,127.8,120.6,2
0022300788,2023-24,2,19,5,1,35.2,DEAD_BALL,33-36,30.2,1,-2,2,2,1,1,0,0,127.8,120.6,0
0022300788,2023-24,3,5,19,0,33.5,DREB,33-36,29.6,1,5,0,2,2,1,1,0,112.8,111.1,-2
0022300789,2023-24,1,12,7,1,36.3,DREB,36-39,34.1,1,-5,0,0,2,2,1,1,111.3,117.4,0
0022300789,2023-24,3,12,7,1,38.3,DREB,36-39,26.7,0,-7,0,0,2,1,1,0,111.3,117.4,0
0022300790,2023-24,1,13,12,1,42.8,MADE_BASKET,42-45,32.6,1,5,1,0,2,1,1,0,109.3,117.4,1
0022300790,2023-24,2,13,12,1,43.4,MADE_BASKET,42-45,29.3,1,8,2,0,2,2,1,1,109.3,117.4,2
0022300790,2023-24,3,12,13,0,39.9,LIVE_TOV,39-42,36.2,1,-4,4,2,2,1,1,0,111.3,106.5,2
0022300791,2023-24,1,11,30,0,35.9,MADE_BASKET,33-36,22.1,0,-3,0,3,1,1,0,0,116.5,112.2,-3
0022300791,2023-24,2,30,11,1,32.6,DREB,30-33,29.1,1,5,1,2,2,2,1,1,109.8,121.8,-1
0022300791,2023-24,3,11,30,0,39.6,MADE_BASKET,39-42,32.2,1,-15,0,2,2,2,1,1,116.5,112.2,-2
0022300792,2023-24,1,9,1,0,36.8,MADE_BASKET,36-39,13.4,0,-4,0,2,1,1,0,0,117.4,119.1,-2
0022300792,2023-24,2,1,9,1,30.0,DREB,30-33,9.7,0,10,0,0,1,1,0,0,111.0,117.2,0
0022300792,2023-24,3,1,9,1,36.8,MADE_BASKET,36-39,18.3,0,-1,6,2,2,1,1,0,111.0,117.2,4
0022300793,2023-24,1,24,10,1,41.2,DREB,39-42,30.3,1,6,2,0,2,1,1,0,119.6,111.7,2
0022300793,2023-24,2,24,10,1,34.8,MADE_BASKET,33-36,28.8,1,10,2,2,1,1,0,0,119.6,111.7,0
0022300793,2023-24,3,24,10,1,32.1,DREB,30-33,16.1,0,18,2,0,2,1,1,0,119.6,111.7,2
0022300794,2023-24,2,3,27,1,36.2,MADE_BASKET,36-39,16.6,0,11,3,3,1,1,0,0,119.7,120.5,0
0022300794,2023-24,3,3,27,1,30.4,MADE_BASKET,30-33,7.9,0,10,2,2,1,1,0,0,119.7,120.5,0
0022300795,2023-24,1,28,29,0,44.4,DREB,42-45,28.7,1,1,0,0,2,1,1,0,114.5,118.5,0
0022300795,2023-24,2,28,29,0,38.7,DREB,36-39,34.4,1,14,4,3,2,1,1,0,114.5,118.5,1
0022300795,2023-24,3,28,29,0,31.5,MADE_BASKET,30-33,21.6,0,17,3,2,1,1,0,0,114.5,118.5,1
0022300796,2023-24,1,26,6,0,42.5,DREB,42-45,31.5,1,1,0,3,2,1,1,0,113.9,112.1,-3
0022300796,2023-24,2,26,6,0,32.3,LIVE_TOV,30-33,30.3,1,1,5,4,2,1,1,0,113.9,112.1,1
0022300796,2023-24,3,6,26,1,40.7,DREB,39-42,33.3,1,-7,5,2,2,2,1,1,116.7,118.8,3
0022300797,2023-24,1,1,28,0,33.9,MADE_BASKET,33-36,13.5,0,4,0,0,1,0,0,0,111.0,117.7,0
0022300797,2023-24,2,1,28,0,42.1,DREB,42-45,36.9,1,8,2,2,2,2,1,1,111.0,117.7,0
0022300797,2023-24,3,28,1,1,37.9,DREB,36-39,31.1,1,-1,3,3,2,2,1,1,114.5,119.1,0
0022300798,2023-24,2,1,9,0,37.7,MADE_BASKET,36-39,33.8,1,-13,2,2,2,2,1,1,111.0,117.2,0
0022300799,2023-24,1,6,23,0,38.7,MADE_BASKET,36-39,32.4,1,-3,3,0,2,1,1,0,116.7,117.6,3
0022300799,2023-24,2,23,6,1,41.0,DREB,39-42,38.9,1,10,5,3,2,2,1,1,111.8,112.1,2
0022300799,2023-24,3,23,6,1,32.0,DREB,30-33,10.7,0,15,2,0,1,1,0,0,111.8,112.1,2
0022300800,2023-24,2,27,13,0,36.5,MADE_BASKET,36-39,31.8,1,-7,3,2,2,2,1,1,114.9,106.5,1
0022300800,2023-24,3,27,13,0,33.3,LIVE_TOV,33-36,23.6,0,-6,0,0,1,1,0,0,114.9,106.5,0
0022300801,2023-24,1,14,29,1,42.8,MADE_BASKET,42-45,33.6,1,0,0,3,2,2,1,1,118.7,118.5,-3
0022300801,2023-24,2,14,29,1,41.6,MADE_BASKET,39-42,36.1,1,-6,2,0,2,1,1,0,118.7,118.5,2
0022300801,2023-24,3,14,29,1,40.7,DREB,39-42,30.8,1,-12,4,3,2,1,1,0,118.7,118.5,1
0022300802,2023-24,1,5,16,0,39.6,LIVE_TOV,39-42,32.1,1,-4,4,0,2,2,1,1,112.8,113.3,4
0022300802,2023-24,2,16,5,1,31.3,MADE_BASKET,30-33,21.5,0,-14,0,2,1,1,0,0,117.4,120.6,-2
0022300802,2023-24,3,16,5,1,30.2,MADE_BASKET,30-33,9.5,0,-15,0,1,1,1,0,0,117.4,120.6,-1
0022300803,2023-24,1,4,28,0,43.2,MADE_BASKET,42-45,32.0,1,-4,2,3,2,1,1,0,120.4,117.7,-1
0022300803,2023-24,3,4,28,0,34.2,MADE_BASKET,33-36,20.1,0,-16,2,0,1,1,0,0,120.4,117.7,2
0022300804,2023-24,2,26,2,1,33.6,DREB,33-36,29.1,1,-4,0,0,2,1,1,0,113.9,117.3,0
0022300804,2023-24,3,2,26,0,38.0,DREB,36-39,34.4,1,5,2,0,2,1,1,0,120.1,118.8,2
0022300805,2023-24,1,30,6,0,35.1,MADE_BASKET,33-36,27.7,0,-4,1,1,2,1,1,0,109.8,112.1,0
0022300805,2023-24,2,30,6,0,43.3,LIVE_TOV,42-45,29.7,1,-9,2,2,2,1,1,0,109.8,112.1,0
0022300805,2023-24,3,6,30,1,39.1,DREB,39-42,32.0,1,4,0,0,2,1,1,0,116.7,112.2,0
0022300806,2023-24,2,10,8,0,41.1,MADE_BASKET,39-42,35.4,1,6,2,0,2,2,1,1,118.9,113.6,2
0022300806,2023-24,3,10,8,0,39.7,LIVE_TOV,39-42,33.5,1,-8,0,0,2,1,1,0,118.9,113.6,0
0022300807,2023-24,1,3,4,1,37.4,MADE_BASKET,36-39,20.7,0,5,0,3,1,1,0,0,119.7,119.6,-3
0022300807,2023-24,2,3,4,1,38.7,LIVE_TOV,36-39,36.1,1,4,3,0,2,1,1,0,119.7,119.6,3
0022300807,2023-24,3,4,3,0,34.9,MADE_BASKET,33-36,29.1,1,-5,4,3,2,1,1,0,120.4,118.2,1
0022300808,2023-24,1,17,30,1,33.6,DREB,33-36,28.0,1,7,0,0,1,1,0,0,121.4,112.2,0
0022300808,2023-24,2,17,30,1,38.8,MADE_BASKET,36-39,29.2,1,23,4,0,2,2,1,1,121.4,112.2,4
0022300808,2023-24,3,17,30,1,30.7,MADE_BASKET,30-33,8.6,0,24,2,0,1,0,0,0,121.4,112.2,2
0022300809,2023-24,1,7,21,1,33.2,MADE_BASKET,33-36,13.6,0,0,0,2,1,0,0,0,112.0,107.4,-2
0022300809,2023-24,2,7,21,1,31.9,LIVE_TOV,30-33,20.6,0,-1,3,2,1,1,0,0,112.0,107.4,1
0022300809,2023-24,3,21,7,0,39.7,DREB,39-42,37.4,1,2,2,0,2,2,1,1,126.6,117.4,2
0022300810,2023-24,1,8,14,0,32.9,DREB,30-33,28.9,1,0,2,3,2,2,1,1,114.4,118.6,-1
0022300810,2023-24,2,8,14,0,34.0,DEAD_BALL,33-36,30.4,1,1,2,2,2,1,1,0,114.4,118.6,0
0022300810,2023-24,3,8,14,0,42.7,DEAD_BALL,42-45,29.7,1,8,0,2,1,1,0,0,114.4,118.6,-2
0022300811,2023-24,1,8,5,1,42.7,MADE_BASKET,42-45,35.3,1,0,2,0,2,1,1,0,114.4,120.6,2
0022300811,2023-24,2,8,5,1,39.9,MADE_BASKET,39-42,32.7,1,5,0,0,2,2,1,1,114.4,120.6,0
0022300811,2023-24,3,5,8,0,39.1,MADE_BASKET,39-42,32.0,1,3,2,0,2,1,1,0,112.8,113.6,2
0022300812,2023-24,1,27,6,0,41.2,DREB,39-42,37.1,1,-6,3,2,2,2,1,1,114.9,112.1,1
0022300812,2023-24,2,27,6,0,39.7,DREB,39-42,36.5,1,-3,2,0,2,1,1,0,114.9,112.1,2
0022300812,2023-24,3,27,6,0,33.9,DREB,33-36,29.1,1,-4,2,2,1,1,0,0,114.9,112.1,0
0022300813,2023-24,1,25,1,1,42.7,LIVE_TOV,42-45,32.0,1,-2,0,0,1,1,0,0,111.5,119.1,0
0022300813,2023-24,3,1,25,0,30.4,DREB,30-33,7.0,0,12,2,0,1,1,0,0,111.0,113.3,2
0022300814,2023-24,1,17,7,0,35.8,MADE_BASKET,33-36,16.6,0,3,2,0,1,1,0,0,121.4,117.4,2
0022300814,2023-24,2,17,7,0,43.3,MADE_BASKET,42-45,41.3,1,3,2,2,2,1,1,0,121.4,117.4,0
0022300815,2023-24,1,10,25,1,39.2,MADE_BASKET,39-42,28.9,1,0,2,2,2,1,1,0,118.9,113.3,0
0022300815,2023-24,2,10,25,1,30.4,DEAD_BALL,30-33,23.6,0,1,0,2,1,1,0,0,118.9,113.3,-2
0022300815,2023-24,3,25,10,0,32.7,DREB,30-33,17.3,0,-5,0,0,1,1,0,0,111.5,111.7,0
0022300816,2023-24,1,29,12,0,39.4,MADE_BASKET,39-42,29.0,1,9,0,3,2,1,1,0,120.6,117.4,-3
0022300816,2023-24,2,29,12,0,33.9,DREB,33-36,23.5,0,12,2,0,1,1,0,0,120.6,117.4,2
0022300816,2023-24,3,12,29,1,35.6,DREB,33-36,32.9,1,-10,3,2,2,1,1,0,111.3,118.5,1
0022300817,2023-24,2,29,10,1,34.6,DREB,33-36,15.9,0,-7,0,0,1,1,0,0,120.6,111.7,0
0022300817,2023-24,3,29,10,1,38.1,MADE_BASKET,36-39,28.6,1,-4,0,0,2,1,1,0,120.6,111.7,0
0022300818,2023-24,1,20,16,0,33.0,LIVE_TOV,33-36,28.6,1,-7,0,2,2,2,1,1,128.8,113.3,-2
0022300818,2023-24,2,20,16,0,44.3,DEAD_BALL,42-45,40.7,1,-11,3,0,2,2,1,1,128.8,113.3,3
0022300818,2023-24,3,16,20,1,43.6,MADE_BASKET,42-45,36.3,1,12,3,1,2,2,1,1,117.4,114.4,2
0022300819,2023-24,1,23,12,0,36.6,DREB,36-39,29.1,1,-10,2,0,1,1,0,0,111.8,117.4,2
0022300819,2023-24,2,12,23,1,38.5,MADE_BASKET,36-39,24.5,0,1,2,2,1,1,0,0,111.3,117.6,0
0022300819,2023-24,3,12,23,1,38.3,MADE_BASKET,36-39,28.6,1,-10,0,0,2,1,1,0,111.3,117.6,0
0022300820,2023-24,1,28,13,1,40.5,MADE_BASKET,39-42,35.7,1,-4,0,2,2,1,1,0,114.5,106.5,-2
0022300820,2023-24,2,13,28,0,39.3,DREB,39-42,31.1,1,2,2,0,2,2,1,1,109.3,117.7,2
0022300821,2023-24,1,12,6,1,30.2,MADE_BASKET,30-33,7.6,0,6,2,0,1,1,0,0,111.3,112.1,2
0022300821,2023-24,2,6,12,0,31.9,DREB,30-33,15.3,0,0,0,0,2,1,1,0,116.7,117.4,0
0022300821,2023-24,3,12,6,1,34.6,DREB,33-36,31.8,1,-3,2,2,2,1,1,0,111.3,112.1,0
0022300822,2023-24,1,6,29,1,31.4,MADE_BASKET,30-33,9.1,0,0,2,0,1,1,0,0,116.7,118.5,2
0022300822,2023-24,2,6,29,1,31.2,DREB,30-33,13.8,0,6,3,0,1,1,0,0,116.7,118.5,3
0022300822,2023-24,3,6,29,1,37.7,DREB,36-39,20.6,0,15,2,2,2,1,1,0,116.7,118.5,0
0022300823,2023-24,1,14,16,1,38.1,DREB,36-39,36.3,1,3,6,0,2,1,1,0,118.7,113.3,6
0022300823,2023-24,2,14,16,1,34.5,DREB,33-36,31.5,1,8,2,0,2,1,1,0,118.7,113.3,2
0022300823,2023-24,3,14,16,1,35.4,DREB,33-36,31.6,1,11,2,0,2,2,1,1,118.7,113.3,2
0022300824,2023-24,1,16,9,1,30.0,MADE_BASKET,30-33,8.0,0,4,3,0,1,1,0,0,117.4,117.2,3
0022300824,2023-24,2,16,9,1,31.5,DREB,30-33,22.4,0,8,0,3,2,1,1,0,117.4,117.2,-3
0022300825,2023-24,1,28,12,0,44.2,DEAD_BALL,42-45,29.3,1,-7,2,2,2,1,1,0,114.5,117.4,0
0022300825,2023-24,2,28,12,0,43.3,MADE_BASKET,42-45,28.7,1,-10,2,3,2,1,1,0,114.5,117.4,-1
0022300825,2023-24,3,12,28,1,39.6,LIVE_TOV,39-42,34.2,1,17,5,0,3,2,1,1,111.3,117.7,5
0022300826,2023-24,1,22,4,1,36.4,DREB,36-39,16.7,0,0,3,0,1,1,0,0,115.8,119.6,3
0022300826,2023-24,2,4,22,0,44.9,MADE_BASKET,42-45,34.7,1,-8,2,3,2,1,1,0,120.4,117.9,-1
0022300826,2023-24,3,22,4,1,44.5,MADE_BASKET,42-45,21.3,0,5,2,0,1,1,0,0,115.8,119.6,2
0022300827,2023-24,1,29,27,0,40.4,DEAD_BALL,39-42,30.0,1,1,0,0,2,1,1,0,120.6,120.5,0
0022300827,2023-24,2,27,29,1,39.7,DREB,39-42,31.0,1,3,2,0,2,1,1,0,114.9,118.5,2
0022300827,2023-24,3,27,29,1,38.0,MADE_BASKET,36-39,32.4,1,2,3,0,2,2,1,1,114.9,118.5,3
0022300828,2023-24,1,16,26,0,40.6,MADE_BASKET,39-42,25.1,0,-9,3,3,2,1,1,0,117.4,118.8,0
0022300828,2023-24,2,16,26,0,30.4,MADE_BASKET,30-33,6.6,0,-9,0,0,1,1,0,0,117.4,118.8,0
0022300828,2023-24,3,16,26,0,41.0,LIVE_TOV,39-42,36.8,1,-27,2,3,2,2,1,1,117.4,118.8,-1
0022300829,2023-24,1,2,13,0,33.6,DREB,33-36,25.3,0,-4,2,0,1,1,0,0,120.1,106.5,2
0022300829,2023-24,2,13,2,1,33.1,DREB,33-36,12.4,0,6,2,0,1,1,0,0,109.3,117.3,2
0022300829,2023-24,3,13,2,1,33.2,DREB,33-36,11.6,0,22,0,2,1,1,0,0,109.3,117.3,-2
0022300830,2023-24,1,20,7,1,32.3,MADE_BASKET,30-33,20.7,0,-1,0,2,1,1,0,0,128.8,117.4,-2
0022300830,2023-24,2,20,7,1,44.9,MADE_BASKET,42-45,26.9,0,-9,6,0,2,1,1,0,128.8,117.4,6
0022300830,2023-24,3,7,20,0,34.0,MADE_BASKET,33-36,22.7,0,-5,0,0,1,1,0,0,112.0,114.4,0
0022300831,2023-24,1,10,5,0,33.9,DREB,33-36,29.1,1,8,2,3,2,1,1,0,118.9,120.6,-1
0022300831,2023-24,2,10,5,0,37.9,LIVE_TOV,36-39,30.1,1,19,2,0,1,1,0,0,118.9,120.6,2
0022300832,2023-24,1,9,10,0,40.6,DREB,39-42,29.5,1,-6,0,2,2,1,1,0,117.4,111.7,-2
0022300832,2023-24,3,9,10,0,37.0,DREB,36-39,23.5,0,-4,0,0,1,1,0,0,117.4,111.7,0
0022300833,2023-24,2,15,28,1,38.0,MADE_BASKET,36-39,29.3,1,-10,2,2,1,1,0,0,116.5,117.7,0
0022300833,2023-24,3,15,28,1,39.1,DREB,39-42,34.5,1,-10,3,4,2,2,1,1,116.5,117.7,-1
0022300834,2023-24,1,11,7,1,44.8,MADE_BASKET,42-45,32.7,1,3,2,4,2,2,1,1,116.5,117.4,-2
0022300834,2023-24,2,7,11,0,43.6,MADE_BASKET,42-45,27.1,0,-8,0,0,2,1,1,0,112.0,121.8,0
0022300834,2023-24,3,11,7,1,41.8,DREB,39-42,37.1,1,1,4,3,2,1,1,0,116.5,117.4,1
0022300835,2023-24,2,5,15,1,36.3,DREB,36-39,19.1,0,9,3,2,1,1,0,0,112.8,111.0,1
0022300835,2023-24,3,15,5,0,31.0,DREB,30-33,8.1,0,-14,2,0,1,1,0,0,116.5,120.6,2
0022300836,2023-24,1,25,14,1,40.4,DREB,39-42,29.5,1,0,2,0,2,1,1,0,111.5,118.6,2
0022300836,2023-24,2,14,25,0,30.3,MADE_BASKET,30-33,7.5,0,-4,2,1,1,1,0,0,118.7,113.3,1
0022300836,2023-24,3,25,14,1,37.9,MADE_BASKET,36-39,19.0,0,7,0,3,2,1,1,0,111.5,118.6,-3
0022300837,2023-24,1,3,28,0,36.8,MADE_BASKET,36-39,32.0,1,-3,2,2,2,1,1,0,119.7,117.7,0
0022300837,2023-24,2,28,3,1,43.8,MADE_BASKET,42-45,34.2,1,5,3,3,2,1,1,0,114.5,118.2,0
0022300837,2023-24,3,3,28,0,39.6,DREB,39-42,31.3,1,-5,2,3,1,1,0,0,119.7,117.7,-1
0022300838,2023-24,1,20,12,0,32.4,DREB,30-33,23.1,0,3,2,3,1,1,0,0,128.8,117.4,-1
0022300838,2023-24,2,12,20,1,38.4,DREB,36-39,30.9,1,-2,3,3,2,1,1,0,111.3,114.4,0
0022300838,2023-24,3,12,20,1,43.3,MADE_BASKET,42-45,31.0,1,-6,5,6,2,2,1,1,111.3,114.4,-1
0022300839,2023-24,1,11,22,0,30.2,DREB,30-33,18.3,0,5,3,0,1,1,0,0,116.5,117.9,3
0022300839,2023-24,2,22,11,1,32.3,MADE_BASKET,30-33,29.1,1,-5,0,2,1,1,0,0,115.8,121.8,-2
0022300839,2023-24,3,11,22,0,44.4,LIVE_TOV,42-45,34.2,1,4,0,0,2,1,1,0,116.5,117.9,0
0022300840,2023-24,1,14,29,0,38.5,MADE_BASKET,36-39,23.6,0,0,0,2,1,1,0,0,118.7,118.5,-2
0022300840,2023-24,2,14,29,0,34.5,MADE_BASKET,33-36,16.5,0,-4,2,0,1,1,0,0,118.7,118.5,2
0022300840,2023-24,3,14,29,0,42.0,MADE_BASKET,42-45,34.8,1,-6,3,0,2,2,1,1,118.7,118.5,3
0022300841,2023-24,1,30,4,0,35.4,MADE_BASKET,33-36,30.0,1,0,0,3,2,1,1,0,109.8,119.6,-3
0022300841,2023-24,2,30,4,0,38.3,LIVE_TOV,36-39,35.3,1,4,4,2,2,2,1,1,109.8,119.6,2
0022300841,2023-24,3,30,4,0,37.6,MADE_BASKET,36-39,16.5,0,1,0,2,1,1,0,0,109.8,119.6,-2
0022300842,2023-24,2,12,22,0,44.5,MADE_BASKET,42-45,29.6,1,4,0,0,2,1,1,0,111.3,117.9,0
0022300842,2023-24,3,12,22,0,38.4,DREB,36-39,33.9,1,3,0,2,2,2,1,1,111.3,117.9,-2
0022300843,2023-24,1,13,4,0,38.2,DREB,36-39,36.6,1,3,6,3,2,1,1,0,109.3,119.6,3
0022300843,2023-24,3,4,13,1,37.4,MADE_BASKET,36-39,32.6,1,-5,4,0,2,1,1,0,120.4,106.5,4
0022300844,2023-24,1,22,17,1,39.5,MADE_BASKET,39-42,23.9,0,-6,2,0,1,1,0,0,115.8,115.7,2
0022300844,2023-24,2,17,22,0,36.2,DREB,36-39,31.9,1,1,2,0,2,2,1,1,121.4,117.9,2
0022300844,2023-24,3,22,17,1,35.2,MADE_BASKET,33-36,31.3,1,-10,0,3,2,1,1,0,115.8,115.7,-3
0022300845,2023-24,2,10,29,0,40.1,MADE_BASKET,39-42,23.0,0,5,3,0,1,1,0,0,118.9,118.5,3
0022300845,2023-24,3,29,10,1,39.7,DREB,39-42,29.6,1,-8,1,0,1,1,0,0,120.6,111.7,1
0022300846,2023-24,1,3,17,0,36.6,MADE_BASKET,36-39,22.5,0,12,2,2,1,1,0,0,119.7,115.7,0
0022300846,2023-24,2,3,17,0,39.8,DREB,39-42,22.6,0,2,2,0,1,1,0,0,119.7,115.7,2
0022300846,2023-24,3,3,17,0,35.1,MADE_BASKET,33-36,18.1,0,-12,5,2,2,1,1,0,119.7,115.7,3
0022300847,2023-24,1,18,6,1,40.3,DREB,39-42,28.6,1,-10,2,0,2,1,1,0,114.7,112.1,2
0022300847,2023-24,3,6,18,0,42.1,LIVE_TOV,42-45,28.3,1,11,5,3,2,1,1,0,116.7,114.0,2
0022300848,2023-24,1,29,21,0,30.4,DREB,30-33,11.0,0,0,2,0,1,1,0,0,120.6,107.4,2
0022300848,2023-24,2,21,29,1,34.7,MADE_BASKET,33-36,31.4,1,-13,2,2,2,1,1,0,126.6,118.5,0
0022300848,2023-24,3,29,21,0,41.8,DREB,39-42,32.6,1,17,0,0,2,1,1,0,120.6,107.4,0
0022300849,2023-24,1,22,30,1,40.9,DEAD_BALL,39-42,33.1,1,-4,0,2,1,1,0,0,115.8,112.2,-2
0022300849,2023-24,2,30,22,0,34.5,MADE_BASKET,33-36,19.5,0,5,2,0,1,1,0,0,109.8,117.9,2
0022300849,2023-24,3,22,30,1,34.9,DREB,33-36,29.9,1,-1,0,0,2,1,1,0,115.8,112.2,0
0022300850,2023-24,1,2,3,1,32.6,DREB,30-33,19.4,0,4,0,3,1,1,0,0,120.1,118.2,-3
0022300850,2023-24,3,3,2,0,41.8,DREB,39-42,24.5,0,-1,2,0,1,1,0,0,119.7,117.3,2
0022300851,2023-24,1,13,22,1,31.6,DREB,30-33,17.7,0,-1,0,0,1,1,0,0,109.3,117.9,0
0022300851,2023-24,2,13,22,1,34.9,DREB,33-36,31.0,1,-3,5,3,2,1,1,0,109.3,117.9,2
0022300851,2023-24,3,22,13,0,33.7,MADE_BASKET,33-36,14.6,0,-4,0,0,1,1,0,0,115.8,106.5,0
0022300852,2023-24,2,16,13,1,41.8,DREB,39-42,35.0,1,2,5,0,2,1,1,0,117.4,106.5,5
0022300852,2023-24,3,13,16,0,33.5,DREB,33-36,13.7,0,-9,2,2,1,1,0,0,109.3,113.3,0
0022300853,2023-24,2,5,4,0,33.6,MADE_BASKET,33-36,17.0,0,-9,3,0,1,1,0,0,112.8,119.6,3
0022300853,2023-24,3,4,5,1,40.4,MADE_BASKET,39-42,31.0,1,8,2,0,2,1,1,0,120.4,120.6,2
0022300854,2023-24,1,13,8,0,43.3,MADE_BASKET,42-45,19.8,0,1,0,0,1,1,0,0,109.3,113.6,0
0022300854,2023-24,2,8,13,1,43.6,DREB,42-45,38.8,1,-1,0,3,3,2,1,1,114.4,106.5,-3
0022300854,2023-24,3,13,8,0,30.5,DREB,30-33,20.7,0,-4,2,0,1,1,0,0,109.3,113.6,2
0022300855,2023-24,1,21,2,1,41.8,DREB,39-42,28.9,1,2,3,3,2,1,1,0,126.6,117.3,0
0022300855,2023-24,2,2,21,0,34.6,LIVE_TOV,33-36,30.0,1,-14,4,0,2,1,1,0,120.1,107.4,4
0022300855,2023-24,3,21,2,1,38.2,DREB,36-39,24.0,0,3,0,0,1,1,0,0,126.6,117.3,0
0022300856,2023-24,1,9,4,1,34.0,MADE_BASKET,33-36,20.3,0,4,3,0,1,1,0,0,117.4,119.6,3
0022300856,2023-24,2,4,9,0,40.0,MADE_BASKET,39-42,28.4,1,-11,2,2,2,2,1,1,120.4,117.2,0
0022300856,2023-24,3,9,4,1,37.1,DEAD_BALL,36-39,31.6,1,10,0,0,2,1,1,0,117.4,119.6,0
0022300857,2023-24,1,19,13,0,32.0,MADE_BASKET,30-33,29.0,1,3,2,0,2,1,1,0,127.8,106.5,2
0022300857,2023-24,2,13,19,1,36.6,MADE_BASKET,36-39,16.3,0,-5,0,0,1,1,0,0,109.3,111.1,0
0022300857,2023-24,3,19,13,0,38.3,MADE_BASKET,36-39,24.2,0,1,4,2,1,1,0,0,127.8,106.5,2
0022300858,2023-24,1,29,6,1,36.7,MADE_BASKET,36-39,24.3,0,0,2,0,1,1,0,0,120.6,112.1,2
0022300858,2023-24,2,29,6,1,40.8,MADE_BASKET,39-42,34.9,1,-11,2,0,2,1,1,0,120.6,112.1,2
0022300858,2023-24,3,29,6,1,39.6,MADE_BASKET,39-42,20.8,0,-3,3,3,2,1,1,0,120.6,112.1,0
0022300859,2023-24,1,15,30,1,41.6,DREB,39-42,28.9,1,-2,5,2,2,2,1,1,116.5,112.2,3
0022300859,2023-24,3,15,30,1,33.5,DREB,33-36,10.0,0,3,0,0,1,1,0,0,116.5,112.2,0
0022300860,2023-24,1,28,29,1,38.5,MADE_BASKET,36-39,29.8,1,-15,3,0,2,1,1,0,114.5,118.5,3
0022300860,2023-24,2,29,28,0,41.1,DREB,39-42,26.8,0,12,2,0,1,1,0,0,120.6,117.7,2
0022300860,2023-24,3,29,28,0,36.9,DREB,36-39,28.9,1,20,2,0,1,1,0,0,120.6,117.7,2
0022300861,2023-24,1,6,16,0,37.9,MADE_BASKET,36-39,33.5,1,-7,5,0,2,1,1,0,116.7,113.3,5
0022300861,2023-24,2,16,6,1,36.3,DEAD_BALL,36-39,22.0,0,3,0,3,1,1,0,0,117.4,112.1,-3
0022300861,2023-24,3,6,16,0,35.9,DREB,33-36,27.0,0,6,4,2,2,1,1,0,116.7,113.3,2
0022300862,2023-24,2,25,2,1,35.7,MADE_BASKET,33-36,16.5,0,-11,2,0,1,1,0,0,111.5,117.3,2
0022300862,2023-24,3,25,2,1,38.7,MADE_BASKET,36-39,19.0,0,-1,0,0,1,1,0,0,111.5,117.3,0
0022300863,2023-24,1,14,19,0,41.5,LIVE_TOV,39-42,29.0,1,8,0,2,2,2,1,1,118.7,111.1,-2
0022300863,2023-24,2,14,19,0,32.6,MADE_BASKET,30-33,17.9,0,1,0,0,1,1,0,0,118.7,111.1,0
0022300863,2023-24,3,19,14,1,34.3,LIVE_TOV,33-36,31.3,1,-6,5,0,2,1,1,0,127.8,118.6,5
0022300864,2023-24,1,28,1,1,42.9,MADE_BASKET,42-45,31.1,1,-2,2,0,2,1,1,0,114.5,119.1,2
0022300864,2023-24,2,1,28,0,40.0,MADE_BASKET,39-42,31.1,1,1,0,2,2,1,1,0,111.0,117.7,-2
0022300864,2023-24,3,28,1,1,40.2,DREB,39-42,34.3,1,5,3,2,2,1,1,0,114.5,119.1,1
0022300865,2023-24,1,6,4,0,41.3,MADE_BASKET,39-42,33.7,1,3,2,0,2,1,1,0,116.7,119.6,2
0022300865,2023-24,2,6,4,0,39.8,DREB,39-42,35.9,1,6,0,0,2,2,1,1,116.7,119.6,0
0022300865,2023-24,3,6,4,0,42.1,DREB,42-45,34.5,1,16,5,2,2,2,1,1,116.7,119.6,3
0022300866,2023-24,1,2,26,0,41.9,MADE_BASKET,39-42,34.3,1,-1,2,0,2,2,1,1,120.1,118.8,2
0022300866,2023-24,2,2,26,0,39.7,MADE_BASKET,39-42,34.8,1,-6,3,2,2,2,1,1,120.1,118.8,1
0022300866,2023-24,3,26,2,1,30.4,DREB,30-33,8.4,0,9,2,0,1,1,0,0,113.9,117.3,2
0022300867,2023-24,1,25,6,1,33.8,MADE_BASKET,33-36,22.4,0,3,3,0,1,1,0,0,111.5,112.1,3
0022300867,2023-24,2,25,6,1,32.1,MADE_BASKET,30-33,13.9,0,17,0,2,1,1,0,0,111.5,112.1,-2
0022300867,2023-24,3,25,6,1,39.2,DREB,39-42,34.5,1,23,2,4,2,2,1,1,111.5,112.1,-2
0022300868,2023-24,1,6,10,1,38.5,DREB,36-39,29.4,1,-1,0,0,1,1,0,0,116.7,111.7,0
0022300868,2023-24,2,10,6,0,41.2,MADE_BASKET,39-42,35.8,1,2,3,0,2,1,1,0,118.9,112.1,3
0022300869,2023-24,1,23,24,0,44.6,MADE_BASKET,42-45,39.5,1,6,2,5,2,2,1,1,111.8,109.7,-3
0022300869,2023-24,3,23,24,0,31.9,LIVE_TOV,30-33,27.5,0,5,3,2,2,2,1,1,111.8,109.7,1
0022300870,2023-24,1,9,30,0,39.1,MADE_BASKET,39-42,24.5,0,-17,0,2,2,2,1,1,117.4,112.2,-2
0022300870,2023-24,3,30,9,1,35.2,MADE_BASKET,33-36,17.2,0,23,2,0,1,1,0,0,109.8,117.2,2
0022300871,2023-24,1,26,17,1,32.5,MADE_BASKET,30-33,22.1,0,5,0,2,2,1,1,0,113.9,115.7,-2
0022300871,2023-24,2,26,17,1,33.7,MADE_BASKET,33-36,28.4,1,-2,0,1,2,1,1,0,113.9,115.7,-1
0022300871,2023-24,3,26,17,1,42.5,LIVE_TOV,42-45,29.8,1,6,2,2,2,1,1,0,113.9,115.7,0
0022300872,2023-24,1,7,10,0,42.9,DREB,42-45,28.9,1,1,2,0,1,1,0,0,112.0,111.7,2
0022300872,2023-24,2,7,10,0,32.4,DREB,30-33,16.6,0,4,2,2,1,1,0,0,112.0,111.7,0
0022300872,2023-24,3,7,10,0,42.2,MADE_BASKET,42-45,31.0,1,7,0,0,2,1,1,0,112.0,111.7,0
0022300873,2023-24,1,7,18,0,41.7,DREB,39-42,30.4,1,-3,2,0,1,1,0,0,112.0,114.0,2
0022300873,2023-24,3,7,18,0,39.9,LIVE_TOV,39-42,29.1,1,-6,2,0,1,1,0,0,112.0,114.0,2
0022300874,2023-24,2,25,2,1,34.3,DREB,33-36,26.3,0,9,0,0,2,1,1,0,111.5,117.3,0
0022300874,2023-24,3,25,2,1,31.8,DREB,30-33,15.0,0,14,3,0,1,0,0,0,111.5,117.3,3
0022300875,2023-24,1,24,28,0,35.7,DEAD_BALL,33-36,33.8,1,2,2,0,2,2,1,1,119.6,117.7,2
0022300875,2023-24,2,24,28,0,41.6,DREB,39-42,35.7,1,4,3,2,2,2,1,1,119.6,117.7,1
0022300875,2023-24,3,28,24,1,35.2,DREB,33-36,31.8,1,-7,2,0,2,1,1,0,114.5,109.7,2
0022300876,2023-24,1,6,22,1,30.0,DREB,30-33,7.0,0,1,2,2,1,1,0,0,116.7,117.9,0
0022300876,2023-24,2,22,6,0,37.6,LIVE_TOV,36-39,34.9,1,11,2,2,2,1,1,0,115.8,112.1,0
0022300877,2023-24,1,26,24,1,42.3,MADE_BASKET,42-45,29.6,1,-1,0,3,2,1,1,0,113.9,109.7,-3
0022300877,2023-24,2,24,26,0,33.6,DREB,33-36,16.5,0,-2,2,0,1,1,0,0,119.6,118.8,2
0022300877,2023-24,3,26,24,1,36.3,MADE_BASKET,36-39,29.8,1,6,4,0,2,2,1,1,113.9,109.7,4
0022300878,2023-24,1,22,12,0,41.9,DREB,39-42,30.9,1,-3,5,0,2,1,1,0,115.8,117.4,5
0022300878,2023-24,3,12,22,1,39.0,DREB,39-42,33.0,1,-1,0,6,2,2,1,1,111.3,117.9,-6
0022300879,2023-24,1,24,25,0,42.1,MADE_BASKET,42-45,34.7,1,-2,0,4,3,2,1,1,119.6,113.3,-4
0022300879,2023-24,2,25,24,1,35.9,MADE_BASKET,33-36,30.0,1,6,0,2,2,1,1,0,111.5,109.7,-2
0022300879,2023-24,3,25,24,1,44.1,DREB,42-45,30.8,1,16,0,0,2,1,1,0,111.5,109.7,0
0022300880,2023-24,1,7,23,0,42.1,MADE_BASKET,42-45,30.4,1,-6,5,0,2,1,1,0,112.0,117.6,5
0022300881,2023-24,2,1,15,0,41.3,MADE_BASKET,39-42,33.5,1,2,3,2,2,2,1,1,111.0,111.0,1
0022300882,2023-24,1,25,27,0,42.9,DREB,42-45,31.2,1,15,0,2,2,1,1,0,111.5,120.5,-2
0022300882,2023-24,2,27,25,1,40.7,MADE_BASKET,39-42,23.9,0,-12,0,0,1,1,0,0,114.9,113.3,0
0022300882,2023-24,3,25,27,0,34.5,DREB,33-36,14.1,0,15,0,0,2,1,1,0,111.5,120.5,0
0022300883,2023-24,2,7,13,0,33.3,MADE_BASKET,33-36,15.0,0,-2,0,2,1,1,0,0,112.0,106.5,-2
0022300883,2023-24,3,13,7,1,31.0,DEAD_BALL,30-33,14.7,0,4,0,0,1,1,0,0,109.3,117.4,0
0022300884,2023-24,1,25,13,0,31.8,MADE_BASKET,30-33,9.5,0,-3,2,0,1,1,0,0,111.5,106.5,2
0022300884,2023-24,2,13,25,1,43.5,DREB,42-45,31.4,1,-5,0,2,2,1,1,0,109.3,113.3,-2
0022300884,2023-24,3,13,25,1,34.6,DREB,33-36,21.1,0,-11,3,0,2,1,1,0,109.3,113.3,3
0022300885,2023-24,1,11,5,1,36.0,MADE_BASKET,36-39,18.1,0,-11,1,0,1,1,0,0,116.5,120.6,1
0022300885,2023-24,2,11,5,1,36.8,DREB,36-39,32.3,1,-2,3,0,2,1,1,0,116.5,120.6,3
0022300885,2023-24,3,5,11,0,32.4,MADE_BASKET,30-33,8.7,0,2,0,0,1,1,0,0,112.8,121.8,0
0022300886,2023-24,1,3,24,0,35.7,DREB,33-36,27.6,0,-5,2,3,2,1,1,0,119.7,109.7,-1
0022300886,2023-24,2,3,24,0,34.7,MADE_BASKET,33-36,16.7,0,-6,0,0,1,1,0,0,119.7,109.7,0
0022300886,2023-24,3,3,24,0,34.8,MADE_BASKET,33-36,17.3,0,3,2,0,2,1,1,0,119.7,109.7,2
0022300887,2023-24,1,26,15,0,40.3,DREB,39-42,33.1,1,1,2,2,2,1,1,0,113.9,111.0,0
0022300887,2023-24,2,26,15,0,32.0,LIVE_TOV,30-33,28.5,1,4,2,0,2,1,1,0,113.9,111.0,2
0022300887,2023-24,3,26,15,0,30.4,DREB,30-33,10.7,0,14,2,2,1,1,0,0,113.9,111.0,0
0022300888,2023-24,1,24,10,1,40.1,MADE_BASKET,39-42,37.0,1,1,2,2,2,2,1,1,119.6,111.7,0
0022300888,2023-24,2,24,10,1,39.7,MADE_BASKET,39-42,30.2,1,-19,0,3,2,1,1,0,119.6,111.7,-3
0022300888,2023-24,3,10,24,0,42.3,MADE_BASKET,42-45,31.1,1,16,0,0,2,1,1,0,118.9,109.7,0
0022300889,2023-24,1,18,24,1,31.3,MADE_BASKET,30-33,9.1,0,-2,0,0,1,1,0,0,114.7,109.7,0
0022300889,2023-24,2,24,18,0,39.3,DREB,39-42,28.7,1,5,3,0,2,1,1,0,119.6,114.0,3
0022300889,2023-24,3,18,24,1,32.9,LIVE_TOV,30-33,26.9,0,-9,3,0,1,1,0,0,114.7,109.7,3
0022300890,2023-24,1,24,2,1,34.6,MADE_BASKET,33-36,29.9,1,1,3,0,2,1,1,0,119.6,117.3,3
0022300890,2023-24,2,24,2,1,39.1,DREB,39-42,29.5,1,7,4,2,2,2,1,1,119.6,117.3,2
0022300890,2023-24,3,24,2,1,36.1,DEAD_BALL,36-39,33.8,1,-3,2,0,2,1,1,0,119.6,117.3,2
0022300891,2023-24,1,19,8,1,30.0,MADE_BASKET,30-33,7.4,0,-3,2,0,1,0,0,0,127.8,113.6,2
0022300891,2023-24,2,8,19,0,35.3,DREB,33-36,23.0,0,-3,2,2,1,1,0,0,114.4,111.1,0
0022300891,2023-24,3,8,19,0,31.6,MADE_BASKET,30-33,14.1,0,3,0,0,1,0,0,0,114.4,111.1,0
0022300892,2023-24,1,1,6,1,31.0,MADE_BASKET,30-33,15.3,0,2,3,0,1,0,0,0,111.0,112.1,3
0022300892,2023-24,2,6,1,0,42.6,DEAD_BALL,42-45,35.6,1,-6,2,0,2,1,1,0,116.7,119.1,2
0022300892,2023-24,3,1,6,1,33.4,DREB,33-36,20.0,0,-1,2,3,1,1,0,0,111.0,112.1,-1
0022300893,2023-24,1,2,9,0,39.9,LIVE_TOV,39-42,29.1,1,3,3,2,2,1,1,0,120.1,117.2,1
0022300893,2023-24,2,2,9,0,33.0,MADE_BASKET,33-36,13.0,0,6,2,3,1,1,0,0,120.1,117.2,-1
0022300893,2023-24,3,2,9,0,44.6,MADE_BASKET,42-45,28.4,1,-5,3,2,2,1,1,0,120.1,117.2,1
0022300894,2023-24,2,22,25,1,30.0,MADE_BASKET,30-33,6.8,0,-2,0,0,1,0,0,0,115.8,113.3,0
0022300895,2023-24,1,7,22,0,37.0,LIVE_TOV,36-39,29.3,1,8,4,2,2,2,1,1,112.0,117.9,2
0022300895,2023-24,2,22,7,1,44.9,MADE_BASKET,42-45,37.0,1,-20,2,2,3,2,1,1,115.8,117.4,0
0022300895,2023-24,3,22,7,1,35.0,DREB,33-36,22.6,0,-25,0,0,1,1,0,0,115.8,117.4,0
0022300896,2023-24,1,30,5,1,31.5,DREB,30-33,13.0,0,9,0,0,1,1,0,0,109.8,120.6,0
0022300896,2023-24,2,5,30,0,36.0,MADE_BASKET,36-39,20.1,0,-13,0,2,1,1,0,0,112.8,112.2,-2
0022300896,2023-24,3,30,5,1,45.0,DREB,42-45,39.5,1,11,5,0,2,1,1,0,109.8,120.6,5
0022300897,2023-24,1,7,14,1,37.4,MADE_BASKET,36-39,29.3,1,-9,0,2,2,1,1,0,112.0,118.6,-2
0022300897,2023-24,2,14,7,0,37.2,DEAD_BALL,36-39,18.4,0,14,0,0,1,1,0,0,118.7,117.4,0
0022300898,2023-24,1,21,18,1,37.7,DREB,36-39,14.2,0,-10,2,0,1,1,0,0,126.6,114.0,2
0022300898,2023-24,2,21,18,1,36.6,DREB,36-39,34.4,1,-5,3,0,3,2,1,1,126.6,114.0,3
0022300898,2023-24,3,18,21,0,34.6,DEAD_BALL,33-36,19.1,0,-4,0,0,1,1,0,0,114.7,107.4,0
0022300899,2023-24,1,8,26,0,36.5,MADE_BASKET,36-39,29.7,1,-6,3,2,2,1,1,0,114.4,118.8,1
0022300899,2023-24,2,8,26,0,33.8,MADE_BASKET,33-36,24.5,0,-2,0,0,2,1,1,0,114.4,118.8,0
0022300899,2023-24,3,26,8,1,33.1,MADE_BASKET,33-36,29.5,1,-11,3,0,2,1,1,0,113.9,113.6,3
0022300900,2023-24,1,21,15,0,35.4,MADE_BASKET,33-36,21.2,0,0,3,2,1,1,0,0,126.6,111.0,1
0022300900,2023-24,2,15,21,1,33.7,MADE_BASKET,33-36,30.8,1,-9,3,2,2,1,1,0,116.5,107.4,1
0022300900,2023-24,3,15,21,1,41.9,MADE_BASKET,39-42,32.4,1,-7,2,2,2,1,1,0,116.5,107.4,0
0022300901,2023-24,1,8,22,1,44.5,DEAD_BALL,42-45,34.8,1,-4,0,0,2,1,1,0,114.4,117.9,0
0022300901,2023-24,2,8,22,1,42.3,MADE_BASKET,42-45,33.6,1,-3,3,2,2,1,1,0,114.4,117.9,1
0022300901,2023-24,3,8,22,1,39.7,MADE_BASKET,39-42,24.7,0,-21,3,2,2,1,1,0,114.4,117.9,1
0022300902,2023-24,1,21,15,1,42.8,MADE_BASKET,42-45,35.5,1,3,2,2,2,1,1,0,126.6,111.0,0
0022300902,2023-24,2,15,21,0,30.1,LIVE_TOV,30-33,25.7,0,5,0,0,1,1,0,0,116.5,107.4,0
0022300902,2023-24,3,15,21,0,37.3,MADE_BASKET,36-39,34.5,1,1,2,0,2,2,1,1,116.5,107.4,2
0022300903,2023-24,1,9,19,1,43.6,DREB,42-45,23.9,0,9,2,0,1,1,0,0,117.4,111.1,2
0022300903,2023-24,2,9,19,1,44.3,MADE_BASKET,42-45,33.3,1,5,0,0,2,1,1,0,117.4,111.1,0
0022300903,2023-24,3,9,19,1,36.6,MADE_BASKET,36-39,25.1,0,5,1,0,2,1,1,0,117.4,111.1,1
0022300904,2023-24,1,6,15,1,38.0,DREB,36-39,32.0,1,-1,5,2,2,2,1,1,116.7,111.0,3
0022300904,2023-24,2,6,15,1,41.1,LIVE_TOV,39-42,30.7,1,14,2,0,2,1,1,0,116.7,111.0,2
0022300904,2023-24,3,6,15,1,35.3,MADE_BASKET,33-36,28.2,1,10,2,0,2,1,1,0,116.7,111.0,2
0022300905,2023-24,1,9,6,1,42.3,LIVE_TOV,42-45,31.5,1,2,2,0,2,2,1,1,117.4,112.1,2
0022300905,2023-24,2,6,9,0,40.5,DREB,39-42,29.3,1,-11,4,2,2,2,1,1,116.7,117.2,2
0022300905,2023-24,3,9,6,1,39.7,DEAD_BALL,39-42,33.8,1,12,2,0,2,1,1,0,117.4,112.1,2
0022300907,2023-24,1,11,26,1,39.1,MADE_BASKET,39-42,23.9,0,4,0,2,1,1,0,0,116.5,118.8,-2
0022300907,2023-24,2,26,11,0,36.5,MADE_BASKET,36-39,25.5,0,-6,0,2,2,1,1,0,113.9,121.8,-2
0022300907,2023-24,3,11,26,1,31.0,MADE_BASKET,30-33,8.9,0,6,3,3,1,1,0,0,116.5,118.8,0
0022300908,2023-24,1,26,18,1,30.8,MADE_BASKET,30-33,16.8,0,1,3,2,1,1,0,0,113.9,114.0,1
0022300908,2023-24,2,26,18,1,32.8,DREB,30-33,16.3,0,3,0,0,1,1,0,0,113.9,114.0,0
0022300909,2023-24,2,24,26,1,37.5,DREB,36-39,23.0,0,11,1,0,1,1,0,0,119.6,118.8,1
0022300909,2023-24,3,24,26,1,42.0,MADE_BASKET,42-45,38.1,1,10,4,2,3,2,1,1,119.6,118.8,2
0022300910,2023-24,1,18,20,1,31.8,LIVE_TOV,30-33,30.1,1,-11,2,3,2,1,1,0,114.7,114.4,-1
0022300910,2023-24,2,20,18,0,44.6,LIVE_TOV,42-45,34.0,1,21,3,0,2,1,1,0,128.8,114.0,3
0022300910,2023-24,3,20,18,0,37.1,MADE_BASKET,36-39,21.7,0,24,2,3,1,1,0,0,128.8,114.0,-1
0022300911,2023-24,1,16,15,1,36.9,MADE_BASKET,36-39,28.2,1,-4,6,3,2,2,1,1,117.4,111.0,3
0022300911,2023-24,2,16,15,1,38.6,MADE_BASKET,36-39,19.5,0,-7,2,2,1,1,0,0,117.4,111.0,0
0022300911,2023-24,3,15,16,0,39.9,LIVE_TOV,39-42,34.4,1,7,2,0,2,1,1,0,116.5,113.3,2
0022300912,2023-24,3,7,9,1,42.5,LIVE_TOV,42-45,34.0,1,-13,0,2,2,1,1,0,112.0,117.2,-2
0022300913,2023-24,1,22,14,0,37.7,MADE_BASKET,36-39,14.3,0,-1,0,2,1,1,0,0,115.8,118.6,-2
0022300913,2023-24,2,14,22,1,39.5,MADE_BASKET,39-42,20.6,0,4,4,0,1,1,0,0,118.7,117.9,4
0022300913,2023-24,3,22,14,0,35.3,DREB,33-36,22.9,0,-15,2,0,1,1,0,0,115.8,118.6,2
0022300914,2023-24,1,21,18,0,37.7,MADE_BASKET,36-39,34.8,1,11,0,2,2,2,1,1,126.6,114.0,-2
0022300914,2023-24,2,18,21,1,34.3,MADE_BASKET,33-36,21.0,0,-6,0,3,1,1,0,0,114.7,107.4,-3
0022300914,2023-24,3,21,18,0,43.8,MADE_BASKET,42-45,30.4,1,9,2,0,2,1,1,0,126.6,114.0,2
0022300915,2023-24,1,15,3,1,33.9,MADE_BASKET,33-36,15.9,0,3,0,2,1,1,0,0,116.5,118.2,-2
0022300915,2023-24,2,15,3,1,38.2,MADE_BASKET,36-39,29.2,1,5,2,6,2,1,1,0,116.5,118.2,-4
0022300916,2023-24,1,3,20,0,41.3,DREB,39-42,29.1,1,-9,4,2,2,1,1,0,119.7,114.4,2
0022300916,2023-24,2,3,20,0,34.1,DREB,33-36,12.9,0,-15,0,0,1,1,0,0,119.7,114.4,0
0022300916,2023-24,3,3,20,0,33.6,MADE_BASKET,33-36,14.6,0,-15,2,3,1,1,0,0,119.7,114.4,-1
0022300917,2023-24,1,16,15,0,38.2,LIVE_TOV,36-39,35.2,1,3,3,2,3,2,1,1,117.4,111.0,1
0022300917,2023-24,2,15,16,1,39.4,MADE_BASKET,39-42,32.2,1,-5,0,2,2,1,1,0,116.5,113.3,-2
0022300917,2023-24,3,16,15,0,31.1,MADE_BASKET,30-33,6.3,0,11,0,0,1,1,0,0,117.4,111.0,0
0022300918,2023-24,1,7,6,1,41.5,MADE_BASKET,39-42,37.5,1,7,0,1,2,1,1,0,112.0,112.1,-1
0022300918,2023-24,2,7,6,1,31.9,LIVE_TOV,30-33,20.7,0,4,2,2,1,1,0,0,112.0,112.1,0
0022300918,2023-24,3,6,7,0,32.8,MADE_BASKET,30-33,21.5,0,-13,0,0,1,1,0,0,116.7,117.4,0
0022300919,2023-24,2,11,30,0,39.8,LIVE_TOV,39-42,32.9,1,-14,3,3,2,2,1,1,116.5,112.2,0
0022300919,2023-24,3,11,30,0,37.8,MADE_BASKET,36-39,31.3,1,-15,3,2,2,2,1,1,116.5,112.2,1
0022300920,2023-24,2,8,18,0,44.7,MADE_BASKET,42-45,33.3,1,-4,2,2,2,1,1,0,114.4,114.0,0
0022300920,2023-24,3,18,8,1,39.0,DREB,39-42,30.3,1,-2,3,0,1,1,0,0,114.7,113.6,3
0022300921,2023-24,1,17,12,0,34.9,DREB,33-36,30.3,1,11,3,2,2,2,1,1,121.4,117.4,1
0022300921,2023-24,2,17,12,0,43.1,MADE_BASKET,42-45,29.3,1,6,3,2,2,1,1,0,121.4,117.4,1
0022300921,2023-24,3,17,12,0,35.9,MADE_BASKET,33-36,28.9,1,4,4,3,2,1,1,0,121.4,117.4,1
0022300922,2023-24,1,28,10,1,38.5,MADE_BASKET,36-39,30.1,1,1,0,0,2,1,1,0,114.5,111.7,0
0022300922,2023-24,2,28,10,1,38.0,MADE_BASKET,36-39,28.9,1,-7,5,0,2,1,1,0,114.5,111.7,5
0022300922,2023-24,3,10,28,0,34.2,MADE_BASKET,33-36,30.3,1,0,2,0,2,1,1,0,118.9,117.7,2
0022300923,2023-24,1,18,26,1,43.5,DREB,42-45,39.9,1,3,1,2,2,2,1,1,114.7,118.8,-1
0022300923,2023-24,3,18,26,1,41.9,MADE_BASKET,39-42,38.0,1,8,0,0,2,2,1,1,114.7,118.8,0
0022300924,2023-24,1,8,23,1,30.6,MADE_BASKET,30-33,18.4,0,-1,0,0,1,1,0,0,114.4,117.6,0
0022300924,2023-24,2,23,8,0,36.9,DREB,36-39,31.8,1,1,4,1,2,1,1,0,111.8,113.6,3
0022300924,2023-24,3,8,23,1,44.4,DEAD_BALL,42-45,31.8,1,-5,2,3,2,1,1,0,114.4,117.6,-1
0022300925,2023-24,1,1,24,0,39.9,MADE_BASKET,39-42,34.5,1,-3,4,0,2,1,1,0,111.0,109.7,4
0022300925,2023-24,2,24,1,1,37.0,DEAD_BALL,36-39,13.5,0,-6,2,3,1,1,0,0,119.6,119.1,-1
0022300925,2023-24,3,24,1,1,32.5,MADE_BASKET,30-33,30.3,1,-11,0,2,1,1,0,0,119.6,119.1,-2
0022300926,2023-24,1,17,1,1,36.9,DREB,36-39,33.6,1,4,4,2,2,1,1,0,121.4,119.1,2
0022300926,2023-24,2,17,1,1,30.1,DREB,30-33,24.1,0,10,2,0,2,1,1,0,121.4,119.1,2
0022300927,2023-24,1,11,30,1,39.9,MADE_BASKET,39-42,36.3,1,3,3,1,2,2,1,1,116.5,112.2,2
0022300927,2023-24,3,11,30,1,32.9,MADE_BASKET,30-33,16.2,0,-3,2,0,1,1,0,0,116.5,112.2,2
0022300928,2023-24,1,10,19,1,34.0,MADE_BASKET,33-36,18.1,0,2,2,1,1,1,0,0,118.9,111.1,1
0022300928,2023-24,2,10,19,1,31.3,MADE_BASKET,30-33,18.7,0,-11,2,2,2,1,1,0,118.9,111.1,0
0022300929,2023-24,1,14,11,1,44.9,MADE_BASKET,42-45,33.9,1,2,0,3,2,1,1,0,118.7,121.8,-3
0022300929,2023-24,2,14,11,1,42.0,DREB,42-45,26.7,0,-5,2,5,2,1,1,0,118.7,121.8,-3
0022300929,2023-24,3,14,11,1,40.8,MADE_BASKET,39-42,28.9,1,-6,4,0,2,1,1,0,118.7,121.8,4
0022300930,2023-24,1,30,16,1,40.8,DREB,39-42,27.2,0,-9,0,0,1,1,0,0,109.8,113.3,0
0022300930,2023-24,2,16,30,0,34.5,MADE_BASKET,33-36,23.1,0,14,0,3,1,1,0,0,117.4,112.2,-3
0022300930,2023-24,3,16,30,0,34.7,MADE_BASKET,33-36,13.6,0,13,0,2,1,1,0,0,117.4,112.2,-2
0022300931,2023-24,1,4,8,1,42.5,DREB,42-45,38.5,1,-6,2,2,2,2,1,1,120.4,113.6,0
0022300931,2023-24,2,8,4,0,41.8,LIVE_TOV,39-42,30.7,1,8,0,0,2,1,1,0,114.4,119.6,0
0022300931,2023-24,3,8,4,0,44.2,MADE_BASKET,42-45,31.1,1,7,2,2,2,1,1,0,114.4,119.6,0
0022300932,2023-24,1,21,25,1,41.5,DREB,39-42,31.0,1,-1,0,0,2,1,1,0,126.6,113.3,0
0022300932,2023-24,2,21,25,1,38.4,MADE_BASKET,36-39,24.6,0,-3,2,0,1,1,0,0,126.6,113.3,2
0022300932,2023-24,3,21,25,1,40.7,MADE_BASKET,39-42,33.6,1,-1,2,2,2,1,1,0,126.6,113.3,0
0022300933,2023-24,2,27,30,1,36.2,LIVE_TOV,36-39,32.4,1,-7,4,2,2,2,1,1,114.9,112.2,2
0022300933,2023-24,3,27,30,1,36.7,MADE_BASKET,36-39,29.6,1,-11,0,0,2,1,1,0,114.9,112.2,0
0022300934,2023-24,1,21,24,1,42.1,MADE_BASKET,42-45,36.5,1,9,6,2,2,2,1,1,126.6,109.7,4
0022300934,2023-24,2,24,21,0,40.0,MADE_BASKET,39-42,34.9,1,-15,2,2,2,1,1,0,119.6,107.4,0
0022300935,2023-24,1,28,18,1,41.4,DREB,39-42,35.0,1,-7,0,3,2,1,1,0,114.5,114.0,-3
0022300935,2023-24,2,28,18,1,43.1,DEAD_BALL,42-45,32.6,1,-14,1,0,2,1,1,0,114.5,114.0,1
0022300935,2023-24,3,18,28,0,36.4,MADE_BASKET,36-39,30.1,1,2,4,0,1,1,0,0,114.7,117.7,4
0022300936,2023-24,2,4,13,0,36.3,MADE_BASKET,36-39,33.7,1,-1,2,0,2,1,1,0,120.4,106.5,2
0022300936,2023-24,3,13,4,1,33.5,MADE_BASKET,33-36,20.2,0,-2,0,0,1,1,0,0,109.3,119.6,0
0022300937,2023-24,1,28,9,1,30.5,MADE_BASKET,30-33,15.2,0,-4,3,0,1,1,0,0,114.5,117.2,3
0022300937,2023-24,2,28,9,1,39.5,DREB,39-42,34.6,1,5,3,5,2,1,1,0,114.5,117.2,-2
0022300937,2023-24,3,9,28,0,37.3,DREB,36-39,15.9,0,-9,5,3,2,1,1,0,117.4,117.7,2
0022300938,2023-24,1,16,19,0,39.1,LIVE_TOV,39-42,34.7,1,7,0,2,2,1,1,0,117.4,111.1,-2
0022300938,2023-24,2,16,19,0,43.1,DREB,42-45,34.2,1,8,3,2,2,1,1,0,117.4,111.1,1
0022300939,2023-24,1,3,26,0,32.8,DREB,30-33,18.8,0,-1,2,0,1,1,0,0,119.7,118.8,2
0022300939,2023-24,2,3,26,0,39.3,DREB,39-42,22.6,0,6,0,0,1,1,0,0,119.7,118.8,0
0022300939,2023-24,3,26,3,1,33.2,LIVE_TOV,33-36,28.5,1,1,2,1,2,1,1,0,113.9,118.2,1
0022300940,2023-24,1,26,17,0,36.7,MADE_BASKET,36-39,20.0,0,-9,0,2,1,1,0,0,113.9,115.7,-2
0022300940,2023-24,2,26,17,0,31.1,DREB,30-33,17.7,0,-17,2,0,1,1,0,0,113.9,115.7,2
0022300940,2023-24,3,17,26,1,34.6,MADE_BASKET,33-36,19.2,0,19,2,0,1,1,0,0,121.4,118.8,2
0022300941,2023-24,1,14,10,0,35.8,MADE_BASKET,33-36,31.6,1,0,0,2,2,2,1,1,118.7,111.7,-2
0022300941,2023-24,2,10,14,1,39.0,DREB,39-42,30.6,1,-5,5,0,2,2,1,1,118.9,118.6,5
0022300941,2023-24,3,10,14,1,32.3,DREB,30-33,16.7,0,2,5,0,1,1,0,0,118.9,118.6,5
0022300942,2023-24,1,23,16,0,45.0,LIVE_TOV,42-45,28.4,1,0,0,0,2,1,1,0,111.8,113.3,0
0022300942,2023-24,2,23,16,0,38.2,DREB,36-39,29.5,1,6,0,0,2,1,1,0,111.8,113.3,0
0022300942,2023-24,3,23,16,0,39.8,MADE_BASKET,39-42,33.1,1,4,2,0,2,1,1,0,111.8,113.3,2
0022300943,2023-24,2,16,1,1,33.9,MADE_BASKET,33-36,15.5,0,-4,2,0,1,1,0,0,117.4,119.1,2
0022300943,2023-24,3,16,1,1,35.2,DREB,33-36,33.1,1,7,0,0,2,1,1,0,117.4,119.1,0
0022300944,2023-24,1,18,3,1,45.0,MADE_BASKET,42-45,31.5,1,-4,0,1,1,1,0,0,114.7,118.2,-1
0022300944,2023-24,2,18,3,1,33.6,DREB,33-36,31.2,1,1,0,2,2,2,1,1,114.7,118.2,-2
0022300944,2023-24,3,18,3,1,42.2,DEAD_BALL,42-45,32.7,1,-2,2,3,2,1,1,0,114.7,118.2,-1
0022300945,2023-24,1,18,14,0,37.3,DREB,36-39,31.9,1,9,5,0,2,1,1,0,114.7,118.6,5
0022300945,2023-24,2,14,18,1,36.0,MADE_BASKET,36-39,21.7,0,-2,2,2,2,1,1,0,118.7,114.0,0
0022300945,2023-24,3,18,14,0,32.7,MADE_BASKET,30-33,9.3,0,12,2,0,1,0,0,0,114.7,118.6,2
0022300946,2023-24,1,29,20,0,39.4,LIVE_TOV,39-42,36.2,1,-11,2,4,2,2,1,1,120.6,114.4,-2
0022300946,2023-24,2,29,20,0,39.5,MADE_BASKET,39-42,22.5,0,-21,0,0,1,1,0,0,120.6,114.4,0
0022300946,2023-24,3,20,29,1,44.4,DREB,42-45,31.4,1,16,2,0,2,1,1,0,128.8,118.5,2
0022300947,2023-24,2,15,19,0,40.2,DREB,39-42,33.1,1,3,3,0,2,1,1,0,116.5,111.1,3
0022300948,2023-24,1,19,14,0,36.9,MADE_BASKET,36-39,34.3,1,-1,3,0,2,1,1,0,127.8,118.6,3
0022300948,2023-24,2,14,19,1,33.1,DREB,33-36,13.4,0,-8,0,0,1,1,0,0,118.7,111.1,0
0022300948,2023-24,3,14,19,1,34.3,DREB,33-36,22.1,0,-14,0,3,1,1,0,0,118.7,111.1,-3
0022300949,2023-24,1,4,8,0,35.3,MADE_BASKET,33-36,12.3,0,1,0,0,1,1,0,0,120.4,113.6,0
0022300949,2023-24,2,8,4,1,43.4,MADE_BASKET,42-45,31.8,1,-4,2,0,2,1,1,0,114.4,119.6,2
0022300950,2023-24,1,9,14,1,42.0,LIVE_TOV,42-45,28.5,1,-2,3,0,2,2,1,1,117.4,118.6,3
0022300950,2023-24,2,9,14,1,30.0,MADE_BASKET,30-33,7.4,0,2,0,3,2,1,1,0,117.4,118.6,-3
0022300950,2023-24,3,14,9,0,33.0,MADE_BASKET,33-36,22.7,0,2,2,0,1,1,0,0,118.7,117.2,2
0022300951,2023-24,1,8,19,1,38.1,MADE_BASKET,36-39,23.7,0,4,1,2,1,1,0,0,114.4,111.1,-1
0022300951,2023-24,2,8,19,1,33.7,MADE_BASKET,33-36,29.3,1,-5,3,2,2,2,1,1,114.4,111.1,1
0022300952,2023-24,2,11,7,0,42.4,DREB,42-45,32.4,1,-9,0,3,2,2,1,1,116.5,117.4,-3
0022300952,2023-24,3,7,11,1,30.2,MADE_BASKET,30-33,15.2,0,4,0,0,1,1,0,0,112.0,121.8,0
0022300953,2023-24,1,27,23,1,36.8,MADE_BASKET,36-39,17.6,0,0,0,0,1,1,0,0,114.9,117.6,0
0022300953,2023-24,2,27,23,1,32.8,DREB,30-33,15.2,0,-1,3,2,1,1,0,0,114.9,117.6,1
0022300953,2023-24,3,27,23,1,37.5,DREB,36-39,29.8,1,10,6,0,2,1,1,0,114.9,117.6,6
0022300954,2023-24,1,26,5,1,31.0,MADE_BASKET,30-33,17.3,0,-7,3,2,1,1,0,0,113.9,120.6,1
0022300954,2023-24,3,26,5,1,33.1,DREB,33-36,30.8,1,4,2,3,2,1,1,0,113.9,120.6,-1
0022300955,2023-24,1,21,23,1,31.7,MADE_BASKET,30-33,11.6,0,-10,2,0,1,1,0,0,126.6,117.6,2
0022300955,2023-24,2,23,21,0,35.1,DREB,33-36,21.1,0,9,2,0,1,1,0,0,111.8,107.4,2
0022300955,2023-24,3,23,21,0,40.7,DREB,39-42,28.8,1,17,0,0,2,1,1,0,111.8,107.4,0
0022300956,2023-24,1,10,22,0,39.9,MADE_BASKET,39-42,31.7,1,-9,2,3,2,2,1,1,118.9,117.9,-1
0022300956,2023-24,2,10,22,0,44.1,MADE_BASKET,42-45,30.5,1,-9,2,0,2,1,1,0,118.9,117.9,2
0022300957,2023-24,1,11,18,1,35.1,DREB,33-36,21.0,0,-8,2,3,1,1,0,0,116.5,114.0,-1
0022300957,2023-24,2,11,18,1,33.8,MADE_BASKET,33-36,12.1,0,4,0,0,1,0,0,0,116.5,114.0,0
0022300957,2023-24,3,11,18,1,42.9,MADE_BASKET,42-45,32.3,1,11,6,0,2,1,1,0,116.5,114.0,6
0022300958,2023-24,1,24,19,0,35.6,MADE_BASKET,33-36,14.9,0,-4,3,0,1,1,0,0,119.6,111.1,3
0022300958,2023-24,2,19,24,1,38.1,DREB,36-39,31.1,1,0,3,0,2,1,1,0,127.8,109.7,3
0022300958,2023-24,3,19,24,1,40.6,DREB,39-42,33.7,1,0,2,0,2,2,1,1,127.8,109.7,2
0022300959,2023-24,2,16,29,1,34.1,MADE_BASKET,33-36,20.7,0,-17,2,2,2,1,1,0,117.4,118.5,0
0022300959,2023-24,3,16,29,1,38.7,DREB,36-39,25.0,0,-21,0,3,1,1,0,0,117.4,118.5,-3
0022300960,2023-24,1,10,12,1,44.4,DREB,42-45,37.1,1,11,5,3,2,2,1,1,118.9,117.4,2
0022300960,2023-24,2,10,12,1,44.1,MADE_BASKET,42-45,23.9,0,2,3,2,1,1,0,0,118.9,117.4,1
0022300960,2023-24,3,12,10,0,44.1,MADE_BASKET,42-45,30.5,1,-16,0,0,2,1,1,0,111.3,111.7,0
0022300961,2023-24,1,26,11,0,39.4,DREB,39-42,25.4,0,2,2,2,2,1,1,0,113.9,121.8,0
0022300961,2023-24,2,11,26,1,33.7,MADE_BASKET,33-36,28.5,1,-3,2,3,2,1,1,0,116.5,118.8,-1
0022300961,2023-24,3,11,26,1,33.1,MADE_BASKET,33-36,12.0,0,-11,2,0,1,1,0,0,116.5,118.8,2
0022300962,2023-24,1,26,5,1,37.4,DREB,36-39,33.1,1,-2,2,2,2,1,1,0,113.9,120.6,0
0022300962,2023-24,2,26,5,1,40.2,MADE_BASKET,39-42,35.4,1,-13,4,2,2,2,1,1,113.9,120.6,2
0022300962,2023-24,3,5,26,0,32.3,MADE_BASKET,30-33,14.2,0,10,2,0,1,1,0,0,112.8,118.8,2
0022300963,2023-24,1,25,17,0,32.3,DREB,30-33,13.6,0,0,0,0,1,1,0,0,111.5,115.7,0
0022300963,2023-24,2,25,17,0,30.0,MADE_BASKET,30-33,15.7,0,4,0,0,2,1,1,0,111.5,115.7,0
0022300963,2023-24,3,17,25,1,40.1,MADE_BASKET,39-42,15.5,0,-1,3,2,1,1,0,0,121.4,113.3,1
0022300964,2023-24,1,16,6,0,40.1,LIVE_TOV,39-42,36.0,1,4,2,2,2,1,1,0,117.4,112.1,0
0022300964,2023-24,2,16,6,0,35.0,MADE_BASKET,33-36,31.1,1,0,0,2,2,1,1,0,117.4,112.1,-2
0022300964,2023-24,3,16,6,0,32.5,MADE_BASKET,30-33,16.1,0,-6,0,2,1,1,0,0,117.4,112.1,-2
0022300965,2023-24,1,29,25,0,37.3,MADE_BASKET,36-39,22.8,0,-5,3,2,1,1,0,0,120.6,113.3,1
0022300965,2023-24,2,25,29,1,30.9,DREB,30-33,8.2,0,3,2,0,1,1,0,0,111.5,118.5,2
0022300965,2023-24,3,25,29,1,39.5,MADE_BASKET,39-42,35.0,1,1,0,2,2,2,1,1,111.5,118.5,-2
0022300966,2023-24,1,14,12,1,40.8,MADE_BASKET,39-42,35.5,1,7,3,3,2,1,1,0,118.7,117.4,0
0022300966,2023-24,2,14,12,1,44.2,MADE_BASKET,42-45,40.4,1,4,5,5,2,2,1,1,118.7,117.4,0
0022300966,2023-24,3,12,14,0,32.9,MADE_BASKET,30-33,21.8,0,-3,2,3,1,1,0,0,111.3,118.6,-1
0022300967,2023-24,1,15,30,1,39.1,MADE_BASKET,39-42,33.8,1,-7,5,2,2,2,1,1,116.5,112.2,3
0022300967,2023-24,2,30,15,0,33.7,DREB,33-36,22.3,0,2,0,0,1,1,0,0,109.8,111.0,0
0022300967,2023-24,3,30,15,0,39.7,DEAD_BALL,39-42,23.4,0,4,0,0,1,1,0,0,109.8,111.0,0
0022300968,2023-24,1,3,6,1,39.1,MADE_BASKET,39-42,34.0,1,4,0,3,2,2,1,1,119.7,112.1,-3
0022300968,2023-24,2,3,6,1,38.3,MADE_BASKET,36-39,29.2,1,11,1,2,2,1,1,0,119.7,112.1,-1
0022300968,2023-24,3,3,6,1,41.6,LIVE_TOV,39-42,31.4,1,5,0,0,2,1,1,0,119.7,112.1,0
0022300969,2023-24,1,25,12,1,41.4,MADE_BASKET,39-42,30.1,1,1,1,0,2,1,1,0,111.5,117.4,1
0022300969,2023-24,2,12,25,0,45.0,DREB,42-45,41.3,1,2,3,2,2,2,1,1,111.3,113.3,1
0022300969,2023-24,3,12,25,0,42.7,DREB,42-45,35.3,1,3,3,5,2,1,1,0,111.3,113.3,-2
0022300970,2023-24,1,28,23,1,35.9,DEAD_BALL,33-36,16.2,0,2,0,2,1,1,0,0,114.5,117.6,-2
0022300970,2023-24,2,28,23,1,40.4,MADE_BASKET,39-42,29.6,1,-3,5,0,2,1,1,0,114.5,117.6,5
0022300970,2023-24,3,23,28,0,43.4,MADE_BASKET,42-45,28.5,1,-8,0,3,2,1,1,0,111.8,117.7,-3
0022300971,2023-24,1,30,7,1,39.1,MADE_BASKET,39-42,19.6,0,0,0,0,1,1,0,0,109.8,117.4,0
0022300971,2023-24,2,30,7,1,38.5,DREB,36-39,32.1,1,-4,1,2,2,1,1,0,109.8,117.4,-1
0022300972,2023-24,2,7,16,0,30.5,MADE_BASKET,30-33,5.6,0,4,3,0,1,1,0,0,112.0,113.3,3
0022300973,2023-24,1,3,13,1,38.6,MADE_BASKET,36-39,21.3,0,9,0,0,1,1,0,0,119.7,106.5,0
0022300973,2023-24,2,3,13,1,38.7,MADE_BASKET,36-39,33.3,1,21,0,3,2,1,1,0,119.7,106.5,-3
0022300973,2023-24,3,13,3,0,41.7,MADE_BASKET,39-42,31.2,1,-18,3,2,2,1,1,0,109.3,118.2,1
0022300974,2023-24,1,5,20,1,34.8,MADE_BASKET,33-36,15.2,0,-3,4,0,1,1,0,0,112.8,114.4,4
0022300974,2023-24,2,5,20,1,43.0,MADE_BASKET,42-45,34.0,1,7,2,0,2,1,1,0,112.8,114.4,2
0022300974,2023-24,3,20,5,0,31.5,DREB,30-33,29.1,1,-16,2,0,2,1,1,0,128.8,120.6,2
0022300975,2023-24,1,30,2,0,38.3,DREB,36-39,28.4,1,3,0,0,2,1,1,0,109.8,117.3,0
0022300975,2023-24,2,2,30,1,44.5,DREB,42-45,32.4,1,-6,2,0,2,1,1,0,120.1,112.2,2
0022300975,2023-24,3,2,30,1,36.1,DREB,36-39,22.7,0,-5,0,4,1,1,0,0,120.1,112.2,-4
0022300976,2023-24,1,6,14,1,36.5,DREB,36-39,26.5,0,-1,2,2,2,1,1,0,116.7,118.6,0
0022300976,2023-24,2,14,6,0,44.3,MADE_BASKET,42-45,38.7,1,-4,0,2,2,1,1,0,118.7,112.1,-2
0022300977,2023-24,2,10,26,0,44.2,MADE_BASKET,42-45,32.9,1,0,2,0,2,1,1,0,118.9,118.8,2
0022300977,2023-24,3,26,10,1,35.6,MADE_BASKET,33-36,16.0,0,-1,0,0,1,1,0,0,113.9,111.7,0
0022300978,2023-24,1,5,25,0,34.9,MADE_BASKET,33-36,29.6,1,-4,6,2,2,2,1,1,112.8,113.3,4
0022300978,2023-24,2,5,25,0,39.3,DREB,39-42,24.4,0,0,2,0,1,1,0,0,112.8,113.3,2
0022300978,2023-24,3,25,5,1,41.9,MADE_BASKET,39-42,31.5,1,6,0,0,2,1,1,0,111.5,120.6,0
0022300979,2023-24,1,28,27,0,43.1,MADE_BASKET,42-45,30.0,1,-11,0,4,2,2,1,1,114.5,120.5,-4
0022300979,2023-24,2,27,28,1,42.8,MADE_BASKET,42-45,32.4,1,16,0,2,2,2,1,1,114.9,117.7,-2
0022300980,2023-24,1,1,17,0,37.3,DREB,36-39,33.6,1,13,2,2,1,1,0,0,111.0,115.7,0
0022300980,2023-24,2,17,1,1,40.1,MADE_BASKET,39-42,29.4,1,-12,0,0,1,1,0,0,121.4,119.1,0
0022300980,2023-24,3,17,1,1,43.5,DREB,42-45,28.5,1,-8,0,6,2,1,1,0,121.4,119.1,-6
0022300981,2023-24,2,16,10,0,36.2,DREB,36-39,30.8,1,3,1,0,2,1,1,0,117.4,111.7,1
0022300981,2023-24,3,10,16,1,38.1,LIVE_TOV,36-39,36.0,1,-5,0,5,2,2,1,1,118.9,113.3,-5
0022300982,2023-24,2,17,6,1,37.8,MADE_BASKET,36-39,20.5,0,1,0,3,1,1,0,0,121.4,112.1,-3
0022300982,2023-24,3,17,6,1,32.2,DREB,30-33,16.1,0,-2,2,2,1,1,0,0,121.4,112.1,0
0022300983,2023-24,1,24,12,1,35.2,MADE_BASKET,33-36,31.2,1,7,0,3,2,1,1,0,119.6,117.4,-3
0022300983,2023-24,2,12,24,0,33.1,MADE_BASKET,33-36,20.1,0,-15,0,3,1,1,0,0,111.3,109.7,-3
0022300983,2023-24,3,24,12,1,36.5,LIVE_TOV,36-39,28.5,1,22,4,0,2,1,1,0,119.6,117.4,4
0022300984,2023-24,1,13,11,0,45.0,MADE_BASKET,42-45,32.0,1,1,0,5,2,2,1,1,109.3,121.8,-5
0022300984,2023-24,2,13,11,0,44.2,MADE_BASKET,42-45,31.2,1,-10,0,2,2,1,1,0,109.3,121.8,-2
0022300984,2023-24,3,13,11,0,42.8,DEAD_BALL,42-45,31.0,1,0,0,2,2,1,1,0,109.3,121.8,-2
0022300985,2023-24,1,16,24,1,41.2,MADE_BASKET,39-42,34.3,1,-4,2,0,2,2,1,1,117.4,109.7,2
0022300985,2023-24,2,24,16,0,35.8,DREB,33-36,21.1,0,6,3,0,1,1,0,0,119.6,113.3,3
0022300985,2023-24,3,24,16,0,41.5,DREB,39-42,34.0,1,3,2,0,1,1,0,0,119.6,113.3,2
0022300986,2023-24,1,9,29,0,35.8,MADE_BASKET,33-36,18.4,0,8,2,2,1,1,0,0,117.4,118.5,0
0022300986,2023-24,2,29,9,1,30.2,MADE_BASKET,30-33,5.1,0,-6,0,2,2,1,1,0,120.6,117.2,-2
0022300987,2023-24,2,10,19,0,43.0,MADE_BASKET,42-45,27.9,0,11,2,2,2,2,1,1,118.9,111.1,0
0022300987,2023-24,3,10,19,0,38.1,MADE_BASKET,36-39,30.9,1,7,2,0,2,1,1,0,118.9,111.1,2
0022300988,2023-24,1,15,8,0,40.1,DREB,39-42,34.1,1,-4,4,3,2,2,1,1,116.5,113.6,1
0022300988,2023-24,3,8,15,1,39.3,DEAD_BALL,39-42,33.5,1,14,4,0,2,2,1,1,114.4,111.0,4
0022300989,2023-24,1,3,21,1,36.5,MADE_BASKET,36-39,26.8,0,-1,3,2,2,1,1,0,119.7,107.4,1
0022300989,2023-24,2,3,21,1,32.0,DREB,30-33,22.4,0,5,0,0,2,1,1,0,119.7,107.4,0
0022300990,2023-24,1,28,24,0,33.9,MADE_BASKET,33-36,18.3,0,7,0,3,1,1,0,0,114.5,109.7,-3
0022300990,2023-24,2,24,28,1,31.4,MADE_BASKET,30-33,7.2,0,-6,2,0,1,1,0,0,119.6,117.7,2
0022300990,2023-24,3,28,24,0,40.9,DREB,39-42,28.6,1,-1,6,0,2,1,1,0,114.5,109.7,6
0022300991,2023-24,3,30,17,1,43.1,DREB,42-45,34.4,1,20,3,0,2,1,1,0,109.8,115.7,3
0022300992,2023-24,2,17,4,0,30.2,MADE_BASKET,30-33,10.0,0,4,0,0,1,1,0,0,121.4,119.6,0
0022300992,2023-24,3,17,4,0,35.8,LIVE_TOV,33-36,29.9,1,10,4,0,2,1,1,0,121.4,119.6,4
0022300993,2023-24,1,20,29,0,30.4,DEAD_BALL,30-33,12.6,0,-5,2,2,2,1,1,0,128.8,118.5,0
0022300994,2023-24,1,12,9,1,40.7,MADE_BASKET,39-42,36.4,1,4,2,0,2,1,1,0,111.3,117.2,2
0022300994,2023-24,2,12,9,1,44.6,DREB,42-45,32.9,1,-5,0,0,2,1,1,0,111.3,117.2,0
0022300994,2023-24,3,12,9,1,38.6,DREB,36-39,35.0,1,-2,0,3,2,1,1,0,111.3,117.2,-3
0022300995,2023-24,1,3,25,1,35.8,LIVE_TOV,33-36,29.1,1,12,2,0,2,1,1,0,119.7,113.3,2
0022300995,2023-24,2,25,3,0,42.4,DREB,42-45,30.6,1,-6,0,0,2,1,1,0,111.5,118.2,0
0022300995,2023-24,3,3,25,1,33.0,MADE_BASKET,33-36,14.8,0,5,3,3,1,1,0,0,119.7,113.3,0
0022300996,2023-24,1,4,9,1,42.4,MADE_BASKET,42-45,30.9,1,0,2,0,1,1,0,0,120.4,117.2,2
0022300996,2023-24,2,4,9,1,34.8,MADE_BASKET,33-36,22.0,0,2,2,0,1,1,0,0,120.4,117.2,2
0022300997,2023-24,1,29,8,1,44.8,MADE_BASKET,42-45,28.4,1,2,5,2,2,1,1,0,120.6,113.6,3
0022300997,2023-24,2,8,29,0,41.4,DREB,39-42,25.8,0,-9,2,2,1,1,0,0,114.4,118.5,0
0022300998,2023-24,1,6,26,0,44.2,DREB,42-45,40.2,1,1,5,0,2,2,1,1,116.7,118.8,5
0022300998,2023-24,2,6,26,0,34.0,DEAD_BALL,33-36,31.3,1,7,2,0,2,2,1,1,116.7,118.8,2
0022300998,2023-24,3,26,6,1,40.6,DREB,39-42,32.4,1,-8,0,0,2,1,1,0,113.9,112.1,0
0022300999,2023-24,1,14,24,1,38.2,DREB,36-39,35.8,1,-2,1,3,2,2,1,1,118.7,109.7,-2
0022300999,2023-24,3,24,14,0,43.6,DREB,42-45,32.4,1,-2,2,4,2,2,1,1,119.6,118.6,-2
0022301000,2023-24,2,8,2,0,31.8,DREB,30-33,17.2,0,5,0,0,1,1,0,0,114.4,117.3,0
0022301000,2023-24,3,2,8,1,36.8,DEAD_BALL,36-39,30.3,1,-3,2,0,2,1,1,0,120.1,113.6,2
0022301001,2023-24,1,11,16,0,30.9,MADE_BASKET,30-33,8.1,0,-9,0,2,1,1,0,0,116.5,113.3,-2
0022301001,2023-24,2,16,11,1,39.0,MADE_BASKET,39-42,30.5,1,8,5,2,2,1,1,0,117.4,121.8,3
0022301001,2023-24,3,16,11,1,34.3,MADE_BASKET,33-36,18.3,0,2,0,2,1,1,0,0,117.4,121.8,-2
0022301002,2023-24,1,18,11,1,30.1,DREB,30-33,12.2,0,16,2,0,1,1,0,0,114.7,121.8,2
0022301002,2023-24,2,11,18,0,40.8,MADE_BASKET,39-42,36.9,1,-12,2,3,2,1,1,0,116.5,114.0,-1
0022301002,2023-24,3,18,11,1,38.3,MADE_BASKET,36-39,30.3,1,13,2,2,2,1,1,0,114.7,121.8,0
0022301003,2023-24,1,20,30,1,41.4,MADE_BASKET,39-42,37.7,1,7,4,0,2,2,1,1,128.8,112.2,4
0022301003,2023-24,2,20,30,1,41.6,DREB,39-42,31.5,1,12,0,3,2,1,1,0,128.8,112.2,-3
0022301003,2023-24,3,30,20,0,39.2,DREB,39-42,24.7,0,-2,3,2,1,1,0,0,109.8,114.4,1
0022301004,2023-24,1,11,14,1,43.2,MADE_BASKET,42-45,40.1,1,0,0,4,2,2,1,1,116.5,118.6,-4
0022301004,2023-24,2,14,11,0,31.7,DREB,30-33,18.4,0,6,2,0,1,1,0,0,118.7,121.8,2
0022301005,2023-24,1,12,16,0,31.7,MADE_BASKET,30-33,9.5,0,-6,0,0,1,1,0,0,111.3,113.3,0
0022301005,2023-24,2,12,16,0,32.9,DREB,30-33,22.3,0,-13,2,0,1,1,0,0,111.3,113.3,2
0022301005,2023-24,3,16,12,1,44.4,MADE_BASKET,42-45,29.9,1,8,0,2,2,2,1,1,117.4,117.4,-2
0022301006,2023-24,1,27,26,1,35.9,DREB,33-36,21.8,0,1,0,0,1,1,0,0,114.9,118.8,0
0022301006,2023-24,2,26,27,0,41.7,MADE_BASKET,39-42,30.8,1,-4,2,0,2,1,1,0,113.9,120.5,2
0022301006,2023-24,3,27,26,1,36.8,DREB,36-39,24.6,0,5,0,0,1,1,0,0,114.9,118.8,0
0022301007,2023-24,2,11,29,1,35.8,MADE_BASKET,33-36,23.0,0,3,0,2,1,1,0,0,116.5,118.5,-2
0022301007,2023-24,3,29,11,0,31.6,LIVE_TOV,30-33,17.1,0,-2,0,3,1,1,0,0,120.6,121.8,-3
0022301008,2023-24,1,30,12,1,43.4,DREB,42-45,25.2,0,-11,2,2,1,1,0,0,109.8,117.4,0
0022301008,2023-24,2,12,30,0,32.9,MADE_BASKET,30-33,13.8,0,0,0,0,1,1,0,0,111.3,112.2,0
0022301008,2023-24,3,30,12,1,39.3,MADE_BASKET,39-42,35.0,1,-3,2,0,1,1,0,0,109.8,117.4,2
0022301009,2023-24,1,22,2,0,40.6,DREB,39-42,33.3,1,-1,3,0,2,2,1,1,115.8,117.3,3
0022301009,2023-24,2,22,2,0,32.6,MADE_BASKET,30-33,23.3,0,2,5,2,2,1,1,0,115.8,117.3,3
0022301009,2023-24,3,22,2,0,34.4,DREB,33-36,29.6,1,7,0,0,2,1,1,0,115.8,117.3,0
0022301010,2023-24,1,4,29,1,38.8,MADE_BASKET,36-39,28.8,1,-5,2,2,2,1,1,0,120.4,118.5,0
0022301010,2023-24,2,4,29,1,38.9,MADE_BASKET,36-39,35.0,1,-13,3,0,1,1,0,0,120.4,118.5,3
0022301010,2023-24,3,29,4,0,31.4,LIVE_TOV,30-33,25.6,0,4,0,0,1,1,0,0,120.6,119.6,0
0022301011,2023-24,1,8,12,1,30.0,MADE_BASKET,30-33,4.1,0,5,0,0,1,0,0,0,114.4,117.4,0
0022301011,2023-24,2,12,8,0,40.0,DREB,39-42,32.8,1,-5,0,0,2,1,1,0,111.3,113.6,0
0022301011,2023-24,3,12,8,0,33.5,MADE_BASKET,33-36,8.2,0,-1,0,2,1,1,0,0,111.3,113.6,-2
0022301012,2023-24,1,7,12,1,40.7,MADE_BASKET,39-42,32.6,1,-10,2,2,2,1,1,0,112.0,117.4,0
0022301012,2023-24,2,7,12,1,40.7,MADE_BASKET,39-42,34.3,1,-12,0,0,2,2,1,1,112.0,117.4,0
0022301012,2023-24,3,7,12,1,36.7,MADE_BASKET,36-39,20.6,0,-24,3,3,1,1,0,0,112.0,117.4,0
0022301013,2023-24,1,18,3,0,41.5,DREB,39-42,30.1,1,-9,6,0,2,1,1,0,114.7,118.2,6
0022301013,2023-24,2,18,3,0,41.1,DREB,39-42,32.2,1,0,5,0,2,2,1,1,114.7,118.2,5
0022301013,2023-24,3,3,18,1,37.4,DREB,36-39,22.2,0,-4,2,3,1,1,0,0,119.7,114.0,-1
0022301014,2023-24,1,6,23,0,44.9,DREB,42-45,32.5,1,-6,3,0,2,1,1,0,116.7,117.6,3
0022301014,2023-24,2,6,23,0,45.0,DREB,42-45,34.7,1,-3,2,0,2,1,1,0,116.7,117.6,2
0022301014,2023-24,3,23,6,1,30.0,MADE_BASKET,30-33,6.2,0,6,0,0,1,0,0,0,111.8,112.1,0
0022301015,2023-24,2,25,6,1,39.9,LIVE_TOV,39-42,30.8,1,-16,2,0,1,1,0,0,111.5,112.1,2
0022301015,2023-24,3,25,6,1,39.5,DREB,39-42,29.2,1,-14,2,3,2,1,1,0,111.5,112.1,-1
0022301016,2023-24,1,26,30,1,40.6,MADE_BASKET,39-42,22.0,0,-3,3,2,1,1,0,0,113.9,112.2,1
0022301016,2023-24,3,26,30,1,41.7,MADE_BASKET,39-42,31.2,1,12,2,0,2,1,1,0,113.9,112.2,2
0022301017,2023-24,2,15,26,0,43.8,DREB,42-45,28.5,1,-15,0,0,1,1,0,0,116.5,118.8,0
0022301017,2023-24,3,26,15,1,44.4,LIVE_TOV,42-45,40.2,1,20,0,2,2,2,1,1,113.9,111.0,-2
0022301018,2023-24,2,13,6,0,38.4,MADE_BASKET,36-39,32.0,1,4,0,2,2,1,1,0,109.3,112.1,-2
0022301019,2023-24,2,4,23,1,34.1,MADE_BASKET,33-36,18.0,0,4,2,3,1,1,0,0,120.4,117.6,-1
0022301019,2023-24,3,23,4,0,35.5,DREB,33-36,31.0,1,-3,6,2,2,1,1,0,111.8,119.6,4
0022301020,2023-24,1,8,28,0,35.7,LIVE_TOV,33-36,34.1,1,5,0,3,2,1,1,0,114.4,117.7,-3
0022301020,2023-24,2,8,28,0,31.1,MADE_BASKET,30-33,12.8,0,-5,3,3,1,1,0,0,114.4,117.7,0
0022301020,2023-24,3,28,8,1,31.6,MADE_BASKET,30-33,7.2,0,-7,0,0,1,1,0,0,114.5,113.6,0
0022301021,2023-24,1,4,12,0,36.5,DREB,36-39,22.5,0,0,0,0,1,1,0,0,120.4,117.4,0
0022301021,2023-24,3,4,12,0,44.1,MADE_BASKET,42-45,37.2,1,1,5,0,2,2,1,1,120.4,117.4,5
0022301022,2023-24,1,8,25,0,36.8,DREB,36-39,28.5,1,-7,3,0,2,1,1,0,114.4,113.3,3
0022301022,2023-24,2,8,25,0,31.9,MADE_BASKET,30-33,15.3,0,-10,0,0,1,1,0,0,114.4,113.3,0
0022301022,2023-24,3,8,25,0,37.2,LIVE_TOV,36-39,31.3,1,-6,3,2,2,1,1,0,114.4,113.3,1
0022301023,2023-24,2,2,5,1,39.8,DREB,39-42,18.1,0,4,0,2,2,1,1,0,120.1,120.6,-2
0022301023,2023-24,3,2,5,1,40.4,DREB,39-42,36.9,1,7,3,2,2,2,1,1,120.1,120.6,1
0022301024,2023-24,1,14,27,1,43.1,MADE_BASKET,42-45,33.8,1,-6,2,3,2,1,1,0,118.7,120.5,-1
0022301024,2023-24,2,14,27,1,32.1,DREB,30-33,29.3,1,-1,2,3,1,1,0,0,118.7,120.5,-1
0022301024,2023-24,3,27,14,0,34.6,MADE_BASKET,33-36,18.0,0,3,0,0,2,1,1,0,114.9,118.6,0
0022301025,2023-24,1,19,26,0,43.8,MADE_BASKET,42-45,31.1,1,5,0,3,1,1,0,0,127.8,118.8,-3
0022301025,2023-24,2,19,26,0,43.0,DREB,42-45,35.2,1,-2,1,3,2,2,1,1,127.8,118.8,-2
0022301025,2023-24,3,19,26,0,33.6,DREB,33-36,29.9,1,-5,0,2,2,1,1,0,127.8,118.8,-2
0022301026,2023-24,1,2,10,0,35.3,DREB,33-36,29.2,1,-2,0,0,2,1,1,0,120.1,111.7,0
0022301026,2023-24,2,10,2,1,43.6,LIVE_TOV,42-45,39.9,1,4,3,2,2,2,1,1,118.9,117.3,1
0022301026,2023-24,3,10,2,1,40.0,LIVE_TOV,39-42,36.3,1,11,2,3,2,2,1,1,118.9,117.3,-1
0022301027,2023-24,1,14,20,0,42.4,DREB,42-45,37.1,1,7,4,2,2,2,1,1,118.7,114.4,2
0022301027,2023-24,2,20,14,1,36.1,MADE_BASKET,36-39,24.0,0,-5,3,0,1,1,0,0,128.8,118.6,3
0022301027,2023-24,3,20,14,1,30.3,DREB,30-33,10.5,0,-5,0,0,1,1,0,0,128.8,118.6,0
0022301028,2023-24,1,15,9,0,33.4,MADE_BASKET,33-36,20.2,0,6,0,0,1,1,0,0,116.5,117.2,0
0022301028,2023-24,2,15,9,0,38.0,LIVE_TOV,36-39,29.2,1,4,0,0,1,1,0,0,116.5,117.2,0
0022301028,2023-24,3,9,15,1,35.4,DREB,33-36,24.7,0,-9,0,0,1,1,0,0,117.4,111.0,0
0022301029,2023-24,1,12,27,1,39.3,DREB,39-42,32.0,1,22,0,0,2,1,1,0,111.3,120.5,0
0022301029,2023-24,2,12,27,1,31.6,MADE_BASKET,30-33,10.5,0,19,2,2,1,1,0,0,111.3,120.5,0
0022301029,2023-24,3,12,27,1,35.6,DREB,33-36,21.8,0,16,0,0,1,1,0,0,111.3,120.5,0
0022301030,2023-24,1,19,6,0,30.0,DREB,30-33,13.5,0,-1,2,2,1,1,0,0,127.8,112.1,0
0022301030,2023-24,2,19,6,0,31.8,MADE_BASKET,30-33,6.9,0,-11,2,0,1,1,0,0,127.8,112.1,2
0022301030,2023-24,3,6,19,1,36.6,DREB,36-39,32.4,1,9,2,2,2,2,1,1,116.7,111.1,0
0022301031,2023-24,1,30,3,1,42.1,DEAD_BALL,42-45,30.3,1,7,3,0,1,1,0,0,109.8,118.2,3
0022301031,2023-24,2,3,30,0,32.5,MADE_BASKET,30-33,18.7,0,5,2,0,1,1,0,0,119.7,112.2,2
0022301031,2023-24,3,30,3,1,40.6,DREB,39-42,33.6,1,14,0,0,2,2,1,1,109.8,118.2,0
0022301032,2023-24,1,13,8,0,33.5,DREB,33-36,14.9,0,0,2,0,1,1,0,0,109.3,113.6,2
0022301032,2023-24,2,8,13,1,33.1,MADE_BASKET,33-36,17.6,0,-7,0,0,1,1,0,0,114.4,106.5,0
0022301032,2023-24,3,13,8,0,33.8,DREB,33-36,22.4,0,11,2,0,1,1,0,0,109.3,113.6,2
0022301033,2023-24,1,24,6,0,30.9,DREB,30-33,10.2,0,-1,2,0,1,1,0,0,119.6,112.1,2
0022301033,2023-24,2,6,24,1,42.0,MADE_BASKET,42-45,34.2,1,0,0,1,2,1,1,0,116.7,109.7,-1
0022301034,2023-24,1,29,27,0,30.6,MADE_BASKET,30-33,9.1,0,13,0,0,1,1,0,0,120.6,120.5,0
0022301034,2023-24,2,29,27,0,31.9,LIVE_TOV,30-33,30.1,1,11,4,1,2,1,1,0,120.6,120.5,3
0022301034,2023-24,3,29,27,0,31.3,MADE_BASKET,30-33,15.1,0,22,0,3,1,1,0,0,120.6,120.5,-3
0022301035,2023-24,1,19,28,0,44.8,MADE_BASKET,42-45,30.5,1,4,3,0,1,1,0,0,127.8,117.7,3
0022301035,2023-24,2,28,19,1,32.6,DREB,30-33,17.7,0,-1,2,0,1,1,0,0,114.5,111.1,2
0022301035,2023-24,3,28,19,1,40.6,DREB,39-42,37.6,1,-7,0,4,2,2,1,1,114.5,111.1,-4
0022301036,2023-24,1,28,5,1,44.4,DREB,42-45,30.4,1,6,2,0,1,1,0,0,114.5,120.6,2
0022301036,2023-24,2,5,28,0,38.9,LIVE_TOV,36-39,28.8,1,-11,5,0,2,1,1,0,112.8,117.7,5
0022301036,2023-24,3,28,5,1,32.2,MADE_BASKET,30-33,10.6,0,-2,1,0,1,1,0,0,114.5,120.6,1
0022301037,2023-24,1,6,12,0,44.8,DREB,42-45,32.5,1,-10,4,3,2,1,1,0,116.7,117.4,1
0022301037,2023-24,2,12,6,1,36.7,DREB,36-39,28.4,1,5,2,0,2,1,1,0,111.3,112.1,2
0022301037,2023-24,3,6,12,0,38.7,MADE_BASKET,36-39,34.1,1,-7,3,2,2,2,1,1,116.7,117.4,1
0022301038,2023-24,1,15,23,0,40.0,DREB,39-42,34.9,1,-9,1,0,2,1,1,0,116.5,117.6,1
0022301038,2023-24,2,23,15,1,33.4,MADE_BASKET,33-36,21.0,0,19,3,0,1,1,0,0,111.8,111.0,3
0022301038,2023-24,3,23,15,1,37.7,MADE_BASKET,36-39,20.2,0,19,2,0,1,1,0,0,111.8,111.0,2
0022301039,2023-24,1,9,23,0,37.1,MADE_BASKET,36-39,20.4,0,-11,2,2,2,1,1,0,117.4,117.6,0
0022301039,2023-24,2,9,23,0,43.8,DEAD_BALL,42-45,34.7,1,-10,0,2,2,1,1,0,117.4,117.6,-2
0022301039,2023-24,3,23,9,1,40.9,DREB,39-42,30.8,1,13,0,0,2,1,1,0,111.8,117.2,0
0022301040,2023-24,1,10,20,1,30.8,DREB,30-33,11.4,0,3,2,0,1,1,0,0,118.9,114.4,2
0022301040,2023-24,2,10,20,1,39.6,DREB,39-42,37.6,1,12,2,2,2,2,1,1,118.9,114.4,0
0022301040,2023-24,3,10,20,1,43.4,LIVE_TOV,42-45,33.4,1,9,4,0,2,1,1,0,118.9,114.4,4
0022301041,2023-24,1,9,3,1,35.9,MADE_BASKET,33-36,31.0,1,-1,5,0,2,2,1,1,117.4,118.2,5
0022301041,2023-24,2,3,9,0,38.0,MADE_BASKET,36-39,21.2,0,-2,2,0,1,1,0,0,119.7,117.2,2
0022301041,2023-24,3,9,3,1,42.4,MADE_BASKET,42-45,30.5,1,12,2,3,1,1,0,0,117.4,118.2,-1
0022301042,2023-24,1,21,11,1,34.9,MADE_BASKET,33-36,29.5,1,-5,6,0,2,1,1,0,126.6,121.8,6
0022301042,2023-24,2,11,21,0,36.2,MADE_BASKET,36-39,32.8,1,-2,2,3,2,1,1,0,116.5,107.4,-1
0022301042,2023-24,3,11,21,0,30.1,MADE_BASKET,30-33,13.5,0,0,2,2,1,1,0,0,116.5,107.4,0
0022301043,2023-24,1,11,21,1,37.7,MADE_BASKET,36-39,33.1,1,-10,6,3,2,1,1,0,116.5,107.4,3
0022301043,2023-24,2,11,21,1,40.5,MADE_BASKET,39-42,29.5,1,-12,0,2,2,1,1,0,116.5,107.4,-2
0022301044,2023-24,2,10,17,0,43.2,MADE_BASKET,42-45,28.6,1,4,3,0,2,2,1,1,118.9,115.7,3
0022301044,2023-24,3,17,10,1,44.3,DREB,42-45,30.4,1,-2,0,2,2,1,1,0,121.4,111.7,-2
0022301045,2023-24,1,26,19,0,36.1,DREB,36-39,31.3,1,5,2,0,2,1,1,0,113.9,111.1,2
0022301045,2023-24,2,19,26,1,41.0,DREB,39-42,28.4,1,-6,2,3,1,1,0,0,127.8,118.8,-1
0022301045,2023-24,3,26,19,0,34.9,MADE_BASKET,33-36,32.1,1,3,4,2,2,1,1,0,113.9,111.1,2
0022301046,2023-24,1,23,27,1,40.3,DREB,39-42,35.4,1,-4,0,0,3,2,1,1,111.8,120.5,0
0022301046,2023-24,2,27,23,0,40.4,MADE_BASKET,39-42,23.4,0,7,5,0,1,1,0,0,114.9,117.6,5
0022301046,2023-24,3,23,27,1,38.8,MADE_BASKET,36-39,28.9,1,-7,4,0,2,1,1,0,111.8,120.5,4
0022301047,2023-24,1,27,13,1,34.0,DREB,33-36,31.7,1,-8,2,0,1,1,0,0,114.9,106.5,2
0022301047,2023-24,3,27,13,1,38.2,DREB,36-39,33.8,1,-9,2,0,2,1,1,0,114.9,106.5,2
0022301048,2023-24,1,21,17,1,31.5,DEAD_BALL,30-33,23.8,0,-5,0,2,1,1,0,0,126.6,115.7,-2
0022301048,2023-24,2,21,17,1,33.4,DREB,33-36,18.4,0,5,2,0,1,1,0,0,126.6,115.7,2
0022301048,2023-24,3,21,17,1,40.8,MADE_BASKET,39-42,28.5,1,-2,0,3,2,1,1,0,126.6,115.7,-3
0022301049,2023-24,1,13,17,1,33.2,MADE_BASKET,33-36,20.3,0,6,2,2,1,1,0,0,109.3,115.7,0
0022301049,2023-24,2,13,17,1,43.5,DEAD_BALL,42-45,32.1,1,19,3,2,2,1,1,0,109.3,115.7,1
0022301049,2023-24,3,17,13,0,30.7,MADE_BASKET,30-33,9.0,0,-30,0,0,1,1,0,0,121.4,106.5,0
0022301050,2023-24,1,25,20,0,37.9,DREB,36-39,22.8,0,-9,4,2,2,1,1,0,111.5,114.4,2
0022301050,2023-24,2,25,20,0,44.5,DREB,42-45,41.2,1,-15,6,4,2,2,1,1,111.5,114.4,2
0022301050,2023-24,3,20,25,1,44.7,LIVE_TOV,42-45,34.0,1,26,0,0,2,1,1,0,128.8,113.3,0
0022301051,2023-24,1,3,2,1,42.8,MADE_BASKET,42-45,29.6,1,-11,3,0,1,1,0,0,119.7,117.3,3
0022301051,2023-24,2,3,2,1,38.0,LIVE_TOV,36-39,34.1,1,-1,5,2,2,2,1,1,119.7,117.3,3
0022301051,2023-24,3,3,2,1,31.6,MADE_BASKET,30-33,7.4,0,-5,2,0,1,1,0,0,119.7,117.3,2
0022301052,2023-24,1,22,19,0,32.8,MADE_BASKET,30-33,20.5,0,-7,1,0,1,1,0,0,115.8,111.1,1
0022301052,2023-24,3,22,19,0,37.7,MADE_BASKET,36-39,21.1,0,-4,0,3,1,1,0,0,115.8,111.1,-3
0022301053,2023-24,1,12,20,1,37.6,DREB,36-39,29.2,1,1,2,0,1,1,0,0,111.3,114.4,2
0022301054,2023-24,2,3,25,0,40.8,MADE_BASKET,39-42,23.9,0,9,0,2,1,1,0,0,119.7,113.3,-2
0022301054,2023-24,3,25,3,1,41.8,MADE_BASKET,39-42,37.2,1,-20,0,3,2,1,1,0,111.5,118.2,-3
0022301055,2023-24,1,14,18,0,37.7,DREB,36-39,34.4,1,9,0,2,2,2,1,1,118.7,114.0,-2
0022301055,2023-24,2,14,18,0,37.2,DEAD_BALL,36-39,20.5,0,16,2,0,1,1,0,0,118.7,114.0,2
0022301055,2023-24,3,18,14,1,41.2,MADE_BASKET,39-42,27.5,0,-25,4,0,2,2,1,1,114.7,118.6,4
0022301056,2023-24,1,11,2,1,45.0,DEAD_BALL,42-45,29.2,1,-1,2,3,2,1,1,0,116.5,117.3,-1
0022301056,2023-24,3,2,11,0,35.6,DREB,33-36,23.4,0,7,2,3,1,1,0,0,120.1,121.8,-1
0022301057,2023-24,1,18,21,0,34.2,MADE_BASKET,33-36,31.0,1,0,2,0,2,1,1,0,114.7,107.4,2
0022301057,2023-24,3,18,21,0,38.7,MADE_BASKET,36-39,28.9,1,-15,2,0,1,1,0,0,114.7,107.4,2
0022301058,2023-24,1,16,29,0,41.7,MADE_BASKET,39-42,35.8,1,-10,0,0,1,1,0,0,117.4,118.5,0
0022301058,2023-24,2,16,29,0,35.6,DREB,33-36,32.8,1,-5,3,0,2,1,1,0,117.4,118.5,3
0022301058,2023-24,3,16,29,0,43.6,DREB,42-45,33.5,1,0,1,2,2,1,1,0,117.4,118.5,-1
0022301059,2023-24,1,14,29,1,36.9,MADE_BASKET,36-39,33.8,1,-3,2,2,2,1,1,0,118.7,118.5,0
0022301059,2023-24,3,29,14,0,39.6,MADE_BASKET,39-42,23.8,0,0,2,2,2,1,1,0,120.6,118.6,0
0022301060,2023-24,1,30,29,0,40.4,MADE_BASKET,39-42,33.6,1,-2,0,0,2,1,1,0,109.8,118.5,0
0022301060,2023-24,2,30,29,0,30.2,LIVE_TOV,30-33,9.2,0,7,0,2,2,1,1,0,109.8,118.5,-2
0022301060,2023-24,3,30,29,0,36.7,DREB,36-39,32.5,1,10,2,6,2,1,1,0,109.8,118.5,-4
0022301061,2023-24,1,29,11,1,37.1,DREB,36-39,25.5,0,-1,0,2,1,1,0,0,120.6,121.8,-2
0022301061,2023-24,2,29,11,1,42.0,MADE_BASKET,42-45,20.3,0,-4,2,0,1,1,0,0,120.6,121.8,2
0022301061,2023-24,3,11,29,0,41.2,DREB,39-42,28.9,1,0,3,2,1,1,0,0,116.5,118.5,1
0022301062,2023-24,1,23,29,0,30.6,MADE_BASKET,30-33,8.1,0,-14,2,0,1,1,0,0,111.8,118.5,2
0022301062,2023-24,2,23,29,0,43.1,DREB,42-45,36.1,1,-15,2,2,2,1,1,0,111.8,118.5,0
0022301062,2023-24,3,23,29,0,35.1,LIVE_TOV,33-36,23.8,0,-14,2,2,1,1,0,0,111.8,118.5,0
0022301063,2023-24,1,23,26,0,36.7,MADE_BASKET,36-39,21.9,0,1,2,3,1,1,0,0,111.8,118.8,-1
0022301063,2023-24,2,23,26,0,36.1,DREB,36-39,28.6,1,-3,2,1,2,1,1,0,111.8,118.8,1
0022301063,2023-24,3,23,26,0,30.2,DREB,30-33,9.6,0,-1,0,2,1,1,0,0,111.8,118.8,-2
0022301064,2023-24,1,13,2,1,37.1,MADE_BASKET,36-39,24.7,0,-3,0,0,2,1,1,0,109.3,117.3,0
0022301064,2023-24,2,13,2,1,33.6,LIVE_TOV,33-36,28.8,1,-5,2,1,2,1,1,0,109.3,117.3,1
0022301065,2023-24,1,4,6,0,39.6,DREB,39-42,29.1,1,-2,0,3,2,1,1,0,120.4,112.1,-3
0022301065,2023-24,3,6,4,1,39.0,LIVE_TOV,39-42,34.9,1,5,0,2,2,2,1,1,116.7,119.6,-2
0022301066,2023-24,1,12,19,1,43.9,DREB,42-45,36.2,1,5,2,0,2,1,1,0,111.3,111.1,2
0022301066,2023-24,2,12,19,1,32.1,DREB,30-33,30.2,1,6,0,2,2,1,1,0,111.3,111.1,-2
0022301066,2023-24,3,19,12,0,34.9,MADE_BASKET,33-36,18.0,0,-13,0,0,1,1,0,0,127.8,117.4,0
0022301067,2023-24,1,14,21,1,43.6,MADE_BASKET,42-45,34.4,1,0,6,3,2,2,1,1,118.7,107.4,3
0022301067,2023-24,2,14,21,1,34.1,MADE_BASKET,33-36,13.0,0,1,5,2,1,1,0,0,118.7,107.4,3
0022301067,2023-24,3,21,14,0,34.3,MADE_BASKET,33-36,24.2,0,0,0,0,1,1,0,0,126.6,118.6,0
0022301068,2023-24,1,23,17,1,31.7,DREB,30-33,28.8,1,7,4,0,1,1,0,0,111.8,115.7,4
0022301068,2023-24,2,23,17,1,42.6,DREB,42-45,29.9,1,7,5,3,2,1,1,0,111.8,115.7,2
0022301068,2023-24,3,17,23,0,39.7,DREB,39-42,34.7,1,-7,2,3,2,1,1,0,121.4,117.6,-1
0022301069,2023-24,1,23,16,0,39.6,MADE_BASKET,39-42,28.7,1,1,2,0,2,1,1,0,111.8,113.3,2
0022301069,2023-24,2,23,16,0,32.2,MADE_BASKET,30-33,10.0,0,12,0,3,1,1,0,0,111.8,113.3,-3
0022301070,2023-24,1,5,6,1,35.4,DREB,33-36,23.1,0,-4,3,0,1,1,0,0,112.8,112.1,3
0022301070,2023-24,2,5,6,1,35.1,DREB,33-36,21.3,0,2,2,0,1,1,0,0,112.8,112.1,2
0022301070,2023-24,3,6,5,0,32.9,DREB,30-33,28.5,1,-13,5,2,2,1,1,0,116.7,120.6,3
0022301071,2023-24,1,3,19,1,33.5,DEAD_BALL,33-36,19.2,0,8,0,3,2,1,1,0,119.7,111.1,-3
0022301071,2023-24,2,19,3,0,34.7,DREB,33-36,18.3,0,-7,0,0,1,1,0,0,127.8,118.2,0
0022301071,2023-24,3,19,3,0,36.1,DREB,36-39,30.1,1,-11,3,1,2,1,1,0,127.8,118.2,2
0022301072,2023-24,1,29,3,0,34.1,DREB,33-36,20.7,0,6,2,0,2,1,1,0,120.6,118.2,2
0022301073,2023-24,1,28,19,1,36.6,DREB,36-39,28.9,1,-4,3,0,2,1,1,0,114.5,111.1,3
0022301073,2023-24,2,28,19,1,36.9,MADE_BASKET,36-39,30.7,1,-1,4,0,2,2,1,1,114.5,111.1,4
0022301073,2023-24,3,19,28,0,32.1,MADE_BASKET,30-33,8.8,0,-7,0,3,1,1,0,0,127.8,117.7,-3
0022301074,2023-24,1,7,16,0,30.0,MADE_BASKET,30-33,14.6,0,-11,3,2,1,1,0,0,112.0,113.3,1
0022301074,2023-24,2,7,16,0,39.2,MADE_BASKET,39-42,18.5,0,5,0,0,1,1,0,0,112.0,113.3,0
0022301074,2023-24,3,16,7,1,35.5,DREB,33-36,28.5,1,-7,0,2,2,1,1,0,117.4,117.4,-2
0022301075,2023-24,1,20,19,0,36.6,DREB,36-39,30.2,1,14,0,0,2,1,1,0,128.8,111.1,0
0022301075,2023-24,2,20,19,0,41.2,MADE_BASKET,39-42,32.2,1,14,0,2,2,1,1,0,128.8,111.1,-2
0022301075,2023-24,3,20,19,0,40.4,LIVE_TOV,39-42,33.6,1,9,3,2,2,1,1,0,128.8,111.1,1
0022301076,2023-24,1,8,28,0,34.0,DREB,33-36,19.3,0,2,0,2,1,1,0,0,114.4,117.7,-2
0022301076,2023-24,2,28,8,1,32.1,MADE_BASKET,30-33,10.9,0,-2,0,0,1,1,0,0,114.5,113.6,0
0022301076,2023-24,3,28,8,1,38.9,MADE_BASKET,36-39,31.0,1,-6,2,0,2,2,1,1,114.5,113.6,2
0022301077,2023-24,1,6,25,1,38.2,DREB,36-39,35.1,1,-13,2,0,2,1,1,0,116.7,113.3,2
0022301077,2023-24,2,25,6,0,36.6,MADE_BASKET,36-39,13.6,0,16,2,0,1,1,0,0,111.5,112.1,2
0022301077,2023-24,3,25,6,0,42.8,DREB,42-45,30.5,1,10,0,2,2,1,1,0,111.5,112.1,-2
0022301078,2023-24,1,20,21,1,33.9,MADE_BASKET,33-36,14.2,0,-15,0,0,1,1,0,0,128.8,107.4,0
0022301078,2023-24,2,21,20,0,43.0,MADE_BASKET,42-45,25.7,0,9,0,0,1,1,0,0,126.6,114.4,0
0022301078,2023-24,3,21,20,0,37.8,DREB,36-39,34.1,1,0,4,1,2,1,1,0,126.6,114.4,3
0022301079,2023-24,2,2,9,0,39.0,DREB,39-42,35.9,1,-6,2,0,3,2,1,1,120.1,117.2,2
0022301079,2023-24,3,2,9,0,34.0,MADE_BASKET,33-36,19.9,0,-7,0,0,1,1,0,0,120.1,117.2,0
0022301080,2023-24,1,17,22,0,43.0,MADE_BASKET,42-45,33.5,1,0,2,2,2,1,1,0,121.4,117.9,0
0022301080,2023-24,2,22,17,1,39.3,MADE_BASKET,39-42,23.6,0,-12,2,2,2,1,1,0,115.8,115.7,0
0022301080,2023-24,3,17,22,0,33.8,LIVE_TOV,33-36,27.1,0,7,2,0,2,1,1,0,121.4,117.9,2
0022301081,2023-24,1,21,1,0,42.9,DREB,42-45,28.2,1,0,0,2,2,1,1,0,126.6,119.1,-2
0022301081,2023-24,2,1,21,1,34.5,LIVE_TOV,33-36,29.4,1,3,2,3,2,1,1,0,111.0,107.4,-1
0022301081,2023-24,3,21,1,0,34.0,DREB,33-36,31.5,1,-5,3,3,2,1,1,0,126.6,119.1,0
0022301082,2023-24,2,29,1,0,33.3,MADE_BASKET,33-36,19.4,0,3,3,3,2,1,1,0,120.6,119.1,0
0022301082,2023-24,3,29,1,0,40.6,DREB,39-42,35.7,1,-10,0,0,2,1,1,0,120.6,119.1,0
0022301083,2023-24,1,7,17,0,42.4,DREB,42-45,28.9,1,3,0,2,1,1,0,0,112.0,115.7,-2
0022301083,2023-24,2,7,17,0,38.7,MADE_BASKET,36-39,23.8,0,-4,0,0,1,1,0,0,112.0,115.7,0
0022301083,2023-24,3,17,7,1,39.2,MADE_BASKET,39-42,37.1,1,-3,0,1,2,1,1,0,121.4,117.4,-1
0022301084,2023-24,1,2,5,0,36.3,MADE_BASKET,36-39,31.4,1,1,3,0,2,1,1,0,120.1,120.6,3
0022301084,2023-24,2,5,2,1,41.6,LIVE_TOV,39-42,33.8,1,4,2,2,2,2,1,1,112.8,117.3,0
0022301084,2023-24,3,5,2,1,44.4,DREB,42-45,40.4,1,4,4,0,2,2,1,1,112.8,117.3,4
0022301085,2023-24,1,18,6,0,33.8,DEAD_BALL,33-36,32.3,1,3,2,0,2,1,1,0,114.7,112.1,2
0022301085,2023-24,2,18,6,0,42.9,DREB,42-45,30.0,1,8,2,0,1,1,0,0,114.7,112.1,2
0022301085,2023-24,3,18,6,0,41.1,MADE_BASKET,39-42,32.2,1,7,3,0,2,1,1,0,114.7,112.1,3
0022301086,2023-24,1,5,2,1,40.3,MADE_BASKET,39-42,32.9,1,-4,2,2,2,1,1,0,112.8,117.3,0
0022301086,2023-24,3,2,5,0,35.7,DREB,33-36,17.8,0,8,2,2,1,1,0,0,120.1,120.6,0
0022301087,2023-24,1,12,3,0,41.6,LIVE_TOV,39-42,29.0,1,13,1,1,2,1,1,0,111.3,118.2,0
0022301087,2023-24,2,3,12,1,31.3,DREB,30-33,20.0,0,-10,2,0,1,1,0,0,119.7,117.4,2
0022301088,2023-24,1,14,25,1,38.5,DREB,36-39,26.2,0,-2,0,0,2,1,1,0,118.7,113.3,0
0022301088,2023-24,2,14,25,1,33.2,MADE_BASKET,33-36,16.2,0,2,0,2,2,1,1,0,118.7,113.3,-2
0022301088,2023-24,3,14,25,1,32.4,DREB,30-33,11.9,0,2,2,0,1,1,0,0,118.7,113.3,2
0022301089,2023-24,1,12,29,0,41.7,DREB,39-42,29.1,1,-1,2,0,2,1,1,0,111.3,118.5,2
0022301089,2023-24,2,12,29,0,34.2,MADE_BASKET,33-36,16.5,0,-1,2,1,1,1,0,0,111.3,118.5,1
0022301089,2023-24,3,12,29,0,30.8,MADE_BASKET,30-33,6.8,0,-1,0,0,1,1,0,0,111.3,118.5,0
0022301090,2023-24,1,21,13,0,44.7,DEAD_BALL,42-45,35.6,1,1,0,2,2,1,1,0,126.6,106.5,-2
0022301091,2023-24,1,22,7,0,30.4,DREB,30-33,21.0,0,5,3,0,1,1,0,0,115.8,117.4,3
0022301091,2023-24,2,22,7,0,32.9,MADE_BASKET,30-33,29.0,1,9,0,0,2,1,1,0,115.8,117.4,0
0022301091,2023-24,3,22,7,0,34.3,MADE_BASKET,33-36,29.0,1,5,2,2,2,2,1,1,115.8,117.4,0
0022301092,2023-24,1,28,12,1,41.5,LIVE_TOV,39-42,37.8,1,0,0,3,2,1,1,0,114.5,117.4,-3
0022301092,2023-24,2,28,12,1,35.4,MADE_BASKET,33-36,28.9,1,-3,5,5,2,2,1,1,114.5,117.4,0
0022301093,2023-24,3,4,3,1,34.5,DREB,33-36,23.4,0,-11,0,0,2,1,1,0,120.4,118.2,0
0022301094,2023-24,1,26,30,0,41.3,MADE_BASKET,39-42,34.0,1,-11,0,2,2,1,1,0,113.9,112.2,-2
0022301094,2023-24,2,26,30,0,39.2,MADE_BASKET,39-42,31.6,1,-5,2,0,2,2,1,1,113.9,112.2,2
0022301094,2023-24,3,26,30,0,33.6,MADE_BASKET,33-36,29.8,1,1,0,2,2,1,1,0,113.9,112.2,-2
0022301095,2023-24,1,27,10,1,39.8,MADE_BASKET,39-42,27.9,0,-3,4,0,2,2,1,1,114.9,111.7,4
0022301095,2023-24,2,10,27,0,38.3,DREB,36-39,35.7,1,-4,2,0,2,2,1,1,118.9,120.5,2
0022301095,2023-24,3,27,10,1,31.6,MADE_BASKET,30-33,20.4,0,1,2,2,2,1,1,0,114.9,111.7,0
0022301096,2023-24,1,12,27,0,30.3,DREB,30-33,8.2,0,-5,2,0,1,1,0,0,111.3,120.5,2
0022301096,2023-24,2,12,27,0,36.4,DREB,36-39,34.7,1,-10,3,2,2,1,1,0,111.3,120.5,1
0022301096,2023-24,3,27,12,1,42.5,MADE_BASKET,42-45,29.2,1,16,4,3,2,1,1,0,114.9,117.4,1
0022301097,2023-24,1,11,25,0,31.8,DREB,30-33,23.3,0,-9,3,1,1,1,0,0,116.5,113.3,2
0022301097,2023-24,2,11,25,0,35.3,DREB,33-36,30.1,1,-7,6,2,2,1,1,0,116.5,113.3,4
0022301097,2023-24,3,11,25,0,37.2,DREB,36-39,30.5,1,-1,0,5,2,1,1,0,116.5,113.3,-5
0022301098,2023-24,1,21,6,0,36.2,MADE_BASKET,36-39,16.7,0,-4,2,0,1,1,0,0,126.6,112.1,2
0022301098,2023-24,2,21,6,0,38.9,MADE_BASKET,36-39,21.6,0,-6,2,0,2,1,1,0,126.6,112.1,2
0022301099,2023-24,1,25,4,1,38.2,DREB,36-39,34.9,1,-5,2,6,2,2,1,1,111.5,119.6,-4
0022301099,2023-24,2,25,4,1,41.8,DREB,39-42,26.1,0,-5,2,0,2,1,1,0,111.5,119.6,2
0022301099,2023-24,3,4,25,0,35.8,DREB,33-36,25.7,0,-2,0,3,2,1,1,0,120.4,113.3,-3
0022301100,2023-24,1,3,5,0,43.4,MADE_BASKET,42-45,32.9,1,-3,5,2,3,2,1,1,119.7,120.6,3
0022301100,2023-24,2,5,3,1,32.7,DREB,30-33,24.5,0,4,0,0,1,1,0,0,112.8,118.2,0
0022301100,2023-24,3,3,5,0,33.7,MADE_BASKET,33-36,21.2,0,-8,3,0,1,1,0,0,119.7,120.6,3
0022301101,2023-24,1,11,28,1,31.7,DREB,30-33,23.0,0,0,3,0,1,1,0,0,116.5,117.7,3
0022301101,2023-24,2,28,11,0,40.0,MADE_BASKET,39-42,29.1,1,-1,3,2,2,1,1,0,114.5,121.8,1
0022301101,2023-24,3,28,11,0,38.1,MADE_BASKET,36-39,32.4,1,2,0,2,2,2,1,1,114.5,121.8,-2
0022301102,2023-24,1,7,15,0,37.9,DREB,36-39,29.9,1,6,0,2,1,1,0,0,112.0,111.0,-2
0022301102,2023-24,2,7,15,0,34.4,MADE_BASKET,33-36,30.8,1,10,2,2,2,1,1,0,112.0,111.0,0
0022301102,2023-24,3,15,7,1,44.4,DREB,42-45,37.4,1,-4,0,2,2,2,1,1,116.5,117.4,-2
0022301103,2023-24,1,13,14,1,34.5,DREB,33-36,17.8,0,4,3,2,2,1,1,0,109.3,118.6,1
0022301103,2023-24,2,13,14,1,36.6,LIVE_TOV,36-39,32.1,1,1,2,2,2,1,1,0,109.3,118.6,0
0022301103,2023-24,3,14,13,0,35.2,MADE_BASKET,33-36,23.1,0,-19,2,2,2,1,1,0,118.7,106.5,0
0022301104,2023-24,1,3,1,1,38.2,MADE_BASKET,36-39,22.7,0,-8,0,0,1,1,0,0,119.7,119.1,0
0022301104,2023-24,2,3,1,1,40.7,MADE_BASKET,39-42,17.7,0,-5,2,0,1,1,0,0,119.7,119.1,2
0022301105,2023-24,1,10,23,1,38.8,MADE_BASKET,36-39,23.4,0,-1,0,0,1,1,0,0,118.9,117.6,0
0022301105,2023-24,2,23,10,0,35.8,MADE_BASKET,33-36,25.9,0,-2,0,1,1,1,0,0,111.8,111.7,-1
0022301105,2023-24,3,10,23,1,32.7,MADE_BASKET,30-33,17.7,0,4,3,0,1,1,0,0,118.9,117.6,3
0022301106,2023-24,1,26,23,1,31.7,MADE_BASKET,30-33,16.6,0,7,0,0,1,1,0,0,113.9,117.6,0
0022301106,2023-24,2,23,26,0,40.7,DEAD_BALL,39-42,26.4,0,2,2,3,2,1,1,0,111.8,118.8,-1
0022301106,2023-24,3,26,23,1,41.1,MADE_BASKET,39-42,35.7,1,-8,0,1,2,1,1,0,113.9,117.6,-1
0022301107,2023-24,1,18,30,0,40.1,DREB,39-42,33.9,1,5,0,2,2,1,1,0,114.7,112.2,-2
0022301107,2023-24,2,18,30,0,44.9,MADE_BASKET,42-45,33.8,1,-10,3,2,2,1,1,0,114.7,112.2,1
0022301108,2023-24,1,2,27,0,38.7,MADE_BASKET,36-39,29.2,1,-2,0,0,2,1,1,0,120.1,120.5,0
0022301108,2023-24,2,2,27,0,36.1,MADE_BASKET,36-39,31.7,1,4,0,0,2,1,1,0,120.1,120.5,0
0022301108,2023-24,3,27,2,1,43.9,DREB,42-45,35.5,1,-4,3,1,2,1,1,0,114.9,117.3,2
0022301109,2023-24,2,16,4,1,38.4,DREB,36-39,21.9,0,-9,2,0,1,1,0,0,117.4,119.6,2
0022301109,2023-24,3,4,16,0,40.8,LIVE_TOV,39-42,31.4,1,7,0,1,2,1,1,0,120.4,113.3,-1
0022301110,2023-24,1,20,3,1,43.1,MADE_BASKET,42-45,30.6,1,2,2,3,2,1,1,0,128.8,118.2,-1
0022301110,2023-24,2,3,20,0,31.3,LIVE_TOV,30-33,20.2,0,5,0,0,1,1,0,0,119.7,114.4,0
0022301110,2023-24,3,3,20,0,39.6,MADE_BASKET,39-42,25.4,0,-2,3,2,1,1,0,0,119.7,114.4,1
0022301111,2023-24,1,11,26,0,37.0,MADE_BASKET,36-39,31.9,1,-1,2,1,2,1,1,0,116.5,118.8,1
0022301111,2023-24,3,26,11,1,35.8,MADE_BASKET,33-36,31.3,1,-12,2,2,2,1,1,0,113.9,121.8,0
0022301112,2023-24,1,9,12,0,34.2,MADE_BASKET,33-36,19.8,0,-5,2,0,1,1,0,0,117.4,117.4,2
0022301112,2023-24,2,9,12,0,41.2,DREB,39-42,26.1,0,2,2,0,2,2,1,1,117.4,117.4,2
0022301112,2023-24,3,12,9,1,44.5,DREB,42-45,28.7,1,-8,0,3,2,1,1,0,111.3,117.2,-3
0022301113,2023-24,2,16,27,1,35.2,MADE_BASKET,33-36,22.3,0,-2,0,0,1,1,0,0,117.4,120.5,0
0022301113,2023-24,3,16,27,1,33.5,MADE_BASKET,33-36,16.9,0,5,3,0,1,1,0,0,117.4,120.5,3
0022301114,2023-24,1,7,24,1,38.3,MADE_BASKET,36-39,24.8,0,7,0,3,1,1,0,0,112.0,109.7,-3
0022301114,2023-24,3,7,24,1,44.3,MADE_BASKET,42-45,28.0,1,8,0,0,2,1,1,0,112.0,109.7,0
0022301115,2023-24,1,1,14,1,38.9,MADE_BASKET,36-39,33.9,1,-4,2,0,2,1,1,0,111.0,118.6,2
0022301115,2023-24,2,1,14,1,32.6,MADE_BASKET,30-33,29.5,1,-5,0,2,2,1,1,0,111.0,118.6,-2
0022301115,2023-24,3,14,1,0,39.1,MADE_BASKET,39-42,32.7,1,0,1,2,2,1,1,0,118.7,119.1,-1
0022301116,2023-24,1,3,22,1,31.1,MADE_BASKET,30-33,5.4,0,-6,2,3,1,1,0,0,119.7,117.9,-1
0022301116,2023-24,2,22,3,0,37.7,MADE_BASKET,36-39,23.3,0,2,3,0,1,1,0,0,115.8,118.2,3
0022301117,2023-24,1,1,5,1,43.9,DREB,42-45,25.1,0,0,0,0,2,1,1,0,111.0,120.6,0
0022301117,2023-24,2,5,1,0,43.4,MADE_BASKET,42-45,33.8,1,0,3,4,2,1,1,0,112.8,119.1,-1
0022301117,2023-24,3,5,1,0,44.8,MADE_BASKET,42-45,34.5,1,-6,1,4,2,2,1,1,112.8,119.1,-3
0022301118,2023-24,1,11,16,1,40.5,MADE_BASKET,39-42,37.5,1,3,2,4,3,3,1,1,116.5,113.3,-2
0022301119,2023-24,1,30,27,1,31.4,DREB,30-33,13.7,0,2,0,0,1,1,0,0,109.8,120.5,0
0022301119,2023-24,2,27,30,0,41.2,MADE_BASKET,39-42,28.4,1,-2,0,0,2,1,1,0,114.9,112.2,0
0022301119,2023-24,3,30,27,1,44.3,DREB,42-45,35.4,1,7,0,2,2,1,1,0,109.8,120.5,-2
0022301120,2023-24,1,11,19,1,31.1,MADE_BASKET,30-33,18.8,0,-8,0,3,1,1,0,0,116.5,111.1,-3
0022301120,2023-24,2,19,11,0,42.7,DREB,42-45,31.8,1,11,0,0,1,1,0,0,127.8,121.8,0
0022301120,2023-24,3,11,19,1,38.0,MADE_BASKET,36-39,30.3,1,-9,0,0,2,1,1,0,116.5,111.1,0
0022301121,2023-24,1,28,3,0,36.6,MADE_BASKET,36-39,29.6,1,-2,0,3,2,1,1,0,114.5,118.2,-3
0022301121,2023-24,2,3,28,1,31.6,MADE_BASKET,30-33,8.5,0,1,0,2,2,1,1,0,119.7,117.7,-2
0022301121,2023-24,3,28,3,0,34.1,DREB,33-36,20.4,0,8,1,2,1,1,0,0,114.5,118.2,-1
0022301122,2023-24,1,11,5,0,33.3,DEAD_BALL,33-36,19.5,0,2,2,2,1,1,0,0,116.5,120.6,0
0022301122,2023-24,2,5,11,1,44.2,DREB,42-45,31.7,1,-4,4,2,2,1,1,0,112.8,121.8,2
0022301122,2023-24,3,11,5,0,30.8,MADE_BASKET,30-33,8.4,0,4,2,0,1,1,0,0,116.5,120.6,2
0022301123,2023-24,1,17,3,0,36.9,DEAD_BALL,36-39,31.6,1,-4,2,0,1,1,0,0,121.4,118.2,2
0022301123,2023-24,2,3,17,1,35.9,MADE_BASKET,33-36,23.9,0,-1,0,3,1,1,0,0,119.7,115.7,-3
0022301123,2023-24,3,3,17,1,33.7,DREB,33-36,13.6,0,-8,2,0,1,1,0,0,119.7,115.7,2
0022301124,2023-24,1,28,13,0,40.2,MADE_BASKET,39-42,32.6,1,-1,4,0,2,1,1,0,114.5,106.5,4
0022301124,2023-24,2,28,13,0,39.2,MADE_BASKET,39-42,32.0,1,0,2,0,2,1,1,0,114.5,106.5,2
0022301124,2023-24,3,28,13,0,36.7,DREB,36-39,33.2,1,-5,2,0,2,1,1,0,114.5,106.5,2
0022301125,2023-24,2,27,29,0,32.8,DEAD_BALL,30-33,17.0,0,-7,0,3,1,1,0,0,114.9,118.5,-3
0022301125,2023-24,3,27,29,0,31.7,DREB,30-33,15.7,0,-10,0,0,1,1,0,0,114.9,118.5,0
0022301126,2023-24,1,2,17,0,30.7,MADE_BASKET,30-33,18.4,0,-11,2,2,2,1,1,0,120.1,115.7,0
0022301126,2023-24,2,2,17,0,32.8,MADE_BASKET,30-33,18.3,0,-10,0,3,2,1,1,0,120.1,115.7,-3
0022301126,2023-24,3,17,2,1,32.5,LIVE_TOV,30-33,19.5,0,24,3,0,1,1,0,0,121.4,117.3,3
0022301127,2023-24,1,23,12,1,36.3,DREB,36-39,30.0,1,-5,0,3,2,1,1,0,111.8,117.4,-3
0022301127,2023-24,2,12,23,0,41.0,DREB,39-42,34.1,1,5,2,0,2,2,1,1,111.3,117.6,2
0022301127,2023-24,3,23,12,1,43.2,MADE_BASKET,42-45,28.1,1,-4,0,2,2,1,1,0,111.8,117.4,-2
0022301128,2023-24,1,23,10,1,34.6,DREB,33-36,32.3,1,0,0,2,2,1,1,0,111.8,111.7,-2
0022301128,2023-24,3,23,10,1,44.2,DREB,42-45,28.8,1,-17,5,0,2,1,1,0,111.8,111.7,5
0022301129,2023-24,1,6,7,1,39.2,MADE_BASKET,39-42,28.3,1,-2,0,2,2,1,1,0,116.7,117.4,-2
0022301129,2023-24,2,7,6,0,33.6,MADE_BASKET,33-36,10.1,0,-7,0,0,1,1,0,0,112.0,112.1,0
0022301129,2023-24,3,6,7,1,32.0,MADE_BASKET,30-33,8.1,0,8,2,2,1,1,0,0,116.7,117.4,0
0022301130,2023-24,1,18,12,0,30.7,DREB,30-33,10.5,0,2,0,0,1,1,0,0,114.7,117.4,0
0022301130,2023-24,3,12,18,1,30.7,DREB,30-33,21.6,0,-11,0,0,1,1,0,0,111.3,114.0,0
0022301131,2023-24,3,26,21,1,44.0,DREB,42-45,29.8,1,2,4,0,2,1,1,0,113.9,107.4,4
0022301132,2023-24,1,5,11,1,32.0,MADE_BASKET,30-33,19.9,0,9,0,0,1,1,0,0,112.8,121.8,0
0022301132,2023-24,2,5,11,1,35.3,MADE_BASKET,33-36,20.7,0,-5,1,2,1,1,0,0,112.8,121.8,-1
0022301132,2023-24,3,5,11,1,42.4,MADE_BASKET,42-45,32.8,1,5,2,2,2,2,1,1,112.8,121.8,0
0022301133,2023-24,1,6,10,1,40.8,MADE_BASKET,39-42,28.7,1,9,4,0,2,1,1,0,116.7,111.7,4
0022301133,2023-24,2,6,10,1,40.0,MADE_BASKET,39-42,36.3,1,8,2,1,2,2,1,1,116.7,111.7,1
0022301133,2023-24,3,10,6,0,40.1,LIVE_TOV,39-42,32.5,1,-11,5,0,2,1,1,0,118.9,112.1,5
0022301134,2023-24,1,26,13,1,30.3,MADE_BASKET,30-33,9.1,0,7,2,3,1,1,0,0,113.9,106.5,-1
0022301135,2023-24,1,29,13,1,34.6,MADE_BASKET,33-36,18.2,0,-7,3,0,1,1,0,0,120.6,106.5,3
0022301135,2023-24,3,29,13,1,41.5,DEAD_BALL,39-42,25.0,0,-14,2,3,1,1,0,0,120.6,106.5,-1
0022301136,2023-24,2,29,15,1,37.9,MADE_BASKET,36-39,21.3,0,-18,0,0,1,1,0,0,120.6,111.0,0
0022301136,2023-24,3,15,29,0,38.7,MADE_BASKET,36-39,25.5,0,23,0,0,2,1,1,0,116.5,118.5,0
0022301137,2023-24,1,1,9,0,35.5,MADE_BASKET,33-36,20.5,0,-3,0,0,2,1,1,0,111.0,117.2,0
0022301137,2023-24,2,1,9,0,38.8,MADE_BASKET,36-39,31.4,1,-9,0,5,2,1,1,0,111.0,117.2,-5
0022301137,2023-24,3,1,9,0,44.0,LIVE_TOV,42-45,33.2,1,-3,5,2,2,1,1,0,111.0,117.2,3
0022301138,2023-24,1,30,21,1,44.7,MADE_BASKET,42-45,29.2,1,4,2,0,2,1,1,0,109.8,107.4,2
0022301138,2023-24,2,21,30,0,41.2,MADE_BASKET,39-42,20.7,0,-7,0,0,1,1,0,0,126.6,112.2,0
0022301138,2023-24,3,30,21,1,31.3,MADE_BASKET,30-33,5.7,0,11,3,0,1,1,0,0,109.8,107.4,3
0022301139,2023-24,1,14,23,0,31.4,DREB,30-33,29.9,1,3,0,0,1,1,0,0,118.7,117.6,0
0022301139,2023-24,2,14,23,0,40.2,DEAD_BALL,39-42,35.3,1,10,0,2,2,1,1,0,118.7,117.6,-2
0022301140,2023-24,1,3,21,0,37.4,MADE_BASKET,36-39,21.3,0,-5,4,0,2,1,1,0,119.7,107.4,4
0022301140,2023-24,2,21,3,1,41.6,MADE_BASKET,39-42,30.0,1,2,0,0,2,1,1,0,126.6,118.2,0
0022301141,2023-24,1,21,8,1,41.0,MADE_BASKET,39-42,33.6,1,3,4,2,2,2,1,1,126.6,113.6,2
0022301141,2023-24,2,21,8,1,40.5,DREB,39-42,35.8,1,11,2,0,1,1,0,0,126.6,113.6,2
0022301141,2023-24,3,21,8,1,30.0,MADE_BASKET,30-33,10.0,0,5,4,0,1,1,0,0,126.6,113.6,4
0022301142,2023-24,1,24,12,0,38.6,LIVE_TOV,36-39,30.7,1,-6,0,0,2,1,1,0,119.6,117.4,0
0022301142,2023-24,2,12,24,1,44.8,MADE_BASKET,42-45,36.3,1,4,3,0,2,2,1,1,111.3,109.7,3
0022301142,2023-24,3,24,12,0,31.1,MADE_BASKET,30-33,28.7,1,-14,4,0,2,2,1,1,119.6,117.4,4
0022301143,2023-24,1,26,25,1,39.7,LIVE_TOV,39-42,36.7,1,5,5,0,2,2,1,1,113.9,113.3,5
0022301143,2023-24,2,26,25,1,36.7,MADE_BASKET,36-39,31.1,1,5,0,5,2,1,1,0,113.9,113.3,-5
0022301143,2023-24,3,26,25,1,34.2,MADE_BASKET,33-36,30.6,1,4,0,2,2,1,1,0,113.9,113.3,-2
0022301144,2023-24,1,6,20,0,34.1,MADE_BASKET,33-36,21.9,0,-4,2,3,1,1,0,0,116.7,114.4,-1
0022301144,2023-24,2,6,20,0,39.7,LIVE_TOV,39-42,34.4,1,-10,2,0,2,2,1,1,116.7,114.4,2
0022301144,2023-24,3,20,6,1,39.7,DREB,39-42,37.9,1,8,0,2,2,1,1,0,128.8,112.1,-2
0022301145,2023-24,1,25,29,1,34.9,DREB,33-36,14.4,0,-2,2,0,1,0,0,0,111.5,118.5,2
0022301145,2023-24,2,29,25,0,35.3,MADE_BASKET,33-36,15.8,0,7,2,0,1,1,0,0,120.6,113.3,2
0022301145,2023-24,3,29,25,0,39.1,MADE_BASKET,39-42,21.7,0,-1,0,0,1,1,0,0,120.6,113.3,0
0022301146,2023-24,2,28,26,1,42.1,MADE_BASKET,42-45,34.6,1,-3,1,2,2,2,1,1,114.5,118.8,-1
0022301146,2023-24,3,28,26,1,40.6,LIVE_TOV,39-42,36.7,1,-2,2,0,3,2,1,1,114.5,118.8,2
0022301147,2023-24,1,30,19,1,30.0,DREB,30-33,18.6,0,-2,3,2,1,1,0,0,109.8,111.1,1
0022301147,2023-24,2,19,30,0,33.6,DREB,33-36,30.8,1,4,3,3,2,1,1,0,127.8,112.2,0
0022301147,2023-24,3,19,30,0,41.7,MADE_BASKET,39-42,36.0,1,-4,3,2,3,2,1,1,127.8,112.2,1
0022301148,2023-24,1,7,1,0,32.8,MADE_BASKET,30-33,18.5,0,-5,3,0,1,1,0,0,112.0,119.1,3
0022301148,2023-24,3,1,7,1,45.0,MADE_BASKET,42-45,32.7,1,-26,0,0,1,1,0,0,111.0,117.4,0
0022301149,2023-24,1,13,28,1,40.1,DREB,39-42,21.2,0,-8,2,0,1,1,0,0,109.3,117.7,2
0022301149,2023-24,2,13,28,1,31.4,MADE_BASKET,30-33,9.7,0,-6,0,0,1,0,0,0,109.3,117.7,0
0022301149,2023-24,3,13,28,1,39.4,MADE_BASKET,39-42,34.4,1,-20,2,0,2,1,1,0,109.3,117.7,2
0022301150,2023-24,1,13,10,0,44.7,MADE_BASKET,42-45,28.5,1,0,2,3,2,1,1,0,109.3,111.7,-1
0022301150,2023-24,2,10,13,1,34.9,MADE_BASKET,33-36,29.7,1,3,5,0,2,2,1,1,118.9,106.5,5
0022301151,2023-24,1,23,29,0,40.5,DREB,39-42,23.7,0,-2,0,0,1,1,0,0,111.8,118.5,0
0022301151,2023-24,2,23,29,0,34.1,DREB,33-36,19.2,0,1,2,2,1,1,0,0,111.8,118.5,0
0022301151,2023-24,3,23,29,0,38.3,DREB,36-39,23.6,0,2,2,0,1,1,0,0,111.8,118.5,2
0022301152,2023-24,2,8,19,1,38.8,DEAD_BALL,36-39,36.2,1,-13,2,0,2,2,1,1,114.4,111.1,2
0022301152,2023-24,3,8,19,1,42.9,MADE_BASKET,42-45,34.5,1,-5,2,2,2,2,1,1,114.4,111.1,0
0022301153,2023-24,1,19,25,1,34.9,MADE_BASKET,33-36,29.6,1,-1,0,2,2,1,1,0,127.8,113.3,-2
0022301153,2023-24,2,19,25,1,31.5,LIVE_TOV,30-33,22.6,0,-7,0,3,1,1,0,0,127.8,113.3,-3
0022301153,2023-24,3,25,19,0,31.2,DREB,30-33,29.6,1,6,2,0,2,1,1,0,111.5,111.1,2
0022301154,2023-24,1,8,1,0,39.1,DREB,39-42,31.2,1,5,5,0,2,2,1,1,114.4,119.1,5
0022301154,2023-24,2,8,1,0,37.6,MADE_BASKET,36-39,31.9,1,9,3,2,2,2,1,1,114.4,119.1,1
0022301154,2023-24,3,1,8,1,30.6,LIVE_TOV,30-33,20.4,0,-13,2,0,1,1,0,0,111.0,113.6,2
0022301155,2023-24,2,5,23,0,42.6,DREB,42-45,32.4,1,4,3,0,2,1,1,0,112.8,117.6,3
0022301155,2023-24,3,5,23,0,42.4,LIVE_TOV,42-45,31.3,1,4,3,0,2,1,1,0,112.8,117.6,3
0022301156,2023-24,2,28,21,1,41.0,DREB,39-42,33.1,1,13,0,0,3,2,1,1,114.5,107.4,0
0022301157,2023-24,2,18,5,0,31.4,DREB,30-33,29.5,1,0,3,5,2,2,1,1,114.7,120.6,-2
0022301157,2023-24,3,5,18,1,45.0,MADE_BASKET,42-45,32.7,1,-2,0,0,2,2,1,1,112.8,114.0,0
0022301158,2023-24,3,10,6,1,33.7,MADE_BASKET,33-36,18.5,0,-4,0,0,1,1,0,0,118.9,112.1,0
0022301159,2023-24,1,18,13,1,35.8,DREB,33-36,31.1,1,-2,0,2,2,1,1,0,114.7,106.5,-2
0022301159,2023-24,2,18,13,1,43.2,MADE_BASKET,42-45,31.0,1,-5,0,2,2,1,1,0,114.7,106.5,-2
0022301159,2023-24,3,18,13,1,30.0,DREB,30-33,8.4,0,-10,0,0,1,1,0,0,114.7,106.5,0
0022301160,2023-24,1,4,28,1,42.9,DREB,42-45,33.8,1,-1,2,0,2,1,1,0,120.4,117.7,2
0022301160,2023-24,2,4,28,1,37.9,DREB,36-39,34.6,1,0,0,2,2,1,1,0,120.4,117.7,-2
0022301160,2023-24,3,28,4,0,31.4,DREB,30-33,29.0,1,3,0,0,2,1,1,0,114.5,119.6,0
0022301161,2023-24,1,12,11,1,31.0,DREB,30-33,13.7,0,-1,0,0,1,1,0,0,111.3,121.8,0
0022301161,2023-24,2,11,12,0,39.5,MADE_BASKET,39-42,34.6,1,-10,2,2,2,2,1,1,116.5,117.4,0
0022301161,2023-24,3,11,12,0,33.6,LIVE_TOV,33-36,31.6,1,-5,4,3,2,1,1,0,116.5,117.4,1
0022301162,2023-24,1,18,9,1,40.7,MADE_BASKET,39-42,34.3,1,-4,3,3,3,2,1,1,114.7,117.2,0
0022301162,2023-24,2,9,18,0,38.0,MADE_BASKET,36-39,25.5,0,2,3,3,1,1,0,0,117.4,114.0,0
0022301162,2023-24,3,18,9,1,33.2,MADE_BASKET,33-36,18.8,0,-9,2,2,2,1,1,0,114.7,117.2,0
0022301163,2023-24,1,14,22,1,33.8,DREB,33-36,17.3,0,2,0,2,1,1,0,0,118.7,117.9,-2
0022301163,2023-24,2,22,14,0,34.2,MADE_BASKET,33-36,20.6,0,-4,2,2,1,1,0,0,115.8,118.6,0
0022301163,2023-24,3,22,14,0,32.0,MADE_BASKET,30-33,8.1,0,-4,2,2,1,1,0,0,115.8,118.6,0
0022301164,2023-24,1,13,19,0,30.8,MADE_BASKET,30-33,14.6,0,-3,3,0,2,1,1,0,109.3,111.1,3
0022301164,2023-24,2,19,13,1,31.1,MADE_BASKET,30-33,15.9,0,-2,0,3,1,1,0,0,127.8,106.5,-3
0022301164,2023-24,3,13,19,0,30.6,MADE_BASKET,30-33,14.5,0,1,0,3,1,1,0,0,109.3,111.1,-3
0022301165,2023-24,1,3,23,1,32.4,DREB,30-33,23.5,0,13,0,2,1,1,0,0,119.7,117.6,-2
0022301165,2023-24,2,3,23,1,38.1,MADE_BASKET,36-39,25.7,0,9,2,0,1,1,0,0,119.7,117.6,2
0022301165,2023-24,3,3,23,1,41.5,MADE_BASKET,39-42,19.4,0,10,2,0,1,1,0,0,119.7,117.6,2
0022301166,2023-24,1,11,4,1,40.4,MADE_BASKET,39-42,30.3,1,3,4,2,2,2,1,1,116.5,119.6,2
0022301166,2023-24,3,11,4,1,41.7,MADE_BASKET,39-42,35.7,1,1,0,2,2,1,1,0,116.5,119.6,-2
0022301167,2023-24,1,8,1,1,37.3,DREB,36-39,21.2,0,3,3,1,1,1,0,0,114.4,119.1,2
0022301167,2023-24,2,8,1,1,42.7,MADE_BASKET,42-45,35.8,1,-2,0,3,2,2,1,1,114.4,119.1,-3
0022301167,2023-24,3,8,1,1,43.5,LIVE_TOV,42-45,40.6,1,-11,0,3,2,1,1,0,114.4,119.1,-3
0022301168,2023-24,1,22,29,0,30.1,DREB,30-33,6.7,0,9,0,0,1,1,0,0,115.8,118.5,0
0022301168,2023-24,2,29,22,1,33.3,MADE_BASKET,33-36,29.6,1,-7,0,0,2,1,1,0,120.6,117.9,0
0022301168,2023-24,3,22,29,0,36.1,DREB,36-39,27.6,0,16,2,4,2,1,1,0,115.8,118.5,-2
0022301169,2023-24,1,9,26,0,34.2,MADE_BASKET,33-36,23.9,0,-6,5,3,2,1,1,0,117.4,118.8,2
0022301169,2023-24,3,26,9,1,44.7,MADE_BASKET,42-45,31.3,1,-6,2,2,2,1,1,0,113.9,117.2,0
0022301170,2023-24,1,17,3,0,39.3,MADE_BASKET,39-42,18.1,0,8,0,0,1,1,0,0,121.4,118.2,0
0022301170,2023-24,2,17,3,0,34.6,DREB,33-36,24.5,0,3,0,3,1,1,0,0,121.4,118.2,-3
0022301170,2023-24,3,17,3,0,44.1,DREB,42-45,30.2,1,2,0,0,1,1,0,0,121.4,118.2,0
0022301171,2023-24,1,8,15,0,38.3,DREB,36-39,30.0,1,-7,0,2,1,1,0,0,114.4,111.0,-2
0022301171,2023-24,2,8,15,0,36.3,MADE_BASKET,36-39,32.4,1,-16,2,3,2,2,1,1,114.4,111.0,-1
0022301171,2023-24,3,15,8,1,42.5,MADE_BASKET,42-45,35.8,1,18,2,0,2,1,1,0,116.5,113.6,2
0022301172,2023-24,1,15,7,1,35.9,MADE_BASKET,33-36,30.1,1,-13,0,0,2,1,1,0,116.5,117.4,0
0022301172,2023-24,2,15,7,1,41.2,LIVE_TOV,39-42,32.3,1,-14,2,2,2,2,1,1,116.5,117.4,0
0022301172,2023-24,3,15,7,1,38.2,DREB,36-39,29.0,1,-20,0,3,2,1,1,0,116.5,117.4,-3
0022301173,2023-24,1,9,26,1,33.0,MADE_BASKET,33-36,9.3,0,-3,0,0,1,1,0,0,117.4,118.8,0
0022301173,2023-24,2,26,9,0,40.8,LIVE_TOV,39-42,29.3,1,7,2,2,2,1,1,0,113.9,117.2,0
0022301173,2023-24,3,26,9,0,40.0,MADE_BASKET,39-42,31.2,1,-4,3,2,2,2,1,1,113.9,117.2,1
0022301174,2023-24,1,21,4,1,43.5,MADE_BASKET,42-45,39.2,1,-9,0,6,3,3,1,1,126.6,119.6,-6
0022301174,2023-24,2,21,4,1,42.7,DEAD_BALL,42-45,31.0,1,-13,2,2,2,1,1,0,126.6,119.6,0
0022301175,2023-24,1,11,4,1,35.3,DREB,33-36,26.4,0,1,3,2,2,1,1,0,116.5,119.6,1
0022301175,2023-24,2,11,4,1,30.7,MADE_BASKET,30-33,13.5,0,9,0,2,1,1,0,0,116.5,119.6,-2
0022301175,2023-24,3,4,11,0,31.1,MADE_BASKET,30-33,9.6,0,-7,0,0,1,1,0,0,120.4,121.8,0
0022301176,2023-24,1,11,15,0,42.9,MADE_BASKET,42-45,30.5,1,-3,2,5,2,2,1,1,116.5,111.0,-3
0022301176,2023-24,2,15,11,1,41.9,MADE_BASKET,39-42,30.3,1,-3,2,4,2,2,1,1,116.5,121.8,-2
0022301176,2023-24,3,15,11,1,39.8,MADE_BASKET,39-42,31.4,1,-3,2,0,2,1,1,0,116.5,121.8,2
0022301177,2023-24,1,9,15,1,37.1,DREB,36-39,15.3,0,6,2,3,2,1,1,0,117.4,111.0,-1
0022301177,2023-24,2,9,15,1,31.3,LIVE_TOV,30-33,28.9,1,-2,2,2,1,1,0,0,117.4,111.0,0
0022301178,2023-24,1,26,25,1,34.4,DREB,33-36,17.6,0,4,0,0,1,1,0,0,113.9,113.3,0
0022301178,2023-24,3,25,26,0,32.4,DREB,30-33,14.9,0,-1,3,0,1,1,0,0,111.5,118.8,3
0022301179,2023-24,2,16,17,1,42.9,MADE_BASKET,42-45,33.4,1,-3,4,0,2,2,1,1,117.4,115.7,4
0022301180,2023-24,2,21,22,0,44.2,MADE_BASKET,42-45,29.1,1,5,5,0,2,2,1,1,126.6,117.9,5
0022301180,2023-24,3,22,21,1,36.0,MADE_BASKET,36-39,32.3,1,-17,2,0,2,1,1,0,115.8,107.4,2
0022301181,2023-24,2,25,4,0,41.3,MADE_BASKET,39-42,30.9,1,-15,2,0,2,1,1,0,111.5,119.6,2
0022301181,2023-24,3,25,4,0,35.9,DEAD_BALL,33-36,17.0,0,-14,6,0,1,1,0,0,111.5,119.6,6
0022301182,2023-24,1,28,26,0,34.8,DREB,33-36,29.0,1,2,2,0,1,1,0,0,114.5,118.8,2
0022301182,2023-24,2,28,26,0,45.0,MADE_BASKET,42-45,35.0,1,6,3,2,2,1,1,0,114.5,118.8,1
0022301182,2023-24,3,28,26,0,39.7,MADE_BASKET,39-42,21.8,0,8,0,0,1,1,0,0,114.5,118.8,0
0022301183,2023-24,1,13,6,1,42.0,MADE_BASKET,42-45,31.9,1,-5,2,3,2,1,1,0,109.3,112.1,-1
0022301183,2023-24,2,6,13,0,36.1,MADE_BASKET,36-39,23.2,0,8,0,0,1,1,0,0,116.7,106.5,0
0022301183,2023-24,3,6,13,0,32.7,DREB,30-33,15.3,0,6,0,2,1,1,0,0,116.7,106.5,-2
0022301184,2023-24,1,23,1,1,39.3,DREB,39-42,36.0,1,-9,3,2,2,1,1,0,111.8,119.1,1
0022301184,2023-24,2,23,1,1,34.1,DREB,33-36,28.9,1,-3,2,3,2,1,1,0,111.8,119.1,-1
0022301184,2023-24,3,1,23,0,39.8,DREB,39-42,32.9,1,3,2,0,2,1,1,0,111.0,117.6,2
0022301185,2023-24,1,26,7,0,33.4,MADE_BASKET,33-36,28.5,1,9,0,0,1,1,0,0,113.9,117.4,0
0022301185,2023-24,2,7,26,1,34.4,DREB,33-36,18.5,0,-7,0,2,1,1,0,0,112.0,118.8,-2
0022301185,2023-24,3,7,26,1,37.0,MADE_BASKET,36-39,17.2,0,-4,3,0,1,1,0,0,112.0,118.8,3
0022301186,2023-24,1,22,25,0,41.2,DREB,39-42,27.0,0,4,3,0,1,1,0,0,115.8,113.3,3
0022301186,2023-24,2,22,25,0,38.1,DREB,36-39,36.0,1,13,2,5,2,2,1,1,115.8,113.3,-3
0022301186,2023-24,3,22,25,0,38.3,MADE_BASKET,36-39,29.5,1,11,3,0,2,1,1,0,115.8,113.3,3
0022301187,2023-24,1,11,27,0,37.0,DREB,36-39,34.5,1,-1,2,6,2,1,1,0,116.5,120.5,-4
0022301187,2023-24,2,27,11,1,37.9,MADE_BASKET,36-39,21.1,0,3,0,0,2,1,1,0,114.9,121.8,0
0022301187,2023-24,3,27,11,1,30.8,DREB,30-33,18.4,0,8,2,0,1,1,0,0,114.9,121.8,2
0022301188,2023-24,1,11,17,0,41.9,MADE_BASKET,39-42,29.7,1,-6,0,2,2,1,1,0,116.5,115.7,-2
0022301188,2023-24,2,11,17,0,39.6,MADE_BASKET,39-42,28.6,1,2,2,0,2,1,1,0,116.5,115.7,2
0022301188,2023-24,3,17,11,1,37.3,DREB,36-39,24.6,0,-10,0,2,2,1,1,0,121.4,121.8,-2
0022301189,2023-24,1,21,2,0,36.2,MADE_BASKET,36-39,22.1,0,-5,0,0,2,1,1,0,126.6,117.3,0
0022301189,2023-24,3,2,21,1,30.4,DREB,30-33,11.3,0,6,2,2,1,1,0,0,120.1,107.4,0
0022301190,2023-24,1,3,18,1,39.5,MADE_BASKET,39-42,14.1,0,-11,5,0,1,1,0,0,119.7,114.0,5
0022301190,2023-24,2,18,3,0,33.2,DREB,33-36,17.1,0,-1,0,2,1,1,0,0,114.7,118.2,-2
0022301191,2023-24,1,4,16,1,43.3,MADE_BASKET,42-45,29.0,1,9,2,0,1,1,0,0,120.4,113.3,2
0022301191,2023-24,2,16,4,0,41.0,MADE_BASKET,39-42,39.0,1,-12,4,5,2,2,1,1,117.4,119.6,-1
0022301191,2023-24,3,16,4,0,33.7,DREB,33-36,17.3,0,-9,2,0,1,1,0,0,117.4,119.6,2
0022301192,2023-24,1,2,15,0,40.7,DREB,39-42,28.7,1,2,4,2,2,2,1,1,120.1,111.0,2
0022301192,2023-24,3,2,15,0,36.6,DREB,36-39,14.7,0,4,2,0,1,1,0,0,120.1,111.0,2
0022301193,2023-24,2,8,9,0,44.4,MADE_BASKET,42-45,32.7,1,-5,0,3,2,1,1,0,114.4,117.2,-3
0022301193,2023-24,3,9,8,1,42.6,DREB,42-45,32.8,1,10,0,0,1,1,0,0,117.4,113.6,0
0022301194,2023-24,1,5,15,1,37.1,MADE_BASKET,36-39,16.4,0,2,2,0,2,1,1,0,112.8,111.0,2
0022301194,2023-24,2,5,15,1,39.0,MADE_BASKET,39-42,29.2,1,-4,2,2,2,1,1,0,112.8,111.0,0
0022301194,2023-24,3,5,15,1,38.7,DREB,36-39,29.1,1,-13,2,1,2,1,1,0,112.8,111.0,1
0022301195,2023-24,1,23,11,0,37.7,DREB,36-39,29.5,1,-1,3,1,2,1,1,0,111.8,121.8,2
0022301195,2023-24,2,23,11,0,35.6,MADE_BASKET,33-36,20.5,0,-2,0,2,1,1,0,0,111.8,121.8,-2
0022301195,2023-24,3,23,11,0,40.7,DREB,39-42,37.1,1,-4,2,0,2,2,1,1,111.8,121.8,2
0022301196,2023-24,1,15,29,0,43.2,DREB,42-45,32.6,1,-5,5,2,2,2,1,1,116.5,118.5,3
0022301196,2023-24,2,15,29,0,43.5,MADE_BASKET,42-45,30.6,1,-15,2,0,2,2,1,1,116.5,118.5,2
0022301197,2023-24,2,6,22,0,40.6,MADE_BASKET,39-42,35.5,1,12,3,2,2,1,1,0,116.7,117.9,1
0022301197,2023-24,3,6,22,0,37.1,DREB,36-39,30.0,1,16,2,2,2,1,1,0,116.7,117.9,0
0022301198,2023-24,1,3,20,1,32.6,MADE_BASKET,30-33,11.3,0,-11,0,0,1,1,0,0,119.7,114.4,0
0022301198,2023-24,2,20,3,0,39.7,DREB,39-42,30.0,1,4,2,2,2,1,1,0,128.8,118.2,0
0022301198,2023-24,3,20,3,0,39.9,MADE_BASKET,39-42,30.5,1,6,3,2,2,2,1,1,128.8,118.2,1
0022301199,2023-24,3,1,22,0,38.4,LIVE_TOV,36-39,34.5,1,2,0,3,2,2,1,1,111.0,117.9,-3
0022301200,2023-24,1,9,17,0,36.4,MADE_BASKET,36-39,11.2,0,-4,3,0,1,1,0,0,117.4,115.7,3
0022301200,2023-24,2,9,17,0,40.8,DREB,39-42,32.2,1,9,0,0,2,1,1,0,117.4,115.7,0
0022301200,2023-24,3,9,17,0,42.6,DREB,42-45,30.8,1,15,2,2,2,1,1,0,117.4,115.7,0
0022301201,2023-24,1,22,17,0,33.9,MADE_BASKET,33-36,22.3,0,8,2,0,1,1,0,0,115.8,115.7,2
0022301201,2023-24,2,22,17,0,43.1,MADE_BASKET,42-45,35.4,1,13,2,4,2,2,1,1,115.8,115.7,-2
0022301202,2023-24,1,12,25,1,38.6,DREB,36-39,33.3,1,-1,0,0,2,1,1,0,111.3,113.3,0
0022301202,2023-24,2,12,25,1,36.8,DREB,36-39,34.9,1,3,2,3,2,1,1,0,111.3,113.3,-1
0022301202,2023-24,3,12,25,1,40.0,MADE_BASKET,39-42,32.4,1,5,4,2,2,1,1,0,111.3,113.3,2
0022301203,2023-24,1,15,27,0,42.7,MADE_BASKET,42-45,28.7,1,4,2,0,1,1,0,0,116.5,120.5,2
0022301203,2023-24,2,27,15,1,36.4,DREB,36-39,29.4,1,-6,2,0,2,1,1,0,114.9,111.0,2
0022301203,2023-24,3,15,27,0,42.7,DREB,42-45,29.9,1,25,2,3,2,1,1,0,116.5,120.5,-1
0022301204,2023-24,1,26,30,0,36.4,DREB,36-39,29.9,1,-4,5,2,2,1,1,0,113.9,112.2,3
0022301204,2023-24,2,26,30,0,33.3,MADE_BASKET,33-36,16.9,0,-7,2,3,2,1,1,0,113.9,112.2,-1
0022301204,2023-24,3,30,26,1,37.1,DEAD_BALL,36-39,25.5,0,7,3,2,1,1,0,0,109.8,118.8,1
0022301205,2023-24,1,14,4,0,37.7,MADE_BASKET,36-39,21.7,0,-8,3,2,1,1,0,0,118.7,119.6,1
0022301205,2023-24,2,14,4,0,39.8,DEAD_BALL,39-42,30.0,1,-4,0,2,2,1,1,0,118.7,119.6,-2
0022301205,2023-24,3,4,14,1,39.3,MADE_BASKET,39-42,23.0,0,-6,5,0,1,1,0,0,120.4,118.6,5
0022301206,2023-24,1,1,15,0,42.7,MADE_BASKET,42-45,38.1,1,-9,0,3,2,2,1,1,111.0,111.0,-3
0022301206,2023-24,2,1,15,0,43.7,MADE_BASKET,42-45,35.9,1,-19,3,0,2,1,1,0,111.0,111.0,3
0022301206,2023-24,3,1,15,0,39.5,MADE_BASKET,39-42,17.8,0,-19,0,3,1,1,0,0,111.0,111.0,-3
0022301207,2023-24,1,22,3,0,35.6,DREB,33-36,15.9,0,4,2,1,2,1,1,0,115.8,118.2,1
0022301207,2023-24,2,3,22,1,40.5,DEAD_BALL,39-42,30.7,1,7,2,2,2,1,1,0,119.7,117.9,0
0022301207,2023-24,3,22,3,0,41.8,MADE_BASKET,39-42,29.9,1,-12,3,2,2,1,1,0,115.8,118.2,1
0022301208,2023-24,1,8,27,1,31.4,MADE_BASKET,30-33,9.7,0,1,4,0,1,1,0,0,114.4,120.5,4
0022301208,2023-24,2,8,27,1,33.5,MADE_BASKET,33-36,30.1,1,8,0,0,2,1,1,0,114.4,120.5,0
0022301208,2023-24,3,8,27,1,37.5,DREB,36-39,18.5,0,9,2,2,2,1,1,0,114.4,120.5,0
0022301209,2023-24,1,16,3,0,30.3,DEAD_BALL,30-33,6.8,0,-2,4,0,1,1,0,0,117.4,118.2,4
0022301209,2023-24,2,3,16,1,30.7,DREB,30-33,14.9,0,0,2,0,1,1,0,0,119.7,113.3,2
0022301209,2023-24,3,3,16,1,35.6,LIVE_TOV,33-36,26.1,0,12,0,2,2,1,1,0,119.7,113.3,-2
0022301211,2023-24,1,23,15,0,41.7,MADE_BASKET,39-42,32.8,1,-3,3,0,2,1,1,0,111.8,111.0,3
0022301211,2023-24,2,23,15,0,33.5,DREB,33-36,23.4,0,-4,3,2,1,1,0,0,111.8,111.0,1
0022301211,2023-24,3,23,15,0,41.6,DREB,39-42,24.4,0,4,0,0,1,1,0,0,111.8,111.0,0
0022301212,2023-24,1,24,21,1,36.1,MADE_BASKET,36-39,17.6,0,-8,0,0,1,1,0,0,119.6,107.4,0
0022301212,2023-24,2,21,24,0,38.4,MADE_BASKET,36-39,32.4,1,-3,2,0,2,1,1,0,126.6,109.7,2
0022301212,2023-24,3,24,21,1,45.0,DREB,42-45,34.8,1,-11,5,3,2,2,1,1,119.6,107.4,2
0022301213,2023-24,3,17,6,1,40.2,LIVE_TOV,39-42,34.2,1,-2,2,2,2,2,1,1,121.4,112.1,0
0022301214,2023-24,1,13,18,1,38.1,DREB,36-39,35.7,1,7,0,4,2,2,1,1,109.3,114.0,-4
0022301214,2023-24,2,13,18,1,36.5,MADE_BASKET,36-39,30.6,1,6,0,0,1,1,0,0,109.3,114.0,0
0022301214,2023-24,3,18,13,0,40.2,MADE_BASKET,39-42,31.9,1,-11,5,0,2,1,1,0,114.7,106.5,5
0022301215,2023-24,2,28,16,0,34.9,MADE_BASKET,33-36,30.8,1,-1,0,0,2,1,1,0,114.5,113.3,0
0022301215,2023-24,3,16,28,1,34.6,DREB,33-36,15.6,0,2,2,0,1,1,0,0,117.4,117.7,2
0022301216,2023-24,1,24,15,1,39.5,DREB,39-42,32.1,1,-10,2,0,1,1,0,0,119.6,111.0,2
0022301216,2023-24,3,15,24,0,37.9,MADE_BASKET,36-39,32.3,1,8,1,0,2,1,1,0,116.5,109.7,1
0022301217,2023-24,1,9,16,1,31.7,DREB,30-33,16.0,0,-4,2,2,1,1,0,0,117.4,113.3,0
0022301217,2023-24,2,9,16,1,43.5,DREB,42-45,34.4,1,-1,5,3,2,2,1,1,117.4,113.3,2
0022301217,2023-24,3,16,9,0,33.1,MADE_BASKET,33-36,9.1,0,-3,2,0,1,1,0,0,117.4,117.2,2
0022301218,2023-24,2,16,21,0,43.7,DREB,42-45,32.3,1,2,0,0,1,1,0,0,117.4,107.4,0
0022301218,2023-24,3,21,16,1,42.9,MADE_BASKET,42-45,30.2,1,-3,2,3,1,1,0,0,126.6,113.3,-1
0022301219,2023-24,1,30,4,0,37.1,DREB,36-39,34.9,1,-3,2,2,2,2,1,1,109.8,119.6,0
0022301219,2023-24,2,30,4,0,30.2,DREB,30-33,18.5,0,5,2,1,2,1,1,0,109.8,119.6,1
0022301219,2023-24,3,4,30,1,41.6,DREB,39-42,34.5,1,-3,3,0,2,1,1,0,120.4,112.2,3
0022301220,2023-24,1,22,27,0,37.2,DEAD_BALL,36-39,19.1,0,-1,0,2,1,1,0,0,115.8,120.5,-2
0022301220,2023-24,3,22,27,0,39.5,MADE_BASKET,39-42,29.2,1,-9,2,2,2,1,1,0,115.8,120.5,0
0022301221,2023-24,1,22,29,1,42.7,DREB,42-45,36.7,1,-17,5,2,2,1,1,0,115.8,118.5,3
0022301221,2023-24,2,29,22,0,34.4,DREB,33-36,25.2,0,10,2,2,1,1,0,0,120.6,117.9,0
0022301221,2023-24,3,22,29,1,36.6,MADE_BASKET,36-39,18.0,0,-8,0,2,1,1,0,0,115.8,118.5,-2
0022301222,2023-24,1,7,20,0,31.6,MADE_BASKET,30-33,8.8,0,-12,3,0,2,1,1,0,112.0,114.4,3
0022301222,2023-24,2,7,20,0,43.3,MADE_BASKET,42-45,37.3,1,-15,0,0,2,2,1,1,112.0,114.4,0
0022301222,2023-24,3,20,7,1,42.2,MADE_BASKET,42-45,28.8,1,18,3,1,1,1,0,0,128.8,117.4,2
0022301223,2023-24,1,8,9,1,40.4,DREB,39-42,28.3,1,-6,0,1,1,1,0,0,114.4,117.2,-1
0022301223,2023-24,2,8,9,1,35.1,MADE_BASKET,33-36,20.0,0,-10,0,2,1,1,0,0,114.4,117.2,-2
0022301223,2023-24,3,8,9,1,35.3,MADE_BASKET,33-36,22.0,0,-9,3,3,1,1,0,0,114.4,117.2,0
0022301224,2023-24,1,8,5,0,39.0,DREB,39-42,34.4,1,0,2,2,3,2,1,1,114.4,120.6,0
0022301224,2023-24,2,5,8,1,40.0,MADE_BASKET,39-42,22.2,0,-3,0,2,2,1,1,0,112.8,113.6,-2
0022301224,2023-24,3,8,5,0,42.5,MADE_BASKET,42-45,35.9,1,-9,3,0,2,2,1,1,114.4,120.6,3
0022301225,2023-24,1,23,25,0,41.6,MADE_BASKET,39-42,33.2,1,0,5,0,2,1,1,0,111.8,113.3,5
0022301225,2023-24,3,25,23,1,42.0,MADE_BASKET,42-45,25.6,0,-3,2,2,2,1,1,0,111.5,117.6,0
0022301226,2023-24,1,24,19,1,41.4,DREB,39-42,26.3,0,0,0,0,2,1,1,0,119.6,111.1,0
0022301226,2023-24,2,19,24,0,41.7,DREB,39-42,31.6,1,8,6,3,2,1,1,0,127.8,109.7,3
0022301226,2023-24,3,24,19,1,43.9,LIVE_TOV,42-45,36.6,1,-15,1,3,2,2,1,1,119.6,111.1,-2
0022301227,2023-24,2,19,27,1,41.4,DREB,39-42,28.3,1,-7,0,3,2,1,1,0,127.8,120.5,-3
0022301227,2023-24,3,27,19,0,40.8,MADE_BASKET,39-42,30.2,1,9,0,2,2,1,1,0,114.9,111.1,-2
0022301228,2023-24,2,30,28,0,40.7,MADE_BASKET,39-42,32.1,1,12,2,0,2,1,1,0,109.8,117.7,2
0022301228,2023-24,3,28,30,1,39.6,MADE_BASKET,39-42,32.5,1,-19,0,3,2,1,1,0,114.5,112.2,-3
0022301229,2023-24,1,14,20,1,34.9,MADE_BASKET,33-36,24.5,0,-8,2,0,2,1,1,0,118.7,114.4,2
0022301229,2023-24,2,14,20,1,35.6,MADE_BASKET,33-36,23.0,0,-7,0,3,2,1,1,0,118.7,114.4,-3
0022301230,2023-24,1,4,22,0,38.1,MADE_BASKET,36-39,25.7,0,-15,0,2,1,1,0,0,120.4,117.9,-2
0022301230,2023-24,2,22,4,1,38.3,MADE_BASKET,36-39,24.4,0,14,0,0,1,1,0,0,115.8,119.6,0
0022301230,2023-24,3,4,22,0,35.2,DREB,33-36,17.0,0,-10,2,0,1,1,0,0,120.4,117.9,2
0022400001,2024-25,1,2,20,1,36.2,DREB,36-39,22.2,0,7,0,3,1,1,0,0,121.3,116.1,-3
0022400001,2024-25,2,2,20,1,44.2,DEAD_BALL,42-45,35.2,1,3,0,0,2,1,1,0,121.3,116.1,0
0022400001,2024-25,3,20,2,0,34.0,MADE_BASKET,33-36,15.0,0,-6,0,0,1,1,0,0,128.5,119.8,0
0022400002,2024-25,2,1,28,1,39.8,DREB,39-42,37.2,1,14,2,0,2,2,1,1,109.8,113.4,2
0022400002,2024-25,3,28,1,0,42.0,DEAD_BALL,42-45,31.8,1,-13,0,2,2,1,1,0,117.0,116.8,-2
0022400003,2024-25,1,2,1,1,34.5,MADE_BASKET,33-36,18.8,0,-11,1,2,1,1,0,0,121.3,116.8,-1
0022400003,2024-25,2,2,1,1,43.4,DREB,42-45,35.0,1,-17,1,3,2,1,1,0,121.3,116.8,-2
0022400003,2024-25,3,2,1,1,34.5,MADE_BASKET,33-36,30.8,1,-22,2,3,2,1,1,0,121.3,116.8,-1
0022400004,2024-25,1,23,7,0,38.7,DREB,36-39,37.1,1,-2,2,3,2,1,1,0,113.4,118.9,-1
0022400004,2024-25,2,7,23,1,39.8,DREB,39-42,33.0,1,-4,4,3,2,1,1,0,112.3,116.0,1
0022400004,2024-25,3,23,7,0,37.9,DREB,36-39,30.4,1,9,5,3,2,1,1,0,113.4,118.9,2
0022400005,2024-25,1,3,14,0,34.4,MADE_BASKET,33-36,11.0,0,5,0,2,2,1,1,0,117.0,116.1,-2
0022400005,2024-25,2,14,3,1,31.3,DEAD_BALL,30-33,8.5,0,-2,0,0,1,1,0,0,120.3,117.7,0
0022400005,2024-25,3,14,3,1,37.7,DREB,36-39,29.9,1,9,0,2,2,1,1,0,120.3,117.7,-2
0022400006,2024-25,1,15,8,0,40.4,MADE_BASKET,39-42,23.0,0,3,0,2,1,1,0,0,116.4,110.5,-2
0022400006,2024-25,2,8,15,1,30.4,MADE_BASKET,30-33,5.9,0,5,2,2,1,1,0,0,111.9,111.0,0
0022400006,2024-25,3,15,8,0,35.9,DREB,33-36,31.5,1,-4,4,0,2,1,1,0,116.4,110.5,4
0022400007,2024-25,2,1,19,0,32.4,MADE_BASKET,30-33,21.3,0,-1,0,2,1,1,0,0,109.8,110.2,-2
0022400007,2024-25,3,19,1,1,39.0,DREB,39-42,19.7,0,-2,5,2,1,1,0,0,124.0,116.8,3
0022400008,2024-25,1,21,24,0,37.1,DREB,36-39,32.9,1,-1,5,0,2,1,1,0,121.5,113.3,5
0022400008,2024-25,2,24,21,1,41.3,MADE_BASKET,39-42,35.8,1,2,4,0,2,2,1,1,113.7,107.5,4
0022400009,2024-25,1,23,4,0,35.1,LIVE_TOV,33-36,28.9,1,-5,0,0,2,1,1,0,113.4,119.8,0
0022400009,2024-25,2,23,4,0,36.1,MADE_BASKET,36-39,14.0,0,-17,0,0,1,0,0,0,113.4,119.8,0
0022400009,2024-25,3,4,23,1,35.9,DREB,33-36,33.9,1,13,0,3,2,1,1,0,121.0,116.0,-3
0022400010,2024-25,1,3,26,1,39.6,DREB,39-42,25.9,0,4,2,2,1,1,0,0,117.0,119.4,0
0022400010,2024-25,2,26,3,0,33.3,MADE_BASKET,33-36,29.5,1,-10,0,3,1,1,0,0,115.5,117.7,-3
0022400010,2024-25,3,26,3,0,31.6,MADE_BASKET,30-33,9.7,0,-17,3,2,1,1,0,0,115.5,117.7,1
0022400011,2024-25,1,22,20,1,39.8,MADE_BASKET,39-42,19.4,0,2,0,3,1,1,0,0,117.9,116.1,-3
0022400011,2024-25,2,22,20,1,38.4,DREB,36-39,30.8,1,2,1,3,2,1,1,0,117.9,116.1,-2
0022400011,2024-25,3,20,22,0,31.9,MADE_BASKET,30-33,9.8,0,-10,3,2,1,1,0,0,128.5,119.7,1
0022400012,2024-25,1,14,2,1,32.0,DREB,30-33,22.9,0,-3,3,0,1,1,0,0,120.3,119.8,3
0022400012,2024-25,2,2,14,0,32.9,MADE_BASKET,30-33,29.8,1,-7,3,2,2,1,1,0,121.3,116.1,1
0022400012,2024-25,3,2,14,0,39.4,DREB,39-42,34.7,1,-3,0,2,3,2,1,1,121.3,116.1,-2
0022400013,2024-25,2,1,15,0,39.8,DREB,39-42,24.3,0,-5,0,0,1,1,0,0,109.8,111.0,0
0022400013,2024-25,3,1,15,0,30.8,MADE_BASKET,30-33,9.7,0,-8,3,0,1,1,0,0,109.8,111.0,3
0022400014,2024-25,1,15,26,0,33.3,DREB,33-36,18.9,0,0,0,0,1,1,0,0,116.4,119.4,0
0022400014,2024-25,2,26,15,1,39.8,DREB,39-42,31.2,1,-10,2,3,2,1,1,0,115.5,111.0,-1
0022400014,2024-25,3,15,26,0,34.4,LIVE_TOV,33-36,28.8,1,8,4,2,2,2,1,1,116.4,119.4,2
0022400015,2024-25,1,14,28,0,44.9,DEAD_BALL,42-45,36.1,1,7,3,0,2,1,1,0,120.3,113.4,3
0022400015,2024-25,2,28,14,1,34.3,DREB,33-36,16.4,0,1,2,2,1,1,0,0,117.0,116.1,0
0022400015,2024-25,3,28,14,1,43.2,DREB,42-45,30.8,1,9,0,3,1,1,0,0,117.0,116.1,-3
0022400016,2024-25,1,11,22,1,38.4,DREB,36-39,30.5,1,7,0,0,2,1,1,0,117.4,119.7,0
0022400016,2024-25,2,22,11,0,38.0,MADE_BASKET,36-39,25.1,0,-2,2,3,2,1,1,0,117.9,124.0,-1
0022400016,2024-25,3,22,11,0,44.6,LIVE_TOV,42-45,32.6,1,-15,4,2,2,2,1,1,117.9,124.0,2
0022400017,2024-25,2,21,9,0,37.2,DREB,36-39,19.8,0,16,0,0,1,1,0,0,121.5,119.1,0
0022400017,2024-25,3,21,9,0,33.0,MADE_BASKET,33-36,15.4,0,28,3,2,1,1,0,0,121.5,119.1,1
0022400018,2024-25,1,5,29,1,42.2,MADE_BASKET,42-45,32.4,1,11,0,0,2,1,1,0,110.9,115.7,0
0022400018,2024-25,2,29,5,0,41.9,DREB,39-42,28.3,1,-8,0,0,2,1,1,0,121.1,119.7,0
0022400019,2024-25,1,29,24,1,35.6,DEAD_BALL,33-36,16.1,0,9,0,0,1,1,0,0,121.1,113.3,0
0022400019,2024-25,2,24,29,0,43.0,MADE_BASKET,42-45,32.7,1,-10,0,0,2,1,1,0,113.7,115.7,0
0022400019,2024-25,3,29,24,1,33.0,DREB,33-36,30.9,1,14,3,0,2,1,1,0,121.1,113.3,3
0022400020,2024-25,2,20,29,0,34.9,DREB,33-36,31.3,1,18,0,3,2,1,1,0,128.5,115.7,-3
0022400020,2024-25,3,29,20,1,31.5,DREB,30-33,22.2,0,-11,3,2,1,1,0,0,121.1,116.1,1
0022400021,2024-25,1,13,19,1,36.9,MADE_BASKET,36-39,30.8,1,-8,5,0,2,2,1,1,110.5,110.2,5
0022400021,2024-25,2,13,19,1,32.3,DREB,30-33,30.5,1,-1,2,0,2,1,1,0,110.5,110.2,2
0022400021,2024-25,3,19,13,0,36.2,MADE_BASKET,36-39,22.4,0,0,2,2,1,1,0,0,124.0,108.4,0
0022400022,2024-25,1,30,1,0,37.0,MADE_BASKET,36-39,18.2,0,-8,2,2,1,1,0,0,112.8,116.8,0
0022400022,2024-25,2,1,30,1,42.2,MADE_BASKET,42-45,26.3,0,12,4,0,2,2,1,1,109.8,111.9,4
0022400022,2024-25,3,1,30,1,41.0,MADE_BASKET,39-42,21.7,0,5,2,3,2,1,1,0,109.8,111.9,-1
0022400023,2024-25,1,1,10,0,30.4,DREB,30-33,17.9,0,4,2,2,1,1,0,0,109.8,114.1,0
0022400023,2024-25,2,1,10,0,35.0,MADE_BASKET,33-36,19.9,0,0,0,3,1,1,0,0,109.8,114.1,-3
0022400023,2024-25,3,10,1,1,42.0,MADE_BASKET,42-45,30.2,1,-12,2,2,2,1,1,0,123.1,116.8,0
0022400024,2024-25,1,30,22,0,33.9,DREB,33-36,15.9,0,-3,0,0,1,1,0,0,112.8,119.7,0
0022400024,2024-25,2,22,30,1,41.0,MADE_BASKET,39-42,32.8,1,1,2,1,2,1,1,0,117.9,111.9,1
0022400024,2024-25,3,22,30,1,42.6,MADE_BASKET,42-45,28.2,1,-10,4,0,2,1,1,0,117.9,111.9,4
0022400025,2024-25,1,6,9,0,35.7,DREB,33-36,16.1,0,-5,3,0,1,1,0,0,119.4,119.1,3
0022400025,2024-25,2,9,6,1,40.9,DREB,39-42,37.5,1,3,2,3,2,2,1,1,117.4,108.5,-1
0022400025,2024-25,3,9,6,1,36.6,MADE_BASKET,36-39,20.7,0,10,0,2,1,1,0,0,117.4,108.5,-2
0022400026,2024-25,1,20,17,0,38.1,MADE_BASKET,36-39,29.0,1,0,2,0,2,1,1,0,128.5,116.3,2
0022400026,2024-25,2,20,17,0,32.5,MADE_BASKET,30-33,16.8,0,0,0,0,1,1,0,0,128.5,116.3,0
0022400027,2024-25,1,25,21,1,35.0,DREB,33-36,22.5,0,7,0,2,2,1,1,0,115.1,107.5,-2
0022400027,2024-25,2,21,25,0,35.0,DREB,33-36,23.7,0,-2,2,3,2,1,1,0,121.5,112.7,-1
0022400027,2024-25,3,25,21,1,38.7,MADE_BASKET,36-39,33.8,1,-6,3,0,2,1,1,0,115.1,107.5,3
0022400028,2024-25,2,4,30,0,41.0,MADE_BASKET,39-42,29.7,1,14,5,3,2,1,1,0,121.0,111.9,2
0022400028,2024-25,3,4,30,0,43.9,MADE_BASKET,42-45,39.1,1,22,2,0,3,2,1,1,121.0,111.9,2
0022400029,2024-25,1,3,21,1,34.5,MADE_BASKET,33-36,26.5,0,1,5,0,1,1,0,0,117.0,107.5,5
0022400029,2024-25,2,3,21,1,43.2,MADE_BASKET,42-45,31.8,1,9,2,0,2,1,1,0,117.0,107.5,2
0022400029,2024-25,3,21,3,0,34.6,MADE_BASKET,33-36,22.0,0,-9,0,0,1,1,0,0,121.5,117.7,0
0022400030,2024-25,1,7,29,1,38.0,MADE_BASKET,36-39,29.8,1,-12,0,0,2,2,1,1,112.3,115.7,0
0022400030,2024-25,3,29,7,0,40.6,MADE_BASKET,39-42,19.5,0,3,0,3,1,1,0,0,121.1,118.9,-3
0022400031,2024-25,1,13,25,1,31.8,DREB,30-33,18.3,0,-15,2,2,1,1,0,0,110.5,112.7,0
0022400031,2024-25,2,25,13,0,35.9,MADE_BASKET,33-36,31.0,1,12,0,0,2,1,1,0,115.1,108.4,0
0022400031,2024-25,3,25,13,0,42.1,MADE_BASKET,42-45,31.1,1,12,2,0,2,1,1,0,115.1,108.4,2
0022400032,2024-25,1,11,17,0,41.4,MADE_BASKET,39-42,29.2,1,-9,4,0,2,2,1,1,117.4,116.3,4
0022400032,2024-25,3,11,17,0,33.2,DREB,33-36,20.0,0,-11,0,0,1,1,0,0,117.4,116.3,0
0022400033,2024-25,1,10,3,0,37.0,MADE_BASKET,36-39,18.8,0,-6,2,2,2,1,1,0,123.1,117.7,0
0022400033,2024-25,2,10,3,0,31.0,DREB,30-33,8.6,0,-9,3,3,1,1,0,0,123.1,117.7,0
0022400033,2024-25,3,10,3,0,40.6,LIVE_TOV,39-42,33.2,1,-6,2,3,2,1,1,0,123.1,117.7,-1
0022400034,2024-25,1,14,7,0,43.1,DREB,42-45,38.6,1,-3,5,3,2,2,1,1,120.3,118.9,2
0022400034,2024-25,2,7,14,1,39.6,LIVE_TOV,39-42,28.9,1,-2,2,0,1,1,0,0,112.3,116.1,2
0022400034,2024-25,3,14,7,0,33.6,DREB,33-36,18.4,0,5,2,0,2,1,1,0,120.3,118.9,2
0022400035,2024-25,1,17,12,1,41.9,DREB,39-42,33.5,1,0,3,0,2,2,1,1,125.5,116.7,3
0022400036,2024-25,1,9,26,1,37.3,MADE_BASKET,36-39,15.0,0,9,0,0,1,1,0,0,117.4,119.4,0
0022400036,2024-25,2,9,26,1,38.9,DREB,36-39,35.7,1,12,6,0,2,1,1,0,117.4,119.4,6
0022400036,2024-25,3,9,26,1,39.3,DREB,39-42,26.0,0,25,3,2,1,1,0,0,117.4,119.4,1
0022400037,2024-25,1,22,4,0,31.9,MADE_BASKET,30-33,7.4,0,0,2,0,1,1,0,0,117.9,119.8,2
0022400037,2024-25,2,4,22,1,32.7,MADE_BASKET,30-33,12.1,0,-2,3,2,2,1,1,0,121.0,119.7,1
0022400037,2024-25,3,4,22,1,42.5,MADE_BASKET,42-45,33.6,1,-10,4,0,2,1,1,0,121.0,119.7,4
0022400038,2024-25,1,25,14,1,30.1,MADE_BASKET,30-33,6.8,0,-5,0,0,1,1,0,0,115.1,116.1,0
0022400038,2024-25,2,25,14,1,36.3,MADE_BASKET,36-39,27.0,0,-5,2,0,1,1,0,0,115.1,116.1,2
0022400038,2024-25,3,14,25,0,34.6,DREB,33-36,22.8,0,7,3,3,1,1,0,0,120.3,112.7,0
0022400039,2024-25,1,14,25,1,40.4,MADE_BASKET,39-42,35.7,1,3,0,0,2,1,1,0,120.3,112.7,0
0022400039,2024-25,2,14,25,1,43.0,DEAD_BALL,42-45,38.6,1,-3,0,3,2,2,1,1,120.3,112.7,-3
0022400039,2024-25,3,25,14,0,36.3,MADE_BASKET,36-39,29.2,1,-2,3,3,2,1,1,0,115.1,116.1,0
0022400040,2024-25,1,21,9,1,42.9,DREB,42-45,27.7,0,-4,4,2,2,1,1,0,121.5,119.1,2
0022400040,2024-25,2,9,21,0,37.0,LIVE_TOV,36-39,28.4,1,-1,3,3,2,1,1,0,117.4,107.5,0
0022400041,2024-25,1,19,16,1,37.3,DEAD_BALL,36-39,24.0,0,7,3,0,1,1,0,0,124.0,116.8,3
0022400041,2024-25,2,16,19,0,41.5,MADE_BASKET,39-42,35.6,1,-21,2,0,2,1,1,0,117.0,110.2,2
0022400041,2024-25,3,16,19,0,43.2,MADE_BASKET,42-45,36.8,1,-30,0,2,1,1,0,0,117.0,110.2,-2
0022400042,2024-25,1,11,25,0,41.5,DREB,39-42,37.6,1,-6,3,2,2,1,1,0,117.4,112.7,1
0022400042,2024-25,2,25,11,1,39.7,MADE_BASKET,39-42,35.3,1,9,2,0,2,2,1,1,115.1,124.0,2
0022400042,2024-25,3,11,25,0,32.0,MADE_BASKET,30-33,9.8,0,-18,0,2,1,1,0,0,117.4,112.7,-2
0022400043,2024-25,1,18,3,1,37.1,MADE_BASKET,36-39,33.6,1,-5,1,2,2,1,1,0,111.7,117.7,-1
0022400043,2024-25,3,18,3,1,32.8,DREB,30-33,24.9,0,-1,2,3,1,1,0,0,111.7,117.7,-1
0022400044,2024-25,2,27,17,1,41.0,MADE_BASKET,39-42,39.2,1,-11,2,4,2,2,1,1,108.9,116.3,-2
0022400044,2024-25,3,17,27,0,31.6,DREB,30-33,16.7,0,23,0,2,1,1,0,0,125.5,116.7,-2
0022400045,2024-25,1,3,7,0,42.9,MADE_BASKET,42-45,27.5,0,2,2,0,2,2,1,1,117.0,118.9,2
0022400045,2024-25,2,3,7,0,41.3,MADE_BASKET,39-42,33.8,1,0,6,2,2,1,1,0,117.0,118.9,4
0022400045,2024-25,3,7,3,1,34.9,DEAD_BALL,33-36,32.8,1,1,0,0,2,1,1,0,112.3,117.7,0
0022400046,2024-25,1,15,3,0,34.9,DREB,33-36,32.2,1,4,4,2,2,1,1,0,116.4,117.7,2
0022400046,2024-25,2,3,15,1,38.2,DREB,36-39,29.2,1,-4,0,0,2,1,1,0,117.0,111.0,0
0022400046,2024-25,3,15,3,0,37.9,MADE_BASKET,36-39,28.9,1,2,1,0,2,1,1,0,116.4,117.7,1
0022400047,2024-25,1,16,25,1,43.4,MADE_BASKET,42-45,28.8,1,1,2,2,2,1,1,0,117.0,112.7,0
0022400047,2024-25,2,25,16,0,38.2,LIVE_TOV,36-39,32.7,1,-4,4,1,2,2,1,1,115.1,116.8,3
0022400047,2024-25,3,25,16,0,35.1,MADE_BASKET,33-36,20.1,0,-4,0,0,1,1,0,0,115.1,116.8,0
0022400048,2024-25,1,15,12,1,36.9,DREB,36-39,21.6,0,16,2,0,1,1,0,0,116.4,116.7,2
0022400048,2024-25,2,12,15,0,39.9,MADE_BASKET,39-42,31.6,1,-17,0,2,2,1,1,0,113.6,111.0,-2
0022400048,2024-25,3,15,12,1,34.5,DREB,33-36,31.4,1,18,0,3,2,1,1,0,116.4,116.7,-3
0022400049,2024-25,1,29,16,0,36.7,DREB,36-39,25.1,0,7,2,0,1,1,0,0,121.1,116.8,2
0022400049,2024-25,2,29,16,0,31.0,LIVE_TOV,30-33,29.0,1,15,3,0,1,1,0,0,121.1,116.8,3
0022400049,2024-25,3,16,29,1,43.5,DREB,42-45,33.7,1,-23,4,2,2,2,1,1,117.0,115.7,2
0022400050,2024-25,2,21,28,0,43.3,DREB,42-45,32.8,1,-3,4,2,2,2,1,1,121.5,113.4,2
0022400050,2024-25,3,21,28,0,43.6,MADE_BASKET,42-45,24.8,0,-3,3,0,1,1,0,0,121.5,113.4,3
0022400051,2024-25,1,9,29,1,38.5,DEAD_BALL,36-39,33.1,1,2,0,2,2,1,1,0,117.4,115.7,-2
0022400051,2024-25,2,9,29,1,35.0,MADE_BASKET,33-36,23.7,0,-9,0,0,1,1,0,0,117.4,115.7,0
0022400051,2024-25,3,29,9,0,31.6,DEAD_BALL,30-33,20.3,0,1,0,2,1,1,0,0,121.1,119.1,-2
0022400052,2024-25,1,22,18,1,38.9,DREB,36-39,26.4,0,-12,4,3,2,1,1,0,117.9,116.6,1
0022400052,2024-25,2,18,22,0,45.0,MADE_BASKET,42-45,31.5,1,19,1,0,2,1,1,0,111.7,119.7,1
0022400053,2024-25,1,14,5,0,44.9,MADE_BASKET,42-45,29.5,1,-11,5,0,2,1,1,0,120.3,119.7,5
0022400053,2024-25,2,14,5,0,40.3,DREB,39-42,31.7,1,6,3,3,2,2,1,1,120.3,119.7,0
0022400053,2024-25,3,14,5,0,44.3,MADE_BASKET,42-45,38.6,1,0,3,2,2,2,1,1,120.3,119.7,1
0022400054,2024-25,1,8,16,0,35.0,DREB,33-36,17.2,0,-4,5,0,1,1,0,0,111.9,116.8,5
0022400054,2024-25,3,16,8,1,41.0,MADE_BASKET,39-42,37.6,1,-10,2,3,2,2,1,1,117.0,110.5,-1
0022400055,2024-25,1,29,4,1,35.7,MADE_BASKET,33-36,25.1,0,-7,0,0,1,1,0,0,121.1,119.8,0
0022400055,2024-25,3,29,4,1,30.1,DEAD_BALL,30-33,7.3,0,-6,2,0,1,1,0,0,121.1,119.8,2
0022400056,2024-25,1,17,21,1,39.0,DEAD_BALL,39-42,33.8,1,5,0,3,2,1,1,0,125.5,107.5,-3
0022400056,2024-25,2,17,21,1,37.0,DREB,36-39,21.6,0,-4,2,3,1,1,0,0,125.5,107.5,-1
0022400056,2024-25,3,21,17,0,35.1,MADE_BASKET,33-36,13.2,0,-3,3,0,1,1,0,0,121.5,116.3,3
0022400057,2024-25,1,14,15,0,32.6,LIVE_TOV,30-33,21.1,0,-11,0,2,2,1,1,0,120.3,111.0,-2
0022400057,2024-25,2,15,14,1,37.7,MADE_BASKET,36-39,29.0,1,10,2,0,1,1,0,0,116.4,116.1,2
0022400057,2024-25,3,14,15,0,41.2,DREB,39-42,28.3,1,-13,2,3,2,1,1,0,120.3,111.0,-1
0022400058,2024-25,1,11,10,0,35.9,DREB,33-36,29.6,1,-1,3,3,2,1,1,0,117.4,114.1,0
0022400058,2024-25,2,10,11,1,42.4,DREB,42-45,40.1,1,-5,5,4,2,2,1,1,123.1,124.0,1
0022400058,2024-25,3,10,11,1,38.7,DREB,36-39,31.3,1,3,6,0,2,2,1,1,123.1,124.0,6
0022400059,2024-25,1,4,25,1,39.5,DREB,39-42,27.8,0,4,0,0,1,1,0,0,121.0,112.7,0
0022400059,2024-25,2,25,4,0,40.7,MADE_BASKET,39-42,37.8,1,-4,5,4,2,2,1,1,115.1,119.8,1
0022400059,2024-25,3,25,4,0,43.2,DREB,42-45,31.9,1,1,2,2,2,1,1,0,115.1,119.8,0
0022400060,2024-25,1,26,22,0,42.1,DREB,42-45,29.2,1,-5,0,0,2,2,1,1,115.5,119.7,0
0022400060,2024-25,2,26,22,0,44.6,LIVE_TOV,42-45,40.5,1,-11,2,2,2,1,1,0,115.5,119.7,0
0022400060,2024-25,3,22,26,1,39.6,MADE_BASKET,39-42,17.9,0,-1,2,0,1,1,0,0,117.9,119.4,2
0022400061,2024-25,1,17,30,0,41.2,MADE_BASKET,39-42,39.5,1,-2,2,0,2,2,1,1,125.5,111.9,2
0022400061,2024-25,2,17,30,0,43.6,LIVE_TOV,42-45,29.6,1,-6,0,3,2,1,1,0,125.5,111.9,-3
0022400061,2024-25,3,30,17,1,30.6,MADE_BASKET,30-33,10.8,0,8,2,1,1,1,0,0,112.8,116.3,1
0022400062,2024-25,1,11,30,0,38.5,MADE_BASKET,36-39,32.2,1,-2,0,0,2,1,1,0,117.4,111.9,0
0022400062,2024-25,2,11,30,0,39.7,DREB,39-42,36.5,1,-3,0,3,2,1,1,0,117.4,111.9,-3
0022400062,2024-25,3,30,11,1,43.0,DREB,42-45,36.8,1,14,0,2,3,2,1,1,112.8,124.0,-2
0022400063,2024-25,1,9,6,0,36.1,MADE_BASKET,36-39,25.8,0,-7,0,0,1,1,0,0,117.4,108.5,0
0022400063,2024-25,2,9,6,0,30.2,DREB,30-33,10.0,0,-9,0,0,2,1,1,0,117.4,108.5,0
0022400063,2024-25,3,9,6,0,38.4,LIVE_TOV,36-39,28.3,1,2,2,2,2,1,1,0,117.4,108.5,0
0022400064,2024-25,1,1,16,0,41.1,MADE_BASKET,39-42,21.7,0,0,0,2,1,1,0,0,109.8,116.8,-2
0022400064,2024-25,2,1,16,0,35.5,MADE_BASKET,33-36,17.5,0,-8,0,2,1,1,0,0,109.8,116.8,-2
0022400064,2024-25,3,1,16,0,32.8,DREB,30-33,21.2,0,-16,0,0,1,1,0,0,109.8,116.8,0
0022400065,2024-25,1,18,17,1,33.3,DREB,33-36,30.8,1,-3,2,0,1,1,0,0,111.7,116.3,2
0022400065,2024-25,2,17,18,0,32.2,MADE_BASKET,30-33,17.1,0,-4,2,0,1,1,0,0,125.5,116.6,2
0022400065,2024-25,3,18,17,1,44.8,MADE_BASKET,42-45,37.7,1,-4,4,0,2,1,1,0,111.7,116.3,4
0022400066,2024-25,1,10,16,0,34.1,LIVE_TOV,33-36,22.8,0,-4,0,2,1,1,0,0,123.1,116.8,-2
0022400066,2024-25,3,16,10,1,34.6,MADE_BASKET,33-36,23.1,0,20,0,0,1,1,0,0,117.0,114.1,0
0022400067,2024-25,1,26,27,0,34.0,LIVE_TOV,33-36,29.0,1,2,0,0,2,1,1,0,115.5,116.7,0
0022400067,2024-25,2,27,26,1,38.7,LIVE_TOV,36-39,23.8,0,5,0,0,1,1,0,0,108.9,119.4,0
0022400067,2024-25,3,26,27,0,30.1,MADE_BASKET,30-33,8.5,0,-5,0,1,1,1,0,0,115.5,116.7,-1
0022400068,2024-25,1,16,13,0,45.0,LIVE_TOV,42-45,33.2,1,-5,0,0,2,1,1,0,117.0,108.4,0
0022400069,2024-25,1,4,7,0,36.3,DREB,36-39,34.6,1,-8,3,3,2,1,1,0,121.0,118.9,0
0022400069,2024-25,2,7,4,1,34.8,MADE_BASKET,33-36,20.6,0,1,2,0,1,1,0,0,112.3,119.8,2
0022400069,2024-25,3,7,4,1,39.6,MADE_BASKET,39-42,28.5,1,6,0,0,1,1,0,0,112.3,119.8,0
0022400070,2024-25,1,16,20,0,40.0,MADE_BASKET,39-42,33.1,1,-1,2,0,2,1,1,0,117.0,116.1,2
0022400070,2024-25,2,16,20,0,35.7,MADE_BASKET,33-36,24.8,0,-1,2,0,2,1,1,0,117.0,116.1,2
0022400071,2024-25,2,30,22,1,38.2,MADE_BASKET,36-39,21.3,0,-15,0,0,1,1,0,0,112.8,119.7,0
0022400071,2024-25,3,22,30,0,35.2,DREB,33-36,33.7,1,22,4,0,2,1,1,0,117.9,111.9,4
0022400072,2024-25,1,26,25,0,44.3,DREB,42-45,29.3,1,-8,1,0,2,1,1,0,115.5,112.7,1
0022400072,2024-25,2,25,26,1,35.9,MADE_BASKET,33-36,31.6,1,16,2,0,1,1,0,0,115.1,119.4,2
0022400073,2024-25,2,20,11,0,44.4,MADE_BASKET,42-45,40.7,1,-4,3,2,3,3,1,1,128.5,124.0,1
0022400073,2024-25,3,20,11,0,32.3,LIVE_TOV,30-33,19.4,0,-11,3,2,1,1,0,0,128.5,124.0,1
0022400074,2024-25,2,26,22,1,35.3,MADE_BASKET,33-36,31.8,1,-3,2,2,2,1,1,0,115.5,119.7,0
0022400075,2024-25,1,3,30,1,34.9,MADE_BASKET,33-36,27.5,0,4,3,3,2,1,1,0,117.0,111.9,0
0022400075,2024-25,2,30,3,0,33.1,MADE_BASKET,33-36,23.7,0,-20,0,0,1,1,0,0,112.8,117.7,0
0022400075,2024-25,3,30,3,0,42.9,DREB,42-45,38.0,1,-24,4,2,3,2,1,1,112.8,117.7,2
0022400076,2024-25,2,29,24,1,39.5,MADE_BASKET,39-42,33.0,1,-4,3,0,2,2,1,1,121.1,113.3,3
0022400076,2024-25,3,29,24,1,33.7,MADE_BASKET,33-36,16.7,0,-2,0,0,1,1,0,0,121.1,113.3,0
0022400077,2024-25,1,16,3,1,31.6,MADE_BASKET,30-33,14.0,0,3,2,2,1,1,0,0,117.0,117.7,0
0022400077,2024-25,2,16,3,1,32.4,DREB,30-33,20.3,0,0,2,0,1,1,0,0,117.0,117.7,2
0022400077,2024-25,3,16,3,1,35.2,DEAD_BALL,33-36,30.6,1,11,2,0,2,1,1,0,117.0,117.7,2
0022400078,2024-25,1,21,8,0,37.9,MADE_BASKET,36-39,18.3,0,-4,3,2,1,1,0,0,121.5,110.5,1
0022400078,2024-25,2,8,21,1,42.1,LIVE_TOV,42-45,32.8,1,11,1,0,2,1,1,0,111.9,107.5,1
0022400078,2024-25,3,21,8,0,32.7,MADE_BASKET,30-33,15.5,0,-18,2,3,1,1,0,0,121.5,110.5,-1
0022400079,2024-25,1,10,21,0,36.4,DREB,36-39,17.8,0,-12,0,0,1,1,0,0,123.1,107.5,0
0022400079,2024-25,2,21,10,1,42.1,MADE_BASKET,42-45,34.9,1,14,1,0,2,1,1,0,121.5,114.1,1
0022400079,2024-25,3,21,10,1,39.8,DREB,39-42,22.9,0,16,2,0,1,1,0,0,121.5,114.1,2
0022400080,2024-25,3,9,11,0,32.3,MADE_BASKET,30-33,11.8,0,0,2,0,1,1,0,0,117.4,124.0,2
0022400081,2024-25,1,20,13,0,35.7,MADE_BASKET,33-36,26.6,0,2,2,2,2,1,1,0,128.5,108.4,0
0022400081,2024-25,2,13,20,1,32.0,MADE_BASKET,30-33,13.4,0,-10,0,0,1,1,0,0,110.5,116.1,0
0022400081,2024-25,3,13,20,1,33.1,LIVE_TOV,33-36,31.1,1,-15,2,2,2,1,1,0,110.5,116.1,0
0022400082,2024-25,1,10,9,0,39.4,DREB,39-42,37.5,1,-9,2,0,2,2,1,1,123.1,119.1,2
0022400082,2024-25,2,9,10,1,32.8,DREB,30-33,16.0,0,14,0,0,1,1,0,0,117.4,114.1,0
0022400082,2024-25,3,9,10,1,40.2,MADE_BASKET,39-42,33.6,1,3,3,2,2,2,1,1,117.4,114.1,1
0022400083,2024-25,1,7,10,1,38.3,DREB,36-39,19.8,0,-11,0,0,1,1,0,0,112.3,114.1,0
0022400083,2024-25,2,10,7,0,44.5,DREB,42-45,33.0,1,10,0,2,2,1,1,0,123.1,118.9,-2
0022400083,2024-25,3,7,10,1,35.9,MADE_BASKET,33-36,20.6,0,-18,0,2,2,1,1,0,112.3,114.1,-2
0022400084,2024-25,2,18,27,1,40.9,DREB,39-42,31.1,1,12,3,0,2,2,1,1,111.7,116.7,3
0022400084,2024-25,3,18,27,1,38.5,DREB,36-39,30.1,1,5,2,2,2,1,1,0,111.7,116.7,0
0022400085,2024-25,1,21,14,0,40.8,LIVE_TOV,39-42,36.3,1,-10,5,3,2,1,1,0,121.5,116.1,2
0022400085,2024-25,3,21,14,0,34.2,MADE_BASKET,33-36,13.8,0,1,3,1,1,1,0,0,121.5,116.1,2
0022400086,2024-25,2,29,15,1,34.6,MADE_BASKET,33-36,20.8,0,-5,0,3,1,1,0,0,121.1,111.0,-3
0022400086,2024-25,3,15,29,0,43.8,DREB,42-45,36.3,1,24,2,2,2,2,1,1,116.4,115.7,0
0022400087,2024-25,1,19,5,0,42.2,LIVE_TOV,42-45,34.0,1,-1,0,3,2,1,1,0,124.0,119.7,-3
0022400087,2024-25,2,5,19,1,32.3,DREB,30-33,15.2,0,5,1,0,2,1,1,0,110.9,110.2,1
0022400087,2024-25,3,5,19,1,32.9,MADE_BASKET,30-33,28.6,1,9,2,3,2,1,1,0,110.9,110.2,-1
0022400088,2024-25,1,12,15,0,37.0,LIVE_TOV,36-39,32.1,1,-6,0,2,2,1,1,0,113.6,111.0,-2
0022400088,2024-25,2,12,15,0,31.9,DREB,30-33,12.8,0,6,2,0,1,1,0,0,113.6,111.0,2
0022400088,2024-25,3,15,12,1,35.9,MADE_BASKET,33-36,21.1,0,-14,2,2,1,1,0,0,116.4,116.7,0
0022400089,2024-25,3,12,13,1,41.3,MADE_BASKET,39-42,26.3,0,-23,3,1,2,1,1,0,113.6,108.4,2
0022400090,2024-25,1,7,21,1,39.3,MADE_BASKET,39-42,24.7,0,5,2,0,1,1,0,0,112.3,107.5,2
0022400090,2024-25,3,21,7,0,39.5,MADE_BASKET,39-42,25.1,0,-11,2,0,1,1,0,0,121.5,118.9,2
0022400091,2024-25,3,22,15,1,41.2,LIVE_TOV,39-42,29.4,1,2,2,0,2,2,1,1,117.9,111.0,2
0022400092,2024-25,1,16,3,0,35.2,MADE_BASKET,33-36,12.9,0,13,0,0,1,1,0,0,117.0,117.7,0
0022400092,2024-25,2,16,3,0,33.5,DREB,33-36,17.8,0,1,0,2,1,1,0,0,117.0,117.7,-2
0022400093,2024-25,1,19,14,1,32.8,MADE_BASKET,30-33,9.7,0,11,0,0,1,1,0,0,124.0,116.1,0
0022400093,2024-25,2,14,19,0,35.4,DREB,33-36,21.8,0,-12,2,0,1,1,0,0,120.3,110.2,2
0022400093,2024-25,3,19,14,1,41.3,MADE_BASKET,39-42,28.7,1,5,0,0,2,1,1,0,124.0,116.1,0
0022400094,2024-25,2,6,5,0,37.5,MADE_BASKET,36-39,16.8,0,7,3,0,1,1,0,0,119.4,119.7,3
0022400094,2024-25,3,5,6,1,37.2,DREB,36-39,30.3,1,-11,2,5,2,1,1,0,110.9,108.5,-3
0022400095,2024-25,2,2,30,0,37.6,DREB,36-39,32.6,1,-3,0,2,2,1,1,0,121.3,111.9,-2
0022400095,2024-25,3,30,2,1,43.0,MADE_BASKET,42-45,36.0,1,-2,0,2,2,2,1,1,112.8,119.8,-2
0022400096,2024-25,2,7,18,1,42.5,MADE_BASKET,42-45,30.2,1,2,3,2,2,1,1,0,112.3,116.6,1
0022400096,2024-25,3,7,18,1,34.3,DREB,33-36,29.5,1,9,1,0,2,1,1,0,112.3,116.6,1
0022400097,2024-25,1,2,23,0,35.1,MADE_BASKET,33-36,22.9,0,-4,3,0,1,1,0,0,121.3,116.0,3
0022400097,2024-25,2,2,23,0,41.6,LIVE_TOV,39-42,37.4,1,-4,2,2,2,2,1,1,121.3,116.0,0
0022400097,2024-25,3,23,2,1,39.9,DREB,39-42,28.3,1,-1,2,2,1,1,0,0,113.4,119.8,0
0022400098,2024-25,1,9,17,1,33.0,DREB,33-36,18.8,0,11,0,3,2,1,1,0,117.4,116.3,-3
0022400098,2024-25,2,17,9,0,40.1,MADE_BASKET,39-42,35.4,1,-9,5,3,2,2,1,1,125.5,119.1,2
0022400099,2024-25,1,13,16,1,35.8,MADE_BASKET,33-36,24.6,0,-12,2,0,1,1,0,0,110.5,116.8,2
0022400099,2024-25,2,16,13,0,36.2,MADE_BASKET,36-39,31.3,1,7,0,2,2,1,1,0,117.0,108.4,-2
0022400099,2024-25,3,16,13,0,41.1,MADE_BASKET,39-42,21.3,0,8,3,3,1,1,0,0,117.0,108.4,0
0022400100,2024-25,1,11,13,1,33.5,MADE_BASKET,33-36,13.3,0,4,3,2,1,1,0,0,117.4,108.4,1
0022400100,2024-25,2,13,11,0,35.7,DREB,33-36,16.8,0,-1,2,3,1,1,0,0,110.5,124.0,-1
0022400100,2024-25,3,13,11,0,43.6,DREB,42-45,36.8,1,-13,2,0,2,1,1,0,110.5,124.0,2
0022400101,2024-25,1,14,4,0,41.6,MADE_BASKET,39-42,34.2,1,8,3,5,2,2,1,1,120.3,119.8,-2
0022400101,2024-25,2,4,14,1,37.8,MADE_BASKET,36-39,34.7,1,-2,2,0,2,1,1,0,121.0,116.1,2
0022400101,2024-25,3,14,4,0,36.8,MADE_BASKET,36-39,15.1,0,-4,2,2,1,1,0,0,120.3,119.8,0
0022400102,2024-25,1,15,27,0,44.0,DREB,42-45,27.1,0,4,1,0,2,1,1,0,116.4,116.7,1
0022400102,2024-25,3,15,27,0,41.8,MADE_BASKET,39-42,35.0,1,-5,2,1,2,1,1,0,116.4,116.7,1
0022400103,2024-25,2,12,9,1,36.4,DREB,36-39,33.1,1,-14,3,0,2,2,1,1,113.6,119.1,3
0022400103,2024-25,3,9,12,0,44.5,DREB,42-45,32.4,1,10,3,1,2,1,1,0,117.4,116.7,2
0022400104,2024-25,2,13,7,1,37.0,LIVE_TOV,36-39,34.8,1,1,2,2,2,1,1,0,110.5,118.9,0
0022400104,2024-25,3,7,13,0,44.2,DREB,42-45,30.4,1,-5,3,5,2,1,1,0,112.3,108.4,-2
0022400105,2024-25,1,8,30,1,33.0,DREB,33-36,16.4,0,6,0,3,1,1,0,0,111.9,111.9,-3
0022400105,2024-25,2,30,8,0,32.5,MADE_BASKET,30-33,18.4,0,-6,2,0,1,1,0,0,112.8,110.5,2
0022400105,2024-25,3,30,8,0,34.8,MADE_BASKET,33-36,15.4,0,-6,2,2,1,1,0,0,112.8,110.5,0
0022400106,2024-25,1,19,5,1,41.1,DREB,39-42,30.4,1,-2,3,0,2,2,1,1,124.0,119.7,3
0022400106,2024-25,2,5,19,0,35.4,MADE_BASKET,33-36,31.4,1,-6,0,0,1,1,0,0,110.9,110.2,0
0022400107,2024-25,1,16,21,1,33.9,DREB,33-36,32.2,1,2,2,3,2,1,1,0,117.0,107.5,-1
0022400107,2024-25,2,21,16,0,44.0,LIVE_TOV,42-45,34.0,1,5,0,2,2,1,1,0,121.5,116.8,-2
0022400107,2024-25,3,16,21,1,39.1,MADE_BASKET,39-42,27.2,0,-8,2,0,1,1,0,0,117.0,107.5,2
0022400108,2024-25,1,13,14,1,34.5,MADE_BASKET,33-36,19.4,0,-2,0,0,1,1,0,0,110.5,116.1,0
0022400108,2024-25,2,14,13,0,31.5,MADE_BASKET,30-33,18.8,0,-12,0,0,1,1,0,0,120.3,108.4,0
0022400109,2024-25,1,28,25,1,36.6,DREB,36-39,19.9,0,-2,0,2,1,1,0,0,117.0,112.7,-2
0022400109,2024-25,2,25,28,0,43.7,DREB,42-45,38.4,1,8,2,5,3,2,1,1,115.1,113.4,-3
0022400109,2024-25,3,25,28,0,37.6,MADE_BASKET,36-39,29.1,1,2,0,0,2,1,1,0,115.1,113.4,0
0022400110,2024-25,1,1,30,1,41.7,MADE_BASKET,39-42,27.0,0,-6,3,0,1,1,0,0,109.8,111.9,3
0022400110,2024-25,2,1,30,1,38.6,DREB,36-39,17.4,0,-2,0,3,1,1,0,0,109.8,111.9,-3
0022400110,2024-25,3,30,1,0,37.3,DREB,36-39,20.0,0,7,0,0,1,1,0,0,112.8,116.8,0
0022400111,2024-25,1,26,7,0,39.2,DREB,39-42,36.7,1,-1,5,4,2,1,1,0,115.5,118.9,1
0022400111,2024-25,2,26,7,0,39.3,MADE_BASKET,39-42,29.8,1,-14,3,0,2,1,1,0,115.5,118.9,3
0022400111,2024-25,3,7,26,1,39.8,MADE_BASKET,39-42,29.4,1,10,2,2,2,1,1,0,112.3,119.4,0
0022400112,2024-25,1,25,9,0,30.5,MADE_BASKET,30-33,8.4,0,-9,0,0,1,0,0,0,115.1,119.1,0
0022400112,2024-25,2,9,25,1,41.5,MADE_BASKET,39-42,27.1,0,9,5,2,2,1,1,0,117.4,112.7,3
0022400112,2024-25,3,25,9,0,40.8,MADE_BASKET,39-42,37.2,1,-16,3,3,2,2,1,1,115.1,119.1,0
0022400113,2024-25,3,18,11,1,43.6,DREB,42-45,29.3,1,-11,2,0,2,1,1,0,111.7,124.0,2
0022400114,2024-25,1,5,26,1,34.8,DREB,33-36,28.6,1,4,3,2,2,1,1,0,110.9,119.4,1
0022400114,2024-25,2,5,26,1,40.7,MADE_BASKET,39-42,34.7,1,5,6,3,2,1,1,0,110.9,119.4,3
0022400114,2024-25,3,26,5,0,36.6,MADE_BASKET,36-39,31.2,1,-5,6,2,2,1,1,0,115.5,119.7,4
0022400115,2024-25,1,24,30,1,43.5,MADE_BASKET,42-45,29.1,1,2,3,0,2,1,1,0,113.7,111.9,3
0022400115,2024-25,2,24,30,1,44.7,MADE_BASKET,42-45,38.6,1,-6,2,2,2,2,1,1,113.7,111.9,0
0022400115,2024-25,3,30,24,0,38.9,DEAD_BALL,36-39,30.3,1,10,0,0,1,1,0,0,112.8,113.3,0
0022400116,2024-25,1,19,4,1,33.0,MADE_BASKET,33-36,19.7,0,-2,2,0,1,1,0,0,124.0,119.8,2
0022400116,2024-25,2,19,4,1,43.9,DREB,42-45,38.1,1,-5,4,0,2,1,1,0,124.0,119.8,4
0022400116,2024-25,3,19,4,1,43.9,MADE_BASKET,42-45,34.7,1,-3,2,4,2,2,1,1,124.0,119.8,-2
0022400117,2024-25,1,27,24,0,44.7,DREB,42-45,32.0,1,13,0,0,2,1,1,0,108.9,113.3,0
0022400117,2024-25,3,27,24,0,33.6,MADE_BASKET,33-36,20.2,0,14,0,0,1,1,0,0,108.9,113.3,0
0022400118,2024-25,1,20,19,0,34.7,MADE_BASKET,33-36,18.0,0,2,0,2,1,1,0,0,128.5,110.2,-2
0022400118,2024-25,2,20,19,0,33.8,DEAD_BALL,33-36,30.3,1,-6,3,2,2,1,1,0,128.5,110.2,1
0022400118,2024-25,3,19,20,1,42.9,MADE_BASKET,42-45,28.5,1,-2,0,2,2,1,1,0,124.0,116.1,-2
0022400119,2024-25,1,25,6,0,40.2,DEAD_BALL,39-42,24.1,0,2,2,0,1,1,0,0,115.1,108.5,2
0022400119,2024-25,2,6,25,1,38.0,DREB,36-39,32.8,1,3,5,0,2,1,1,0,119.4,112.7,5
0022400119,2024-25,3,25,6,0,38.7,DREB,36-39,29.7,1,-18,0,0,1,1,0,0,115.1,108.5,0
0022400120,2024-25,1,19,8,0,39.0,LIVE_TOV,39-42,33.8,1,2,1,0,2,2,1,1,124.0,110.5,1
0022400120,2024-25,2,19,8,0,38.7,MADE_BASKET,36-39,32.6,1,9,0,0,2,1,1,0,124.0,110.5,0
0022400120,2024-25,3,19,8,0,44.1,MADE_BASKET,42-45,36.3,1,3,2,0,2,2,1,1,124.0,110.5,2
0022400121,2024-25,1,22,17,0,31.5,MADE_BASKET,30-33,8.5,0,-3,0,0,1,1,0,0,117.9,116.3,0
0022400121,2024-25,2,22,17,0,33.7,DREB,33-36,19.3,0,-5,2,0,1,1,0,0,117.9,116.3,2
0022400121,2024-25,3,22,17,0,31.7,MADE_BASKET,30-33,7.2,0,-4,0,0,1,1,0,0,117.9,116.3,0
0022400122,2024-25,1,27,12,0,40.1,LIVE_TOV,39-42,38.2,1,-3,0,2,2,2,1,1,108.9,116.7,-2
0022400122,2024-25,2,12,27,1,40.5,DEAD_BALL,39-42,31.5,1,8,3,0,2,1,1,0,113.6,116.7,3
0022400122,2024-25,3,12,27,1,44.8,LIVE_TOV,42-45,30.9,1,5,2,0,2,1,1,0,113.6,116.7,2
0022400123,2024-25,1,5,17,1,37.4,LIVE_TOV,36-39,34.1,1,-19,2,2,2,1,1,0,110.9,116.3,0
0022400123,2024-25,3,5,17,1,42.9,MADE_BASKET,42-45,31.8,1,-24,2,0,2,1,1,0,110.9,116.3,2
0022400124,2024-25,2,5,1,1,41.2,MADE_BASKET,39-42,30.6,1,5,4,2,2,2,1,1,110.9,116.8,2
0022400124,2024-25,3,1,5,0,33.7,MADE_BASKET,33-36,29.6,1,-3,4,0,2,1,1,0,109.8,119.7,4
0022400125,2024-25,1,30,9,1,36.8,LIVE_TOV,36-39,29.5,1,-6,5,0,2,1,1,0,112.8,119.1,5
0022400125,2024-25,2,30,9,1,44.1,DREB,42-45,32.5,1,1,1,2,1,1,0,0,112.8,119.1,-1
0022400125,2024-25,3,9,30,0,38.4,MADE_BASKET,36-39,29.9,1,-2,0,4,2,1,1,0,117.4,111.9,-4
0022400126,2024-25,1,18,8,0,33.5,DREB,33-36,28.7,1,4,0,0,2,1,1,0,111.7,110.5,0
0022400126,2024-25,2,18,8,0,41.2,DEAD_BALL,39-42,38.3,1,3,2,2,2,2,1,1,111.7,110.5,0
0022400126,2024-25,3,8,18,1,44.6,DREB,42-45,33.2,1,-1,0,2,2,2,1,1,111.9,116.6,-2
0022400127,2024-25,1,11,8,0,30.4,MADE_BASKET,30-33,8.7,0,-8,2,0,2,1,1,0,117.4,110.5,2
0022400127,2024-25,2,8,11,1,35.4,MADE_BASKET,33-36,20.5,0,12,0,0,1,1,0,0,111.9,124.0,0
0022400128,2024-25,1,20,27,0,42.2,MADE_BASKET,42-45,20.8,0,-7,2,0,1,1,0,0,128.5,116.7,2
0022400128,2024-25,2,27,20,1,34.8,DREB,33-36,23.8,0,9,3,0,1,1,0,0,108.9,116.1,3
0022400128,2024-25,3,20,27,0,42.2,MADE_BASKET,42-45,33.7,1,-18,4,0,2,1,1,0,128.5,116.7,4
0022400129,2024-25,1,17,9,0,44.9,DREB,42-45,39.6,1,5,6,0,2,2,1,1,125.5,119.1,6
0022400129,2024-25,3,9,17,1,36.3,MADE_BASKET,36-39,34.4,1,-7,0,1,2,1,1,0,117.4,116.3,-1
0022400130,2024-25,1,11,25,1,41.2,MADE_BASKET,39-42,29.7,1,-6,2,2,2,1,1,0,117.4,112.7,0
0022400130,2024-25,2,25,11,0,33.2,DREB,33-36,28.8,1,5,1,0,2,1,1,0,115.1,124.0,1
0022400130,2024-25,3,11,25,1,38.1,DREB,36-39,29.0,1,-9,4,0,2,1,1,0,117.4,112.7,4
0022400131,2024-25,1,17,15,1,33.0,MADE_BASKET,33-36,9.2,0,-4,0,0,1,1,0,0,125.5,111.0,0
0022400131,2024-25,3,17,15,1,39.5,MADE_BASKET,39-42,26.8,0,-18,0,3,2,1,1,0,125.5,111.0,-3
0022400132,2024-25,1,8,10,0,33.0,MADE_BASKET,33-36,29.0,1,-3,0,0,2,1,1,0,111.9,114.1,0
0022400132,2024-25,2,10,8,1,34.6,DREB,33-36,17.5,0,6,2,3,1,1,0,0,123.1,110.5,-1
0022400132,2024-25,3,8,10,0,38.3,MADE_BASKET,36-39,26.8,0,-11,0,2,2,1,1,0,111.9,114.1,-2
0022400133,2024-25,1,1,6,0,35.1,DREB,33-36,31.3,1,4,4,2,2,2,1,1,109.8,108.5,2
0022400133,2024-25,3,1,6,0,34.6,MADE_BASKET,33-36,32.2,1,10,4,0,2,1,1,0,109.8,108.5,4
0022400134,2024-25,1,12,6,0,44.4,MADE_BASKET,42-45,34.6,1,-6,1,0,2,1,1,0,113.6,108.5,1
0022400134,2024-25,2,12,6,0,33.3,MADE_BASKET,33-36,13.1,0,-10,0,0,1,1,0,0,113.6,108.5,0
0022400134,2024-25,3,12,6,0,39.6,DREB,39-42,30.7,1,-15,3,0,2,1,1,0,113.6,108.5,3
0022400135,2024-25,1,27,2,1,41.1,DREB,39-42,30.9,1,2,4,0,2,1,1,0,108.9,119.8,4
0022400135,2024-25,2,27,2,1,40.2,DEAD_BALL,39-42,30.4,1,11,0,0,2,1,1,0,108.9,119.8,0
0022400136,2024-25,1,15,29,1,43.4,MADE_BASKET,42-45,20.5,0,-4,0,2,1,1,0,0,116.4,115.7,-2
0022400136,2024-25,2,15,29,1,37.6,DREB,36-39,30.2,1,-4,0,0,1,1,0,0,116.4,115.7,0
0022400137,2024-25,1,27,1,1,44.4,DREB,42-45,30.6,1,-6,6,0,2,1,1,0,108.9,116.8,6
0022400137,2024-25,2,27,1,1,32.8,DREB,30-33,28.8,1,-9,3,0,2,1,1,0,108.9,116.8,3
0022400137,2024-25,3,1,27,0,30.1,DREB,30-33,10.5,0,8,0,3,2,1,1,0,109.8,116.7,-3
0022400138,2024-25,1,8,9,1,30.8,DREB,30-33,13.2,0,-4,3,3,1,1,0,0,111.9,119.1,0
0022400138,2024-25,2,8,9,1,33.8,MADE_BASKET,33-36,9.3,0,-12,2,0,1,1,0,0,111.9,119.1,2
0022400138,2024-25,3,8,9,1,37.7,DREB,36-39,33.8,1,-5,3,2,2,2,1,1,111.9,119.1,1
0022400139,2024-25,1,18,28,1,35.9,MADE_BASKET,33-36,33.1,1,5,5,0,2,1,1,0,111.7,113.4,5
0022400140,2024-25,1,23,10,1,32.6,DREB,30-33,18.7,0,-4,1,2,1,1,0,0,113.4,114.1,-1
0022400140,2024-25,2,23,10,1,44.9,LIVE_TOV,42-45,41.8,1,1,4,0,2,2,1,1,113.4,114.1,4
0022400140,2024-25,3,23,10,1,40.7,MADE_BASKET,39-42,34.3,1,10,0,0,2,2,1,1,113.4,114.1,0
0022400141,2024-25,1,4,7,1,35.9,MADE_BASKET,33-36,29.6,1,-3,0,2,2,1,1,0,121.0,118.9,-2
0022400141,2024-25,2,7,4,0,37.6,DREB,36-39,20.6,0,5,2,2,1,1,0,0,112.3,119.8,0
0022400141,2024-25,3,7,4,0,39.3,DREB,39-42,34.9,1,8,3,1,2,2,1,1,112.3,119.8,2
0022400142,2024-25,2,19,22,0,44.7,DREB,42-45,29.3,1,8,2,3,2,1,1,0,124.0,119.7,-1
0022400142,2024-25,3,22,19,1,39.6,LIVE_TOV,39-42,32.0,1,-11,2,2,2,1,1,0,117.9,110.2,0
0022400143,2024-25,3,10,24,1,31.1,DREB,30-33,16.1,0,-4,0,0,1,1,0,0,123.1,113.3,0
0022400144,2024-25,1,27,4,0,33.5,DEAD_BALL,33-36,15.4,0,1,0,2,1,1,0,0,108.9,119.8,-2
0022400144,2024-25,2,4,27,1,41.2,MADE_BASKET,39-42,36.0,1,-11,2,0,3,2,1,1,121.0,116.7,2
0022400144,2024-25,3,27,4,0,41.4,MADE_BASKET,39-42,28.6,1,10,0,3,1,1,0,0,108.9,119.8,-3
0022400145,2024-25,1,12,23,1,33.8,MADE_BASKET,33-36,17.8,0,-1,0,0,1,1,0,0,113.6,116.0,0
0022400145,2024-25,2,23,12,0,44.8,MADE_BASKET,42-45,39.7,1,-7,2,3,2,2,1,1,113.4,116.7,-1
0022400145,2024-25,3,23,12,0,34.2,DREB,33-36,18.5,0,-2,0,3,1,1,0,0,113.4,116.7,-3
0022400146,2024-25,1,11,3,1,40.4,LIVE_TOV,39-42,34.7,1,-12,3,0,2,1,1,0,117.4,117.7,3
0022400146,2024-25,2,3,11,0,40.6,MADE_BASKET,39-42,22.8,0,9,2,3,1,1,0,0,117.0,124.0,-1
0022400146,2024-25,3,3,11,0,32.3,MADE_BASKET,30-33,22.1,0,7,0,0,1,1,0,0,117.0,124.0,0
0022400147,2024-25,1,27,9,1,34.3,MADE_BASKET,33-36,20.0,0,-11,0,0,1,1,0,0,108.9,119.1,0
0022400147,2024-25,2,9,27,0,41.1,MADE_BASKET,39-42,28.0,1,5,5,1,1,1,0,0,117.4,116.7,4
0022400148,2024-25,1,23,30,1,32.6,LIVE_TOV,30-33,26.6,0,5,5,2,2,2,1,1,113.4,111.9,3
0022400148,2024-25,2,23,30,1,40.6,MADE_BASKET,39-42,24.8,0,11,0,2,1,1,0,0,113.4,111.9,-2
0022400148,2024-25,3,30,23,0,36.9,DEAD_BALL,36-39,32.7,1,-8,0,2,2,2,1,1,112.8,116.0,-2
0022400149,2024-25,1,18,25,0,34.7,DREB,33-36,28.3,1,-3,0,2,2,1,1,0,111.7,112.7,-2
0022400149,2024-25,2,25,18,1,41.9,DREB,39-42,40.1,1,7,0,0,2,1,1,0,115.1,116.6,0
0022400149,2024-25,3,18,25,0,42.6,DREB,42-45,23.2,0,-7,0,0,1,1,0,0,111.7,112.7,0
0022400150,2024-25,1,12,21,0,42.2,MADE_BASKET,42-45,38.1,1,0,3,0,2,1,1,0,113.6,107.5,3
0022400150,2024-25,2,21,12,1,32.4,MADE_BASKET,30-33,15.1,0,-10,2,0,1,1,0,0,121.5,116.7,2
0022400150,2024-25,3,12,21,0,33.8,MADE_BASKET,33-36,22.1,0,11,3,3,2,1,1,0,113.6,107.5,0
0022400151,2024-25,2,26,24,0,36.2,MADE_BASKET,36-39,21.4,0,-8,0,0,1,1,0,0,115.5,113.3,0
0022400151,2024-25,3,24,26,1,38.3,DREB,36-39,30.4,1,0,3,0,2,1,1,0,113.7,119.4,3
0022400152,2024-25,1,5,24,1,34.9,DREB,33-36,30.5,1,-2,2,3,2,1,1,0,110.9,113.3,-1
0022400152,2024-25,2,5,24,1,39.0,MADE_BASKET,39-42,31.4,1,-3,3,0,2,1,1,0,110.9,113.3,3
0022400152,2024-25,3,24,5,0,43.3,LIVE_TOV,42-45,41.1,1,-2,6,3,2,2,1,1,113.7,119.7,3
0022400153,2024-25,1,11,2,0,44.1,DREB,42-45,28.3,1,-3,0,0,2,1,1,0,117.4,119.8,0
0022400153,2024-25,3,2,11,1,42.7,MADE_BASKET,42-45,34.4,1,0,5,2,2,1,1,0,121.3,124.0,3
0022400154,2024-25,1,7,6,1,31.9,MADE_BASKET,30-33,11.1,0,4,0,2,1,1,0,0,112.3,108.5,-2
0022400154,2024-25,2,6,7,0,31.1,MADE_BASKET,30-33,29.5,1,-5,0,2,1,1,0,0,119.4,118.9,-2
0022400154,2024-25,3,7,6,1,38.1,MADE_BASKET,36-39,18.0,0,-1,0,3,2,1,1,0,112.3,108.5,-3
0022400155,2024-25,1,12,2,1,41.9,MADE_BASKET,39-42,36.6,1,13,1,1,2,2,1,1,113.6,119.8,0
0022400155,2024-25,2,2,12,0,42.0,DEAD_BALL,42-45,34.5,1,-8,2,2,2,1,1,0,121.3,116.7,0
0022400155,2024-25,3,2,12,0,43.2,MADE_BASKET,42-45,37.0,1,-4,4,3,3,3,1,1,121.3,116.7,1
0022400156,2024-25,1,16,5,0,36.5,MADE_BASKET,36-39,20.7,0,-9,0,2,1,1,0,0,117.0,119.7,-2
0022400156,2024-25,2,5,16,1,40.1,MADE_BASKET,39-42,28.4,1,13,2,2,2,1,1,0,110.9,116.8,0
0022400157,2024-25,1,15,19,0,37.5,MADE_BASKET,36-39,15.5,0,-13,0,2,1,1,0,0,116.4,110.2,-2
0022400157,2024-25,2,15,19,0,39.3,DREB,39-42,29.0,1,-21,2,2,2,1,1,0,116.4,110.2,0
0022400158,2024-25,1,28,20,1,34.4,MADE_BASKET,33-36,17.7,0,1,2,0,1,1,0,0,117.0,116.1,2
0022400158,2024-25,2,20,28,0,44.7,DREB,42-45,32.4,1,-10,5,2,2,1,1,0,128.5,113.4,3
0022400158,2024-25,3,28,20,1,36.1,LIVE_TOV,36-39,32.8,1,7,4,2,2,1,1,0,117.0,116.1,2
0022400159,2024-25,1,20,4,1,40.4,DREB,39-42,33.9,1,-3,5,2,2,2,1,1,128.5,119.8,3
0022400159,2024-25,2,20,4,1,38.7,DREB,36-39,28.6,1,-1,4,0,2,2,1,1,128.5,119.8,4
0022400159,2024-25,3,20,4,1,30.6,DREB,30-33,16.8,0,9,0,3,1,1,0,0,128.5,119.8,-3
0022400161,2024-25,1,8,14,1,43.3,MADE_BASKET,42-45,33.4,1,0,2,0,2,1,1,0,111.9,116.1,2
0022400161,2024-25,2,8,14,1,42.2,DREB,42-45,29.0,1,-1,2,2,2,1,1,0,111.9,116.1,0
0022400161,2024-25,3,14,8,0,37.3,DREB,36-39,22.5,0,-6,4,0,1,1,0,0,120.3,110.5,4
0022400162,2024-25,1,26,16,1,38.4,DREB,36-39,32.6,1,-5,0,2,2,2,1,1,115.5,116.8,-2
0022400162,2024-25,2,26,16,1,36.3,MADE_BASKET,36-39,31.7,1,-9,5,0,2,1,1,0,115.5,116.8,5
0022400162,2024-25,3,26,16,1,39.1,DREB,39-42,32.4,1,-7,2,0,2,1,1,0,115.5,116.8,2
0022400163,2024-25,1,1,14,1,35.1,DREB,33-36,24.1,0,-6,3,1,2,1,1,0,109.8,116.1,2
0022400163,2024-25,2,14,1,0,43.6,MADE_BASKET,42-45,36.6,1,-2,0,0,2,1,1,0,120.3,116.8,0
0022400163,2024-25,3,14,1,0,32.3,DREB,30-33,21.3,0,8,0,0,1,1,0,0,120.3,116.8,0
0022400164,2024-25,1,18,22,1,32.1,DREB,30-33,19.6,0,-4,0,3,1,1,0,0,111.7,119.7,-3
0022400164,2024-25,3,18,22,1,44.8,MADE_BASKET,42-45,36.4,1,-22,3,3,2,2,1,1,111.7,119.7,0
0022400165,2024-25,1,30,12,1,42.6,DREB,42-45,29.6,1,-3,3,3,1,1,0,0,112.8,116.7,0
0022400165,2024-25,2,30,12,1,39.7,MADE_BASKET,39-42,29.1,1,-8,2,2,2,1,1,0,112.8,116.7,0
0022400165,2024-25,3,30,12,1,30.7,DREB,30-33,22.9,0,-1,0,3,1,1,0,0,112.8,116.7,-3
0022400166,2024-25,1,5,2,0,31.6,DREB,30-33,12.2,0,-3,3,0,1,1,0,0,110.9,119.8,3
0022400166,2024-25,2,5,2,0,42.7,MADE_BASKET,42-45,33.9,1,-3,0,3,2,1,1,0,110.9,119.8,-3
0022400166,2024-25,3,2,5,1,31.4,MADE_BASKET,30-33,10.5,0,11,3,3,2,1,1,0,121.3,119.7,0
0022400167,2024-25,1,1,7,1,39.2,MADE_BASKET,39-42,30.7,1,-5,3,2,2,1,1,0,109.8,118.9,1
0022400167,2024-25,2,7,1,0,37.3,DREB,36-39,30.8,1,10,3,3,2,1,1,0,112.3,116.8,0
0022400167,2024-25,3,1,7,1,33.1,MADE_BASKET,33-36,23.1,0,-8,0,3,1,1,0,0,109.8,118.9,-3
0022400168,2024-25,1,6,3,0,39.3,MADE_BASKET,39-42,36.5,1,-2,0,2,2,2,1,1,119.4,117.7,-2
0022400168,2024-25,2,3,6,1,31.5,DREB,30-33,12.8,0,12,3,0,1,1,0,0,117.0,108.5,3
0022400168,2024-25,3,3,6,1,41.7,DREB,39-42,30.1,1,15,2,2,2,1,1,0,117.0,108.5,0
0022400169,2024-25,1,8,5,1,30.7,MADE_BASKET,30-33,9.0,0,0,0,0,1,1,0,0,111.9,119.7,0
0022400169,2024-25,2,8,5,1,39.4,DEAD_BALL,39-42,22.4,0,3,0,2,1,1,0,0,111.9,119.7,-2
0022400169,2024-25,3,5,8,0,43.5,MADE_BASKET,42-45,31.0,1,-5,0,0,2,1,1,0,110.9,110.5,0
0022400170,2024-25,1,9,1,0,37.7,DREB,36-39,23.3,0,-1,2,0,1,1,0,0,117.4,116.8,2
0022400170,2024-25,2,9,1,0,42.6,DREB,42-45,30.8,1,-1,0,1,2,1,1,0,117.4,116.8,-1
0022400170,2024-25,3,1,9,1,39.0,DREB,39-42,30.9,1,4,4,2,2,1,1,0,109.8,119.1,2
0022400171,2024-25,2,12,11,1,34.8,DREB,33-36,21.0,0,-1,0,0,2,1,1,0,113.6,124.0,0
0022400171,2024-25,3,12,11,1,30.9,MADE_BASKET,30-33,8.3,0,6,3,0,1,0,0,0,113.6,124.0,3
0022400172,2024-25,1,22,8,0,38.2,MADE_BASKET,36-39,29.1,1,-8,3,0,2,1,1,0,117.9,110.5,3
0022400172,2024-25,2,22,8,0,44.8,DREB,42-45,34.0,1,-4,0,0,2,1,1,0,117.9,110.5,0
0022400172,2024-25,3,22,8,0,37.6,MADE_BASKET,36-39,33.9,1,-6,2,2,2,2,1,1,117.9,110.5,0
0022400173,2024-25,2,17,13,0,41.3,LIVE_TOV,39-42,32.5,1,-10,0,2,2,1,1,0,125.5,108.4,-2
0022400173,2024-25,3,13,17,1,34.9,DREB,33-36,23.8,0,15,0,0,1,1,0,0,110.5,116.3,0
0022400174,2024-25,1,8,11,0,42.3,LIVE_TOV,42-45,37.3,1,1,2,2,2,2,1,1,111.9,124.0,0
0022400174,2024-25,2,11,8,1,34.2,MADE_BASKET,33-36,12.6,0,-9,0,2,1,1,0,0,117.4,110.5,-2
0022400174,2024-25,3,11,8,1,43.4,MADE_BASKET,42-45,29.3,1,-13,0,1,1,1,0,0,117.4,110.5,-1
0022400175,2024-25,1,30,8,1,36.9,MADE_BASKET,36-39,20.4,0,-8,0,2,1,1,0,0,112.8,110.5,-2
0022400175,2024-25,2,30,8,1,41.1,DREB,39-42,30.1,1,-15,1,0,2,1,1,0,112.8,110.5,1
0022400176,2024-25,1,12,3,0,35.9,DEAD_BALL,33-36,17.8,0,-1,0,0,1,1,0,0,113.6,117.7,0
0022400176,2024-25,2,3,12,1,36.0,DREB,36-39,25.2,0,10,2,2,2,1,1,0,117.0,116.7,0
0022400176,2024-25,3,12,3,0,39.6,MADE_BASKET,39-42,32.1,1,-15,0,0,1,1,0,0,113.6,117.7,0
0022400177,2024-25,1,5,25,0,44.6,LIVE_TOV,42-45,29.1,1,-12,2,0,2,1,1,0,110.9,112.7,2
0022400177,2024-25,2,25,5,1,45.0,MADE_BASKET,42-45,34.4,1,10,2,0,2,2,1,1,115.1,119.7,2
0022400177,2024-25,3,5,25,0,40.9,MADE_BASKET,39-42,31.7,1,-14,0,0,2,1,1,0,110.9,112.7,0
0022400178,2024-25,1,5,3,0,34.6,MADE_BASKET,33-36,30.7,1,0,0,0,2,1,1,0,110.9,117.7,0
0022400178,2024-25,2,3,5,1,36.8,DEAD_BALL,36-39,21.0,0,-15,2,2,1,1,0,0,117.0,119.7,0
0022400179,2024-25,1,16,1,0,34.5,MADE_BASKET,33-36,16.4,0,3,0,2,2,1,1,0,117.0,116.8,-2
0022400179,2024-25,2,1,16,1,41.1,DREB,39-42,29.9,1,0,0,2,2,2,1,1,109.8,116.8,-2
0022400179,2024-25,3,16,1,0,44.9,MADE_BASKET,42-45,36.9,1,-1,3,2,2,2,1,1,117.0,116.8,1
0022400180,2024-25,1,11,27,1,38.7,DREB,36-39,28.9,1,-6,0,0,2,1,1,0,117.4,116.7,0
0022400180,2024-25,2,11,27,1,41.0,DEAD_BALL,39-42,32.6,1,-1,2,0,2,1,1,0,117.4,116.7,2
0022400180,2024-25,3,11,27,1,42.6,MADE_BASKET,42-45,32.3,1,0,2,2,2,1,1,0,117.4,116.7,0
0022400181,2024-25,2,12,8,1,35.9,LIVE_TOV,33-36,33.5,1,7,2,3,1,1,0,0,113.6,110.5,-1
0022400182,2024-25,2,14,2,0,37.9,MADE_BASKET,36-39,30.5,1,15,4,1,2,1,1,0,120.3,119.8,3
0022400182,2024-25,3,2,14,1,36.3,MADE_BASKET,36-39,29.5,1,-25,2,0,2,1,1,0,121.3,116.1,2
0022400183,2024-25,1,24,29,1,31.9,DREB,30-33,15.1,0,11,1,0,1,0,0,0,113.7,115.7,1
0022400183,2024-25,2,29,24,0,32.0,LIVE_TOV,30-33,23.0,0,-10,0,0,1,1,0,0,121.1,113.3,0
0022400183,2024-25,3,24,29,1,39.8,DREB,39-42,22.3,0,6,0,2,1,1,0,0,113.7,115.7,-2
0022400184,2024-25,1,6,17,0,35.5,MADE_BASKET,33-36,20.4,0,-8,0,0,1,1,0,0,119.4,116.3,0
0022400184,2024-25,2,6,17,0,40.9,LIVE_TOV,39-42,29.6,1,-12,0,2,2,1,1,0,119.4,116.3,-2
0022400184,2024-25,3,17,6,1,38.5,MADE_BASKET,36-39,28.6,1,1,3,3,2,1,1,0,125.5,108.5,0
0022400185,2024-25,1,2,4,1,40.1,MADE_BASKET,39-42,34.3,1,-1,2,4,2,2,1,1,121.3,119.8,-2
0022400185,2024-25,2,2,4,1,44.7,DREB,42-45,37.9,1,7,3,3,2,1,1,0,121.3,119.8,0
0022400185,2024-25,3,2,4,1,30.0,DEAD_BALL,30-33,13.4,0,1,0,2,2,1,1,0,121.3,119.8,-2
0022400186,2024-25,1,10,2,1,33.8,MADE_BASKET,33-36,21.0,0,6,2,3,1,1,0,0,123.1,119.8,-1
0022400186,2024-25,2,10,2,1,35.1,MADE_BASKET,33-36,18.1,0,1,0,0,2,1,1,0,123.1,119.8,0
0022400187,2024-25,1,8,22,1,31.6,DEAD_BALL,30-33,20.8,0,-2,3,0,1,1,0,0,111.9,119.7,3
0022400187,2024-25,2,22,8,0,34.9,MADE_BASKET,33-36,21.3,0,-9,2,0,1,1,0,0,117.9,110.5,2
0022400187,2024-25,3,22,8,0,35.5,MADE_BASKET,33-36,19.7,0,-1,0,0,1,1,0,0,117.9,110.5,0
0022400188,2024-25,2,8,13,0,38.5,MADE_BASKET,36-39,32.2,1,-5,0,3,1,1,0,0,111.9,108.4,-3
0022400188,2024-25,3,13,8,1,42.0,DEAD_BALL,42-45,32.1,1,0,2,2,2,1,1,0,110.5,110.5,0
0022400189,2024-25,1,8,28,1,31.5,DREB,30-33,18.7,0,8,2,0,2,1,1,0,111.9,113.4,2
0022400189,2024-25,3,28,8,0,36.8,MADE_BASKET,36-39,21.3,0,-10,0,2,1,1,0,0,117.0,110.5,-2
0022400190,2024-25,1,25,5,0,37.2,MADE_BASKET,36-39,31.9,1,-2,0,2,2,1,1,0,115.1,119.7,-2
0022400190,2024-25,2,25,5,0,32.6,DEAD_BALL,30-33,15.6,0,-4,0,2,1,1,0,0,115.1,119.7,-2
0022400190,2024-25,3,5,25,1,43.2,DREB,42-45,29.0,1,12,3,2,2,1,1,0,110.9,112.7,1
0022400191,2024-25,1,5,10,0,37.2,DREB,36-39,31.5,1,1,5,0,2,2,1,1,110.9,114.1,5
0022400191,2024-25,2,10,5,1,32.7,DREB,30-33,13.3,0,-6,2,0,1,1,0,0,123.1,119.7,2
0022400191,2024-25,3,10,5,1,39.1,MADE_BASKET,39-42,32.9,1,-6,2,5,2,2,1,1,123.1,119.7,-3
0022400192,2024-25,1,29,2,1,32.6,MADE_BASKET,30-33,7.3,0,-12,0,2,1,1,0,0,121.1,119.8,-2
0022400192,2024-25,2,29,2,1,30.2,DREB,30-33,8.4,0,-9,2,0,1,1,0,0,121.1,119.8,2
0022400192,2024-25,3,2,29,0,32.2,DREB,30-33,14.4,0,9,1,3,1,1,0,0,121.3,115.7,-2
0022400193,2024-25,1,30,24,1,39.0,DEAD_BALL,39-42,29.2,1,8,0,0,2,1,1,0,112.8,113.3,0
0022400193,2024-25,3,24,30,0,44.3,MADE_BASKET,42-45,29.1,1,-10,2,2,2,1,1,0,113.7,111.9,0
0022400194,2024-25,1,16,10,1,38.7,DREB,36-39,35.0,1,1,0,0,2,2,1,1,117.0,114.1,0
0022400194,2024-25,2,10,16,0,44.8,MADE_BASKET,42-45,26.9,0,0,0,3,2,1,1,0,123.1,116.8,-3
0022400194,2024-25,3,10,16,0,43.1,MADE_BASKET,42-45,38.5,1,-1,3,0,2,1,1,0,123.1,116.8,3
0022400195,2024-25,1,14,9,0,31.2,MADE_BASKET,30-33,9.7,0,-8,0,0,1,1,0,0,120.3,119.1,0
0022400195,2024-25,2,14,9,0,35.2,MADE_BASKET,33-36,31.5,1,-10,2,2,2,1,1,0,120.3,119.1,0
0022400195,2024-25,3,14,9,0,32.3,MADE_BASKET,30-33,15.1,0,-6,2,2,2,1,1,0,120.3,119.1,0
0022400196,2024-25,1,23,26,0,36.8,MADE_BASKET,36-39,13.1,0,-6,2,2,1,1,0,0,113.4,119.4,0
0022400196,2024-25,2,23,26,0,38.5,LIVE_TOV,36-39,33.8,1,-9,2,0,2,1,1,0,113.4,119.4,2
0022400196,2024-25,3,26,23,1,36.0,MADE_BASKET,36-39,34.0,1,6,1,0,2,1,1,0,115.5,116.0,1
0022400197,2024-25,2,27,8,1,41.8,DREB,39-42,37.8,1,-15,2,0,2,1,1,0,108.9,110.5,2
0022400197,2024-25,3,27,8,1,44.3,MADE_BASKET,42-45,33.5,1,-14,0,0,2,1,1,0,108.9,110.5,0
0022400198,2024-25,1,4,29,1,44.1,LIVE_TOV,42-45,33.6,1,-8,2,0,2,1,1,0,121.0,115.7,2
0022400198,2024-25,2,29,4,0,34.1,MADE_BASKET,33-36,25.2,0,9,2,0,2,1,1,0,121.1,119.8,2
0022400198,2024-25,3,29,4,0,41.0,MADE_BASKET,39-42,32.1,1,10,2,2,2,1,1,0,121.1,119.8,0
0022400199,2024-25,1,27,18,1,33.8,DREB,33-36,20.0,0,-4,0,0,1,1,0,0,108.9,116.6,0
0022400199,2024-25,2,18,27,0,37.7,MADE_BASKET,36-39,12.8,0,-5,2,0,2,1,1,0,111.7,116.7,2
0022400199,2024-25,3,18,27,0,38.1,MADE_BASKET,36-39,28.7,1,-16,4,0,2,1,1,0,111.7,116.7,4
0022400200,2024-25,1,2,30,1,33.8,LIVE_TOV,33-36,30.6,1,-1,4,0,2,1,1,0,121.3,111.9,4
0022400200,2024-25,2,2,30,1,41.1,LIVE_TOV,39-42,28.0,1,14,3,0,2,1,1,0,121.3,111.9,3
0022400200,2024-25,3,30,2,0,42.1,MADE_BASKET,42-45,33.5,1,-20,4,2,2,2,1,1,112.8,119.8,2
0022400201,2024-25,1,30,21,1,38.8,MADE_BASKET,36-39,23.5,0,2,0,3,1,1,0,0,112.8,107.5,-3
0022400201,2024-25,2,21,30,0,34.7,MADE_BASKET,33-36,17.7,0,5,2,2,2,1,1,0,121.5,111.9,0
0022400201,2024-25,3,21,30,0,37.1,MADE_BASKET,36-39,25.2,0,7,0,0,1,1,0,0,121.5,111.9,0
0022400202,2024-25,1,15,6,0,33.0,DREB,33-36,17.1,0,-3,2,2,1,1,0,0,116.4,108.5,0
0022400202,2024-25,3,15,6,0,39.1,MADE_BASKET,39-42,28.3,1,-7,2,0,2,1,1,0,116.4,108.5,2
0022400203,2024-25,2,6,14,1,34.9,MADE_BASKET,33-36,17.7,0,-3,2,0,1,1,0,0,119.4,116.1,2
0022400203,2024-25,3,6,14,1,43.3,MADE_BASKET,42-45,28.8,1,-6,0,0,1,1,0,0,119.4,116.1,0
0022400204,2024-25,1,8,23,1,41.9,MADE_BASKET,39-42,30.7,1,0,0,0,2,1,1,0,111.9,116.0,0
0022400204,2024-25,2,23,8,0,42.8,DREB,42-45,34.2,1,-5,3,0,2,2,1,1,113.4,110.5,3
0022400204,2024-25,3,8,23,1,31.4,MADE_BASKET,30-33,15.1,0,-1,0,0,1,1,0,0,111.9,116.0,0
0022400205,2024-25,1,11,2,1,31.3,MADE_BASKET,30-33,18.3,0,0,2,0,1,1,0,0,117.4,119.8,2
0022400205,2024-25,2,2,11,0,41.2,MADE_BASKET,39-42,31.1,1,-11,2,0,2,1,1,0,121.3,124.0,2
0022400205,2024-25,3,2,11,0,37.8,MADE_BASKET,36-39,19.9,0,-16,2,0,1,1,0,0,121.3,124.0,2
0022400206,2024-25,1,15,17,1,45.0,MADE_BASKET,42-45,29.2,1,2,3,0,2,2,1,1,116.4,116.3,3
0022400206,2024-25,2,15,17,1,38.5,MADE_BASKET,36-39,27.0,0,-6,2,2,1,1,0,0,116.4,116.3,0
0022400206,2024-25,3,15,17,1,40.2,DREB,39-42,38.1,1,-12,1,0,2,1,1,0,116.4,116.3,1
0022400207,2024-25,1,7,5,0,41.8,LIVE_TOV,39-42,33.4,1,12,2,1,2,1,1,0,112.3,119.7,1
0022400207,2024-25,2,5,7,1,36.6,DREB,36-39,33.8,1,-13,0,2,2,2,1,1,110.9,118.9,-2
0022400207,2024-25,3,7,5,0,39.7,DEAD_BALL,39-42,37.8,1,9,2,0,2,2,1,1,112.3,119.7,2
0022400208,2024-25,1,29,28,1,35.4,MADE_BASKET,33-36,26.5,0,-2,0,3,2,1,1,0,121.1,113.4,-3
0022400208,2024-25,2,29,28,1,44.5,MADE_BASKET,42-45,32.8,1,0,0,3,2,2,1,1,121.1,113.4,-3
0022400208,2024-25,3,29,28,1,42.9,DREB,42-45,32.5,1,-3,5,2,2,2,1,1,121.1,113.4,3
0022400209,2024-25,1,1,26,0,43.8,MADE_BASKET,42-45,27.5,0,-10,4,4,2,1,1,0,109.8,119.4,0
0022400209,2024-25,2,1,26,0,40.1,DREB,39-42,27.0,0,-9,2,0,2,2,1,1,109.8,119.4,2
0022400209,2024-25,3,1,26,0,37.7,MADE_BASKET,36-39,23.3,0,-2,2,2,1,1,0,0,109.8,119.4,0
0022400210,2024-25,1,24,12,1,35.0,MADE_BASKET,33-36,28.6,1,-1,0,0,2,1,1,0,113.7,116.7,0
0022400210,2024-25,2,24,12,1,39.4,MADE_BASKET,39-42,31.9,1,-7,0,2,1,1,0,0,113.7,116.7,-2
0022400210,2024-25,3,12,24,0,34.7,DREB,33-36,30.0,1,8,2,2,2,1,1,0,113.6,113.3,0
0022400211,2024-25,1,4,17,1,40.8,MADE_BASKET,39-42,31.6,1,10,3,2,2,2,1,1,121.0,116.3,1
0022400211,2024-25,2,17,4,0,33.6,MADE_BASKET,33-36,9.0,0,-13,2,2,2,1,1,0,125.5,119.8,0
0022400211,2024-25,3,17,4,0,38.9,DEAD_BALL,36-39,17.0,0,-4,3,2,1,1,0,0,125.5,119.8,1
0022400212,2024-25,1,5,9,0,30.4,MADE_BASKET,30-33,8.9,0,-5,0,2,1,1,0,0,110.9,119.1,-2
0022400212,2024-25,2,5,9,0,42.6,MADE_BASKET,42-45,32.6,1,-6,2,2,2,1,1,0,110.9,119.1,0
0022400212,2024-25,3,5,9,0,32.6,DREB,30-33,29.1,1,-8,5,2,1,1,0,0,110.9,119.1,3
0022400213,2024-25,1,26,29,1,32.8,LIVE_TOV,30-33,30.5,1,-5,0,2,2,1,1,0,115.5,115.7,-2
0022400213,2024-25,2,26,29,1,41.3,DEAD_BALL,39-42,39.7,1,6,5,0,2,1,1,0,115.5,115.7,5
0022400213,2024-25,3,29,26,0,31.6,DREB,30-33,16.2,0,-15,2,3,1,1,0,0,121.1,119.4,-1
0022400214,2024-25,2,19,18,0,39.4,MADE_BASKET,39-42,31.4,1,13,3,1,2,1,1,0,124.0,116.6,2
0022400214,2024-25,3,19,18,0,36.2,DREB,36-39,31.0,1,13,2,0,2,1,1,0,124.0,116.6,2
0022400215,2024-25,1,15,5,0,36.3,DREB,36-39,21.5,0,-2,0,0,1,1,0,0,116.4,119.7,0
0022400215,2024-25,2,5,15,1,30.1,DREB,30-33,9.4,0,-3,2,0,1,1,0,0,110.9,111.0,2
0022400215,2024-25,3,15,5,0,43.2,DREB,42-45,30.6,1,-4,2,0,2,2,1,1,116.4,119.7,2
0022400216,2024-25,1,24,26,1,42.6,DREB,42-45,33.6,1,1,2,0,2,2,1,1,113.7,119.4,2
0022400216,2024-25,2,24,26,1,30.7,MADE_BASKET,30-33,11.4,0,4,3,3,2,1,1,0,113.7,119.4,0
0022400216,2024-25,3,24,26,1,36.8,MADE_BASKET,36-39,30.6,1,8,2,2,2,1,1,0,113.7,119.4,0
0022400217,2024-25,1,25,23,0,39.3,MADE_BASKET,39-42,29.5,1,4,5,2,2,1,1,0,115.1,116.0,3
0022400217,2024-25,2,23,25,1,30.8,DREB,30-33,9.9,0,-6,0,2,1,1,0,0,113.4,112.7,-2
0022400218,2024-25,3,1,14,0,39.7,LIVE_TOV,39-42,34.0,1,5,3,2,2,2,1,1,109.8,116.1,1
0022400219,2024-25,1,12,10,0,37.1,LIVE_TOV,36-39,34.0,1,1,3,0,2,1,1,0,113.6,114.1,3
0022400219,2024-25,2,10,12,1,45.0,DREB,42-45,30.0,1,-6,5,2,2,1,1,0,123.1,116.7,3
0022400219,2024-25,3,12,10,0,34.2,DREB,33-36,26.2,0,9,0,2,1,1,0,0,113.6,114.1,-2
0022400220,2024-25,2,9,28,1,37.7,MADE_BASKET,36-39,24.0,0,-17,3,0,1,1,0,0,117.4,113.4,3
0022400220,2024-25,3,9,28,1,36.8,MADE_BASKET,36-39,22.2,0,-23,0,0,1,1,0,0,117.4,113.4,0
0022400221,2024-25,2,8,29,1,33.3,DREB,33-36,16.2,0,-2,3,0,1,1,0,0,111.9,115.7,3
0022400221,2024-25,3,8,29,1,33.4,DREB,33-36,16.8,0,6,0,2,1,1,0,0,111.9,115.7,-2
0022400222,2024-25,1,15,21,0,40.5,DREB,39-42,33.8,1,-1,3,3,2,1,1,0,116.4,107.5,0
0022400222,2024-25,2,21,15,1,32.2,DEAD_BALL,30-33,17.8,0,-2,0,0,1,1,0,0,121.5,111.0,0
0022400222,2024-25,3,15,21,0,34.1,LIVE_TOV,33-36,30.6,1,5,3,2,2,1,1,0,116.4,107.5,1
0022400223,2024-25,1,2,21,1,34.0,DREB,33-36,31.9,1,11,0,2,2,1,1,0,121.3,107.5,-2
0022400223,2024-25,3,21,2,0,38.0,MADE_BASKET,36-39,28.6,1,-29,4,0,2,1,1,0,121.5,119.8,4
0022400224,2024-25,1,16,10,0,34.9,DREB,33-36,30.5,1,-2,0,2,2,1,1,0,117.0,114.1,-2
0022400224,2024-25,2,10,16,1,35.0,LIVE_TOV,33-36,20.2,0,-9,0,0,1,1,0,0,123.1,116.8,0
0022400225,2024-25,1,6,1,1,40.2,DREB,39-42,23.3,0,-4,2,0,1,1,0,0,119.4,116.8,2
0022400225,2024-25,2,6,1,1,41.0,DREB,39-42,23.4,0,-6,5,2,2,1,1,0,119.4,116.8,3
0022400225,2024-25,3,6,1,1,44.2,MADE_BASKET,42-45,28.7,1,-14,2,2,1,1,0,0,119.4,116.8,0
0022400226,2024-25,1,6,24,1,33.9,MADE_BASKET,33-36,18.8,0,-5,2,0,1,1,0,0,119.4,113.3,2
0022400226,2024-25,2,6,24,1,33.7,LIVE_TOV,33-36,22.8,0,3,2,2,1,1,0,0,119.4,113.3,0
0022400226,2024-25,3,24,6,0,41.2,DREB,39-42,29.9,1,1,2,0,2,1,1,0,113.7,108.5,2
0022400227,2024-25,1,13,22,1,44.1,DREB,42-45,28.3,1,9,3,2,2,1,1,0,110.5,119.7,1
0022400227,2024-25,2,22,13,0,32.9,MADE_BASKET,30-33,29.5,1,-9,2,0,2,1,1,0,117.9,108.4,2
0022400227,2024-25,3,22,13,0,39.5,MADE_BASKET,39-42,36.5,1,1,2,0,2,1,1,0,117.9,108.4,2
0022400228,2024-25,1,10,28,1,42.6,DREB,42-45,39.0,1,0,2,3,2,2,1,1,123.1,113.4,-1
0022400228,2024-25,2,10,28,1,39.6,DEAD_BALL,39-42,24.1,0,-3,0,2,2,1,1,0,123.1,113.4,-2
0022400228,2024-25,3,28,10,0,36.9,DREB,36-39,30.9,1,4,0,0,2,1,1,0,117.0,114.1,0
0022400229,2024-25,1,13,10,1,41.9,MADE_BASKET,39-42,24.8,0,-3,0,0,1,1,0,0,110.5,114.1,0
0022400229,2024-25,2,13,10,1,36.8,MADE_BASKET,36-39,22.8,0,-12,0,0,1,1,0,0,110.5,114.1,0
0022400229,2024-25,3,10,13,0,42.4,DREB,42-45,29.2,1,18,0,0,1,1,0,0,123.1,108.4,0
0022400230,2024-25,1,29,11,1,38.5,MADE_BASKET,36-39,31.1,1,7,3,0,1,1,0,0,121.1,124.0,3
0022400230,2024-25,2,29,11,1,44.2,MADE_BASKET,42-45,34.8,1,10,0,6,2,2,1,1,121.1,124.0,-6
0022400230,2024-25,3,11,29,0,34.5,DREB,33-36,26.2,0,3,5,2,2,1,1,0,117.4,115.7,3
0022400231,2024-25,1,20,6,0,39.2,MADE_BASKET,39-42,29.4,1,-2,2,5,2,1,1,0,128.5,108.5,-3
0022400231,2024-25,2,6,20,1,42.1,MADE_BASKET,42-45,33.8,1,5,4,0,2,1,1,0,119.4,116.1,4
0022400231,2024-25,3,6,20,1,41.8,DREB,39-42,35.1,1,18,6,0,2,1,1,0,119.4,116.1,6
0022400232,2024-25,1,28,7,0,37.1,MADE_BASKET,36-39,28.3,1,0,3,3,2,1,1,0,117.0,118.9,0
0022400232,2024-25,2,7,28,1,34.1,MADE_BASKET,33-36,9.0,0,-4,2,0,1,1,0,0,112.3,113.4,2
0022400232,2024-25,3,7,28,1,40.6,MADE_BASKET,39-42,20.4,0,-4,0,2,1,1,0,0,112.3,113.4,-2
0022400233,2024-25,1,18,14,1,39.3,MADE_BASKET,39-42,36.1,1,2,2,0,2,2,1,1,111.7,116.1,2
0022400233,2024-25,2,18,14,1,35.5,MADE_BASKET,33-36,18.4,0,-1,3,0,1,1,0,0,111.7,116.1,3
0022400233,2024-25,3,14,18,0,37.2,DEAD_BALL,36-39,30.8,1,8,2,2,2,1,1,0,120.3,116.6,0
0022400234,2024-25,1,10,8,0,39.3,DREB,39-42,28.5,1,17,0,0,2,1,1,0,123.1,110.5,0
0022400234,2024-25,2,10,8,0,43.2,MADE_BASKET,42-45,33.3,1,20,0,2,1,1,0,0,123.1,110.5,-2
0022400234,2024-25,3,10,8,0,36.0,MADE_BASKET,36-39,23.0,0,19,3,0,1,1,0,0,123.1,110.5,3
0022400235,2024-25,1,26,19,0,31.0,DEAD_BALL,30-33,29.0,1,-5,2,2,1,1,0,0,115.5,110.2,0
0022400235,2024-25,2,26,19,0,33.9,MADE_BASKET,33-36,17.0,0,-7,0,0,1,1,0,0,115.5,110.2,0
0022400235,2024-25,3,26,19,0,34.4,MADE_BASKET,33-36,21.0,0,-6,4,0,1,1,0,0,115.5,110.2,4
0022400236,2024-25,2,16,6,1,39.1,MADE_BASKET,39-42,24.0,0,11,2,0,1,1,0,0,117.0,108.5,2
0022400236,2024-25,3,16,6,1,38.6,MADE_BASKET,36-39,21.0,0,8,0,0,1,1,0,0,117.0,108.5,0
0022400237,2024-25,1,12,10,1,36.5,DREB,36-39,15.2,0,-7,0,0,1,1,0,0,113.6,114.1,0
0022400237,2024-25,2,12,10,1,35.1,MADE_BASKET,33-36,13.0,0,-13,0,2,1,1,0,0,113.6,114.1,-2
0022400237,2024-25,3,10,12,0,37.1,MADE_BASKET,36-39,30.5,1,10,1,2,2,1,1,0,123.1,116.7,-1
0022400238,2024-25,1,12,19,0,40.7,MADE_BASKET,39-42,37.2,1,8,2,0,2,1,1,0,113.6,110.2,2
0022400238,2024-25,2,12,19,0,43.3,DREB,42-45,30.2,1,10,2,2,2,1,1,0,113.6,110.2,0
0022400238,2024-25,3,12,19,0,40.3,MADE_BASKET,39-42,31.5,1,7,2,0,2,2,1,1,113.6,110.2,2
0022400239,2024-25,1,1,30,0,43.3,DREB,42-45,32.5,1,2,1,0,2,1,1,0,109.8,111.9,1
0022400239,2024-25,2,30,1,1,32.4,MADE_BASKET,30-33,20.8,0,-7,0,2,1,1,0,0,112.8,116.8,-2
0022400239,2024-25,3,1,30,0,36.6,MADE_BASKET,36-39,31.2,1,16,2,2,2,2,1,1,109.8,111.9,0
0022400240,2024-25,1,6,28,1,44.0,MADE_BASKET,42-45,31.3,1,1,4,0,2,1,1,0,119.4,113.4,4
0022400240,2024-25,2,6,28,1,36.3,MADE_BASKET,36-39,22.8,0,1,2,0,1,1,0,0,119.4,113.4,2
0022400241,2024-25,1,2,27,1,38.2,DREB,36-39,23.7,0,-2,4,2,2,1,1,0,121.3,116.7,2
0022400241,2024-25,3,27,2,0,31.0,MADE_BASKET,30-33,28.8,1,-2,3,2,1,1,0,0,108.9,119.8,1
0022400242,2024-25,1,3,4,0,40.9,DREB,39-42,34.4,1,-10,2,0,2,1,1,0,117.0,119.8,2
0022400242,2024-25,3,4,3,1,41.4,DREB,39-42,33.9,1,14,1,0,2,2,1,1,121.0,117.7,1
0022400243,2024-25,2,2,26,1,39.6,MADE_BASKET,39-42,27.0,0,0,4,5,2,2,1,1,121.3,119.4,-1
0022400244,2024-25,1,7,9,0,30.7,MADE_BASKET,30-33,18.5,0,1,3,0,1,1,0,0,112.3,119.1,3
0022400244,2024-25,2,9,7,1,35.1,MADE_BASKET,33-36,29.7,1,1,2,3,1,1,0,0,117.4,118.9,-1
0022400244,2024-25,3,7,9,0,34.0,LIVE_TOV,33-36,27.8,0,2,0,2,2,1,1,0,112.3,119.1,-2
0022400245,2024-25,2,23,14,0,42.6,DREB,42-45,29.1,1,-7,0,0,2,1,1,0,113.4,116.1,0
0022400245,2024-25,3,23,14,0,36.9,MADE_BASKET,36-39,16.7,0,-13,2,0,1,1,0,0,113.4,116.1,2
0022400246,2024-25,2,3,13,0,39.0,DREB,39-42,25.8,0,-11,4,2,2,2,1,1,117.0,108.4,2
0022400246,2024-25,3,13,3,1,43.1,LIVE_TOV,42-45,39.2,1,9,0,3,2,2,1,1,110.5,117.7,-3
0022400247,2024-25,1,9,6,0,37.6,MADE_BASKET,36-39,16.2,0,-1,3,0,1,1,0,0,117.4,108.5,3
0022400247,2024-25,2,9,6,0,41.9,DREB,39-42,34.5,1,-1,3,4,2,2,1,1,117.4,108.5,-1
0022400247,2024-25,3,6,9,1,36.1,MADE_BASKET,36-39,23.3,0,6,0,2,1,1,0,0,119.4,119.1,-2
0022400248,2024-25,2,10,2,0,36.3,MADE_BASKET,36-39,29.7,1,-1,0,0,2,1,1,0,123.1,119.8,0
0022400248,2024-25,3,10,2,0,44.1,DREB,42-45,31.2,1,11,6,0,2,1,1,0,123.1,119.8,6
0022400249,2024-25,1,9,11,0,39.3,MADE_BASKET,39-42,33.9,1,0,0,0,2,1,1,0,117.4,124.0,0
0022400249,2024-25,2,11,9,1,35.0,MADE_BASKET,33-36,18.7,0,-4,0,0,1,1,0,0,117.4,119.1,0
0022400249,2024-25,3,11,9,1,34.9,MADE_BASKET,33-36,19.0,0,-3,0,3,2,1,1,0,117.4,119.1,-3
0022400250,2024-25,2,2,9,0,36.0,DREB,36-39,20.8,0,0,0,2,1,1,0,0,121.3,119.1,-2
0022400250,2024-25,3,9,2,1,35.9,DEAD_BALL,33-36,28.4,1,5,3,0,2,1,1,0,117.4,119.8,3
0022400251,2024-25,1,28,27,0,31.2,MADE_BASKET,30-33,7.2,0,6,0,0,1,1,0,0,117.0,116.7,0
0022400251,2024-25,2,27,28,1,35.7,DREB,33-36,20.9,0,1,3,2,1,1,0,0,108.9,113.4,1
0022400251,2024-25,3,27,28,1,41.5,DREB,39-42,28.4,1,1,2,1,2,1,1,0,108.9,113.4,1
0022400252,2024-25,1,23,28,0,36.8,MADE_BASKET,36-39,14.3,0,4,2,3,2,1,1,0,113.4,113.4,-1
0022400252,2024-25,2,28,23,1,39.6,MADE_BASKET,39-42,32.3,1,-11,0,0,2,2,1,1,117.0,116.0,0
0022400252,2024-25,3,23,28,0,35.3,DREB,33-36,25.6,0,14,2,0,1,1,0,0,113.4,113.4,2
0022400253,2024-25,1,3,21,0,40.9,DREB,39-42,26.6,0,6,4,0,2,1,1,0,117.0,107.5,4
0022400253,2024-25,3,3,21,0,44.8,MADE_BASKET,42-45,23.5,0,14,2,0,1,1,0,0,117.0,107.5,2
0022400254,2024-25,1,26,2,0,31.9,DREB,30-33,15.7,0,0,1,0,1,1,0,0,115.5,119.8,1
0022400254,2024-25,2,26,2,0,31.1,MADE_BASKET,30-33,14.2,0,-7,0,2,2,1,1,0,115.5,119.8,-2
0022400254,2024-25,3,2,26,1,44.4,MADE_BASKET,42-45,31.3,1,1,6,0,2,1,1,0,121.3,119.4,6
0022400255,2024-25,1,22,17,1,34.5,MADE_BASKET,33-36,11.7,0,8,2,0,1,1,0,0,117.9,116.3,2
0022400255,2024-25,2,22,17,1,41.2,DREB,39-42,29.4,1,19,2,0,2,1,1,0,117.9,116.3,2
0022400256,2024-25,1,29,17,0,39.1,MADE_BASKET,39-42,19.2,0,9,0,1,1,1,0,0,121.1,116.3,-1
0022400256,2024-25,2,29,17,0,33.1,MADE_BASKET,33-36,11.2,0,19,0,0,1,1,0,0,121.1,116.3,0
0022400256,2024-25,3,29,17,0,33.3,MADE_BASKET,33-36,19.5,0,12,3,2,2,1,1,0,121.1,116.3,1
0022400257,2024-25,1,24,3,1,39.7,LIVE_TOV,39-42,32.2,1,-3,5,2,2,1,1,0,113.7,117.7,3
0022400257,2024-25,2,3,24,0,32.1,MADE_BASKET,30-33,8.5,0,10,0,0,1,1,0,0,117.0,113.3,0
0022400257,2024-25,3,24,3,1,30.3,MADE_BASKET,30-33,16.6,0,-13,2,0,1,1,0,0,113.7,117.7,2
0022400258,2024-25,1,4,21,0,35.3,DREB,33-36,32.2,1,6,0,2,2,1,1,0,121.0,107.5,-2
0022400258,2024-25,2,4,21,0,44.7,MADE_BASKET,42-45,38.2,1,-10,0,3,2,2,1,1,121.0,107.5,-3
0022400258,2024-25,3,21,4,1,43.4,MADE_BASKET,42-45,38.2,1,15,0,3,2,2,1,1,121.5,119.8,-3
0022400259,2024-25,1,24,1,1,43.3,MADE_BASKET,42-45,39.6,1,0,5,0,2,2,1,1,113.7,116.8,5
0022400259,2024-25,2,24,1,1,42.3,DREB,42-45,29.7,1,4,2,0,2,1,1,0,113.7,116.8,2
0022400259,2024-25,3,1,24,0,36.7,DREB,36-39,21.2,0,-4,2,2,2,1,1,0,109.8,113.3,0
0022400260,2024-25,3,30,7,0,43.2,MADE_BASKET,42-45,27.3,0,8,0,0,2,1,1,0,112.8,118.9,0
0022400261,2024-25,1,11,28,0,32.2,DEAD_BALL,30-33,30.0,1,6,2,2,2,1,1,0,117.4,113.4,0
0022400261,2024-25,2,11,28,0,39.8,MADE_BASKET,39-42,35.7,1,1,0,2,2,1,1,0,117.4,113.4,-2
0022400261,2024-25,3,11,28,0,30.5,MADE_BASKET,30-33,11.2,0,-2,0,3,1,1,0,0,117.4,113.4,-3
0022400262,2024-25,2,8,13,0,43.4,DREB,42-45,38.9,1,8,2,3,2,2,1,1,111.9,108.4,-1
0022400262,2024-25,3,8,13,0,36.1,DREB,36-39,30.5,1,10,1,0,2,2,1,1,111.9,108.4,1
0022400263,2024-25,2,17,13,0,38.2,MADE_BASKET,36-39,23.2,0,-2,0,0,1,1,0,0,125.5,108.4,0
0022400263,2024-25,3,13,17,1,39.1,MADE_BASKET,39-42,26.1,0,4,5,0,2,1,1,0,110.5,116.3,5
0022400264,2024-25,1,26,17,1,33.9,DREB,33-36,31.0,1,-10,0,2,2,1,1,0,115.5,116.3,-2
0022400264,2024-25,2,26,17,1,38.6,MADE_BASKET,36-39,25.1,0,-16,0,0,1,1,0,0,115.5,116.3,0
0022400264,2024-25,3,17,26,0,44.2,MADE_BASKET,42-45,31.4,1,19,3,0,2,1,1,0,125.5,119.4,3
0022400265,2024-25,1,18,14,1,31.4,MADE_BASKET,30-33,6.8,0,0,2,3,1,1,0,0,111.7,116.1,-1
0022400265,2024-25,2,18,14,1,39.3,MADE_BASKET,39-42,29.8,1,2,3,0,1,1,0,0,111.7,116.1,3
0022400265,2024-25,3,14,18,0,37.9,MADE_BASKET,36-39,33.8,1,5,0,0,2,1,1,0,120.3,116.6,0
0022400266,2024-25,1,23,19,0,41.7,LIVE_TOV,39-42,29.9,1,2,2,0,1,1,0,0,113.4,110.2,2
0022400266,2024-25,2,23,19,0,36.9,MADE_BASKET,36-39,15.1,0,5,2,0,1,1,0,0,113.4,110.2,2
0022400266,2024-25,3,23,19,0,34.3,MADE_BASKET,33-36,16.6,0,3,2,0,1,1,0,0,113.4,110.2,2
0022400267,2024-25,2,7,21,1,43.4,MADE_BASKET,42-45,32.3,1,0,0,2,2,2,1,1,112.3,107.5,-2
0022400267,2024-25,3,21,7,0,33.3,MADE_BASKET,33-36,23.1,0,-2,2,0,1,1,0,0,121.5,118.9,2
0022400268,2024-25,1,1,4,0,44.5,MADE_BASKET,42-45,28.4,1,6,0,0,1,1,0,0,109.8,119.8,0
0022400268,2024-25,2,4,1,1,31.1,DREB,30-33,14.4,0,-5,2,1,2,1,1,0,121.0,116.8,1
0022400269,2024-25,1,7,6,0,31.3,DREB,30-33,29.2,1,6,3,0,2,1,1,0,112.3,108.5,3
0022400269,2024-25,2,6,7,1,38.5,DEAD_BALL,36-39,26.9,0,2,4,2,2,1,1,0,119.4,118.9,2
0022400269,2024-25,3,7,6,0,33.1,DEAD_BALL,33-36,25.0,0,-2,3,0,1,1,0,0,112.3,108.5,3
0022400270,2024-25,1,16,12,1,33.8,DREB,33-36,25.6,0,6,3,2,1,1,0,0,117.0,116.7,1
0022400270,2024-25,2,16,12,1,38.7,DREB,36-39,31.4,1,8,2,0,2,2,1,1,117.0,116.7,2
0022400270,2024-25,3,16,12,1,35.6,DREB,33-36,30.7,1,18,2,2,2,1,1,0,117.0,116.7,0
0022400271,2024-25,1,21,2,1,41.4,MADE_BASKET,39-42,23.0,0,-3,2,3,1,1,0,0,121.5,119.8,-1
0022400272,2024-25,1,13,24,0,30.8,DEAD_BALL,30-33,18.7,0,0,0,0,1,1,0,0,110.5,113.3,0
0022400272,2024-25,2,13,24,0,34.6,DREB,33-36,14.2,0,-3,2,0,1,0,0,0,110.5,113.3,2
0022400272,2024-25,3,24,13,1,34.5,MADE_BASKET,33-36,15.8,0,1,2,3,1,1,0,0,113.7,108.4,-1
0022400273,2024-25,1,12,5,1,35.3,DREB,33-36,32.3,1,0,2,2,2,1,1,0,113.6,119.7,0
0022400273,2024-25,2,12,5,1,43.8,LIVE_TOV,42-45,40.9,1,8,5,2,2,2,1,1,113.6,119.7,3
0022400273,2024-25,3,5,12,0,41.6,MADE_BASKET,39-42,32.7,1,-7,0,0,2,2,1,1,110.9,116.7,0
0022400274,2024-25,1,16,11,1,42.0,MADE_BASKET,42-45,31.6,1,-7,4,0,1,1,0,0,117.0,124.0,4
0022400274,2024-25,2,11,16,0,41.5,DREB,39-42,30.4,1,-1,3,2,2,1,1,0,117.4,116.8,1
0022400274,2024-25,3,16,11,1,40.7,MADE_BASKET,39-42,28.5,1,14,0,0,2,1,1,0,117.0,124.0,0
0022400275,2024-25,1,9,23,0,40.9,MADE_BASKET,39-42,22.7,0,-4,3,0,1,1,0,0,117.4,116.0,3
0022400275,2024-25,2,23,9,1,37.5,MADE_BASKET,36-39,17.7,0,1,2,3,1,1,0,0,113.4,119.1,-1
0022400275,2024-25,3,23,9,1,36.9,DREB,36-39,22.1,0,-1,0,0,1,1,0,0,113.4,119.1,0
0022400276,2024-25,1,17,23,0,41.8,DREB,39-42,37.3,1,5,0,4,2,2,1,1,125.5,116.0,-4
0022400276,2024-25,2,23,17,1,34.9,MADE_BASKET,33-36,31.5,1,-3,4,2,2,1,1,0,113.4,116.3,2
0022400276,2024-25,3,17,23,0,39.1,DREB,39-42,18.2,0,3,2,0,1,1,0,0,125.5,116.0,2
0022400277,2024-25,1,25,29,1,32.3,DREB,30-33,11.5,0,-4,3,0,1,1,0,0,115.1,115.7,3
0022400277,2024-25,2,25,29,1,34.1,MADE_BASKET,33-36,29.5,1,-8,2,3,2,1,1,0,115.1,115.7,-1
0022400277,2024-25,3,25,29,1,34.9,DREB,33-36,17.8,0,-9,2,2,1,1,0,0,115.1,115.7,0
0022400278,2024-25,1,20,6,1,40.4,DEAD_BALL,39-42,18.5,0,8,2,2,2,1,1,0,128.5,108.5,0
0022400278,2024-25,2,6,20,0,37.9,DREB,36-39,29.4,1,2,0,1,2,1,1,0,119.4,116.1,-1
0022400278,2024-25,3,20,6,1,41.2,DREB,39-42,38.5,1,-1,2,2,2,1,1,0,128.5,108.5,0
0022400279,2024-25,1,3,1,1,35.1,MADE_BASKET,33-36,19.0,0,-10,0,0,1,1,0,0,117.0,116.8,0
0022400279,2024-25,2,1,3,0,35.4,MADE_BASKET,33-36,31.0,1,17,1,2,2,1,1,0,109.8,117.7,-1
0022400279,2024-25,3,3,1,1,44.9,DREB,42-45,38.3,1,-9,2,0,2,1,1,0,117.0,116.8,2
0022400280,2024-25,1,5,6,1,39.8,DREB,39-42,32.5,1,-2,5,2,2,2,1,1,110.9,108.5,3
0022400280,2024-25,2,6,5,0,36.8,MADE_BASKET,36-39,29.3,1,-10,2,2,2,1,1,0,119.4,119.7,0
0022400280,2024-25,3,6,5,0,32.3,MADE_BASKET,30-33,16.6,0,-18,2,0,1,1,0,0,119.4,119.7,2
0022400281,2024-25,1,9,19,0,43.8,DREB,42-45,32.1,1,12,2,0,2,1,1,0,117.4,110.2,2
0022400281,2024-25,2,19,9,1,39.1,MADE_BASKET,39-42,30.6,1,-18,6,0,2,2,1,1,124.0,119.1,6
0022400282,2024-25,1,3,9,0,38.6,MADE_BASKET,36-39,21.1,0,1,2,0,2,1,1,0,117.0,119.1,2
0022400282,2024-25,2,9,3,1,41.9,DREB,39-42,36.7,1,3,2,0,2,1,1,0,117.4,117.7,2
0022400283,2024-25,1,8,30,0,40.8,MADE_BASKET,39-42,36.5,1,-5,0,0,1,1,0,0,111.9,111.9,0
0022400283,2024-25,2,8,30,0,37.9,DREB,36-39,28.4,1,-4,2,2,2,1,1,0,111.9,111.9,0
0022400283,2024-25,3,8,30,0,42.6,MADE_BASKET,42-45,32.3,1,-10,2,0,2,1,1,0,111.9,111.9,2
0022400284,2024-25,1,28,30,1,39.6,DREB,39-42,36.4,1,3,0,4,2,2,1,1,117.0,111.9,-4
0022400284,2024-25,2,28,30,1,33.4,MADE_BASKET,33-36,15.6,0,-4,0,0,2,1,1,0,117.0,111.9,0
0022400284,2024-25,3,28,30,1,38.9,DREB,36-39,35.6,1,-11,2,2,2,2,1,1,117.0,111.9,0
0022400285,2024-25,1,2,20,0,37.2,MADE_BASKET,36-39,32.0,1,-12,6,0,2,1,1,0,121.3,116.1,6
0022400285,2024-25,3,20,2,1,43.1,DREB,42-45,32.2,1,12,2,0,2,1,1,0,128.5,119.8,2
0022400286,2024-25,1,18,16,0,33.9,DREB,33-36,28.4,1,-4,0,3,2,1,1,0,111.7,116.8,-3
0022400286,2024-25,3,16,18,1,35.3,DREB,33-36,23.8,0,7,2,0,1,1,0,0,117.0,116.6,2
0022400287,2024-25,1,13,1,1,34.4,MADE_BASKET,33-36,25.5,0,-2,2,0,1,1,0,0,110.5,116.8,2
0022400287,2024-25,2,13,1,1,41.1,DREB,39-42,31.3,1,9,2,0,2,2,1,1,110.5,116.8,2
0022400287,2024-25,3,13,1,1,30.6,DREB,30-33,23.8,0,6,4,2,2,1,1,0,110.5,116.8,2
0022400288,2024-25,2,16,24,1,40.5,MADE_BASKET,39-42,30.2,1,-5,2,2,1,1,0,0,117.0,113.3,0
0022400288,2024-25,3,16,24,1,40.9,DREB,39-42,32.1,1,5,0,0,2,1,1,0,117.0,113.3,0
0022400289,2024-25,1,7,24,0,40.1,MADE_BASKET,39-42,36.9,1,-7,2,2,2,1,1,0,112.3,113.3,0
0022400289,2024-25,2,7,24,0,32.4,MADE_BASKET,30-33,9.6,0,-6,2,0,1,1,0,0,112.3,113.3,2
0022400290,2024-25,2,24,8,1,36.0,MADE_BASKET,36-39,23.9,0,4,4,2,1,1,0,0,113.7,110.5,2
0022400291,2024-25,1,21,13,0,38.3,DEAD_BALL,36-39,34.2,1,-6,0,0,2,1,1,0,121.5,108.4,0
0022400291,2024-25,2,21,13,0,44.5,LIVE_TOV,42-45,33.2,1,-13,0,4,2,1,1,0,121.5,108.4,-4
0022400292,2024-25,2,12,1,1,31.3,LIVE_TOV,30-33,29.2,1,-21,4,0,2,1,1,0,113.6,116.8,4
0022400292,2024-25,3,12,1,1,40.3,DREB,39-42,22.4,0,-18,2,3,2,1,1,0,113.6,116.8,-1
0022400293,2024-25,1,5,17,0,43.0,DREB,42-45,31.4,1,2,2,5,2,2,1,1,110.9,116.3,-3
0022400293,2024-25,2,5,17,0,30.5,MADE_BASKET,30-33,7.6,0,4,0,2,1,1,0,0,110.9,116.3,-2
0022400293,2024-25,3,5,17,0,37.4,DREB,36-39,28.6,1,11,2,0,2,1,1,0,110.9,116.3,2
0022400294,2024-25,1,30,11,1,38.3,MADE_BASKET,36-39,23.2,0,0,0,2,1,1,0,0,112.8,124.0,-2
0022400294,2024-25,2,11,30,0,42.1,LIVE_TOV,42-45,28.3,1,0,0,0,2,1,1,0,117.4,111.9,0
0022400294,2024-25,3,30,11,1,44.7,DREB,42-45,31.5,1,-5,2,0,2,1,1,0,112.8,124.0,2
0022400295,2024-25,1,28,16,1,44.6,MADE_BASKET,42-45,37.4,1,-15,2,2,2,2,1,1,117.0,116.8,0
0022400295,2024-25,2,28,16,1,36.3,DEAD_BALL,36-39,25.3,0,-26,0,0,2,1,1,0,117.0,116.8,0
0022400295,2024-25,3,16,28,0,42.5,LIVE_TOV,42-45,35.0,1,37,2,2,2,1,1,0,117.0,113.4,0
0022400296,2024-25,1,6,21,1,34.7,DREB,33-36,23.7,0,-10,3,2,1,1,0,0,119.4,107.5,1
0022400296,2024-25,2,21,6,0,39.5,DREB,39-42,30.2,1,6,0,0,1,1,0,0,121.5,108.5,0
0022400296,2024-25,3,21,6,0,38.9,MADE_BASKET,36-39,31.2,1,8,5,0,2,1,1,0,121.5,108.5,5
0022400297,2024-25,1,17,12,1,38.5,MADE_BASKET,36-39,22.6,0,-10,2,0,1,1,0,0,125.5,116.7,2
0022400297,2024-25,2,17,12,1,42.0,MADE_BASKET,42-45,30.7,1,-10,5,2,2,1,1,0,125.5,116.7,3
0022400297,2024-25,3,12,17,0,37.8,DREB,36-39,29.7,1,19,3,0,2,1,1,0,113.6,116.3,3
0022400298,2024-25,1,14,11,0,33.7,MADE_BASKET,33-36,28.6,1,5,3,2,2,1,1,0,120.3,124.0,1
0022400298,2024-25,2,11,14,1,41.5,LIVE_TOV,39-42,33.1,1,11,0,2,2,2,1,1,117.4,116.1,-2
0022400299,2024-25,1,10,13,0,32.5,MADE_BASKET,30-33,13.2,0,0,0,0,2,1,1,0,123.1,108.4,0
0022400299,2024-25,2,10,13,0,32.4,LIVE_TOV,30-33,20.7,0,4,2,0,1,1,0,0,123.1,108.4,2
0022400299,2024-25,3,13,10,1,43.6,MADE_BASKET,42-45,36.3,1,-2,0,0,1,1,0,0,110.5,114.1,0
0022400300,2024-25,1,3,8,1,39.3,MADE_BASKET,39-42,26.6,0,-13,2,2,2,2,1,1,117.0,110.5,0
0022400300,2024-25,3,3,8,1,38.0,MADE_BASKET,36-39,19.5,0,-20,2,0,1,1,0,0,117.0,110.5,2
0022400301,2024-25,1,4,10,1,33.4,LIVE_TOV,33-36,25.0,0,3,0,1,2,1,1,0,121.0,114.1,-1
0022400301,2024-25,2,4,10,1,42.7,DEAD_BALL,42-45,34.2,1,-3,3,2,2,1,1,0,121.0,114.1,1
0022400301,2024-25,3,10,4,0,38.1,DEAD_BALL,36-39,35.7,1,-9,2,3,2,1,1,0,123.1,119.8,-1
0022400302,2024-25,1,29,20,0,38.1,MADE_BASKET,36-39,18.1,0,2,2,0,1,1,0,0,121.1,116.1,2
0022400302,2024-25,2,20,29,1,37.8,MADE_BASKET,36-39,20.8,0,-3,0,0,1,1,0,0,128.5,115.7,0
0022400302,2024-25,3,20,29,1,32.4,DREB,30-33,29.6,1,-8,2,2,2,1,1,0,128.5,115.7,0
0022400303,2024-25,1,21,18,1,37.9,DREB,36-39,27.7,0,10,0,0,1,1,0,0,121.5,116.6,0
0022400303,2024-25,2,18,21,0,39.5,DREB,39-42,25.4,0,-5,2,3,2,1,1,0,111.7,107.5,-1
0022400303,2024-25,3,18,21,0,33.5,DREB,33-36,17.8,0,9,3,2,1,1,0,0,111.7,107.5,1
0022400304,2024-25,1,24,28,1,38.8,DREB,36-39,33.5,1,-2,4,0,2,2,1,1,113.7,113.4,4
0022400304,2024-25,2,28,24,0,41.7,DREB,39-42,34.2,1,-6,1,0,2,1,1,0,117.0,113.3,1
0022400304,2024-25,3,28,24,0,44.0,DREB,42-45,30.6,1,-5,4,0,2,1,1,0,117.0,113.3,4
0022400305,2024-25,2,11,4,1,39.5,DREB,39-42,33.1,1,3,0,0,2,2,1,1,117.4,119.8,0
0022400305,2024-25,3,4,11,0,40.8,MADE_BASKET,39-42,29.4,1,-10,0,2,2,1,1,0,121.0,124.0,-2
0022400306,2024-25,2,26,12,1,43.4,DREB,42-45,32.1,1,-6,0,2,2,2,1,1,115.5,116.7,-2
0022400307,2024-25,1,28,26,0,38.7,MADE_BASKET,36-39,26.0,0,7,0,0,2,1,1,0,117.0,119.4,0
0022400307,2024-25,2,28,26,0,37.0,MADE_BASKET,36-39,25.2,0,4,0,3,1,1,0,0,117.0,119.4,-3
0022400308,2024-25,1,2,23,1,32.2,MADE_BASKET,30-33,29.7,1,-9,2,2,2,1,1,0,121.3,116.0,0
0022400308,2024-25,3,23,2,0,44.4,DREB,42-45,33.7,1,-2,2,0,2,1,1,0,113.4,119.8,2
0022400309,2024-25,1,9,22,1,30.5,MADE_BASKET,30-33,8.4,0,-9,3,2,2,1,1,0,117.4,119.7,1
0022400309,2024-25,3,22,9,0,44.6,MADE_BASKET,42-45,35.1,1,-12,6,0,2,2,1,1,117.9,119.1,6
0022400310,2024-25,1,18,10,0,40.3,DREB,39-42,31.4,1,-5,2,0,2,1,1,0,111.7,114.1,2
0022400310,2024-25,2,18,10,0,37.3,MADE_BASKET,36-39,28.8,1,-11,2,0,2,1,1,0,111.7,114.1,2
0022400310,2024-25,3,18,10,0,38.9,LIVE_TOV,36-39,35.4,1,-5,0,5,2,2,1,1,111.7,114.1,-5
0022400311,2024-25,1,21,19,0,43.1,MADE_BASKET,42-45,36.5,1,-6,4,3,2,1,1,0,121.5,110.2,1
0022400311,2024-25,2,19,21,1,36.2,DREB,36-39,31.8,1,16,6,2,2,2,1,1,124.0,107.5,4
0022400311,2024-25,3,21,19,0,41.7,MADE_BASKET,39-42,18.5,0,-23,0,0,1,1,0,0,121.5,110.2,0
0022400312,2024-25,1,27,13,0,35.9,MADE_BASKET,33-36,21.7,0,-6,6,0,2,1,1,0,108.9,108.4,6
0022400312,2024-25,2,27,13,0,36.1,DREB,36-39,24.8,0,-5,0,2,1,1,0,0,108.9,108.4,-2
0022400312,2024-25,3,13,27,1,31.1,LIVE_TOV,30-33,29.4,1,10,3,0,2,1,1,0,110.5,116.7,3
0022400313,2024-25,1,20,26,0,33.6,MADE_BASKET,33-36,18.3,0,-11,0,0,1,1,0,0,128.5,119.4,0
0022400313,2024-25,2,20,26,0,39.2,DREB,39-42,31.1,1,-9,0,2,2,1,1,0,128.5,119.4,-2
0022400314,2024-25,1,19,30,1,40.1,DREB,39-42,28.8,1,2,3,0,2,1,1,0,124.0,111.9,3
0022400314,2024-25,3,19,30,1,33.5,DREB,33-36,22.9,0,8,0,0,1,1,0,0,124.0,111.9,0
0022400315,2024-25,1,15,8,1,32.2,DREB,30-33,20.4,0,5,0,0,1,1,0,0,116.4,110.5,0
0022400315,2024-25,3,15,8,1,44.8,MADE_BASKET,42-45,34.0,1,-5,4,0,2,2,1,1,116.4,110.5,4
0022400316,2024-25,1,17,9,1,32.2,MADE_BASKET,30-33,9.7,0,-6,2,0,1,1,0,0,125.5,119.1,2
0022400316,2024-25,2,9,17,0,32.7,MADE_BASKET,30-33,9.0,0,10,3,3,1,1,0,0,117.4,116.3,0
0022400316,2024-25,3,9,17,0,38.0,DEAD_BALL,36-39,31.9,1,8,3,0,2,1,1,0,117.4,116.3,3
0022400317,2024-25,3,4,5,0,45.0,DREB,42-45,35.0,1,6,0,3,2,1,1,0,121.0,119.7,-3
0022400318,2024-25,1,20,22,1,44.2,MADE_BASKET,42-45,32.9,1,-12,0,0,3,2,1,1,128.5,119.7,0
0022400318,2024-25,2,20,22,1,42.1,DREB,42-45,28.5,1,-18,2,0,1,1,0,0,128.5,119.7,2
0022400318,2024-25,3,22,20,0,34.9,MADE_BASKET,33-36,28.3,1,15,2,2,2,1,1,0,117.9,116.1,0
0022400319,2024-25,1,5,2,1,35.3,DREB,33-36,17.0,0,-4,0,0,1,1,0,0,110.9,119.8,0
0022400319,2024-25,2,5,2,1,37.5,DREB,36-39,34.2,1,-15,0,5,2,1,1,0,110.9,119.8,-5
0022400319,2024-25,3,2,5,0,34.8,MADE_BASKET,33-36,10.4,0,20,0,2,1,1,0,0,121.3,119.7,-2
0022400320,2024-25,2,15,20,1,43.9,DREB,42-45,29.0,1,3,0,0,1,1,0,0,116.4,116.1,0
0022400320,2024-25,3,20,15,0,30.4,DREB,30-33,10.0,0,-2,2,2,2,1,1,0,128.5,111.0,0
0022400321,2024-25,1,12,28,1,32.6,MADE_BASKET,30-33,14.0,0,11,0,2,1,1,0,0,113.6,113.4,-2
0022400321,2024-25,3,12,28,1,36.9,MADE_BASKET,36-39,29.4,1,6,0,3,2,1,1,0,113.6,113.4,-3
0022400322,2024-25,3,18,26,0,34.3,DREB,33-36,20.1,0,-5,0,0,1,1,0,0,111.7,119.4,0
0022400323,2024-25,1,29,22,1,39.2,MADE_BASKET,39-42,25.1,0,7,0,2,2,1,1,0,121.1,119.7,-2
0022400323,2024-25,2,22,29,0,40.4,DREB,39-42,33.9,1,-12,2,0,2,1,1,0,117.9,115.7,2
0022400323,2024-25,3,22,29,0,33.8,LIVE_TOV,33-36,27.4,0,1,2,2,1,1,0,0,117.9,115.7,0
0022400324,2024-25,1,20,8,1,42.0,DEAD_BALL,42-45,34.5,1,0,4,0,2,2,1,1,128.5,110.5,4
0022400324,2024-25,2,8,20,0,37.1,MADE_BASKET,36-39,22.9,0,-12,2,2,1,1,0,0,111.9,116.1,0
0022400324,2024-25,3,20,8,1,38.1,MADE_BASKET,36-39,32.2,1,4,3,0,2,1,1,0,128.5,110.5,3
0022400325,2024-25,1,4,20,0,39.1,MADE_BASKET,39-42,25.1,0,4,4,2,2,1,1,0,121.0,116.1,2
0022400325,2024-25,3,20,4,1,43.9,MADE_BASKET,42-45,30.4,1,-7,4,0,2,1,1,0,128.5,119.8,4
0022400326,2024-25,2,27,30,1,44.9,DREB,42-45,30.1,1,-2,2,0,2,1,1,0,108.9,111.9,2
0022400327,2024-25,2,22,28,1,37.7,LIVE_TOV,36-39,28.5,1,3,2,0,2,1,1,0,117.9,113.4,2
0022400327,2024-25,3,22,28,1,43.9,MADE_BASKET,42-45,29.9,1,11,5,0,2,1,1,0,117.9,113.4,5
0022400328,2024-25,1,12,20,0,43.9,MADE_BASKET,42-45,31.8,1,3,2,5,2,1,1,0,113.6,116.1,-3
0022400328,2024-25,2,12,20,0,40.9,MADE_BASKET,39-42,33.5,1,1,0,2,2,1,1,0,113.6,116.1,-2
0022400328,2024-25,3,20,12,1,44.8,MADE_BASKET,42-45,37.4,1,-7,2,0,2,2,1,1,128.5,116.7,2
0022400329,2024-25,1,13,2,1,39.7,DREB,39-42,29.4,1,1,2,0,2,1,1,0,110.5,119.8,2
0022400329,2024-25,2,13,2,1,37.5,MADE_BASKET,36-39,31.2,1,6,5,2,2,2,1,1,110.5,119.8,3
0022400329,2024-25,3,13,2,1,38.8,LIVE_TOV,36-39,34.6,1,4,2,2,2,2,1,1,110.5,119.8,0
0022400331,2024-25,1,21,22,0,43.4,DREB,42-45,33.2,1,3,0,0,2,1,1,0,121.5,119.7,0
0022400331,2024-25,2,21,22,0,41.4,DREB,39-42,29.7,1,0,3,0,2,1,1,0,121.5,119.7,3
0022400331,2024-25,3,21,22,0,37.1,DREB,36-39,32.2,1,2,2,0,1,1,0,0,121.5,119.7,2
0022400332,2024-25,2,14,4,1,31.2,DREB,30-33,16.7,0,5,2,0,1,1,0,0,120.3,119.8,2
0022400332,2024-25,3,4,14,0,39.6,MADE_BASKET,39-42,19.3,0,-10,1,3,1,1,0,0,121.0,116.1,-2
0022400333,2024-25,1,12,30,1,32.1,MADE_BASKET,30-33,11.0,0,6,3,0,1,1,0,0,113.6,111.9,3
0022400333,2024-25,2,12,30,1,34.8,DREB,33-36,21.1,0,10,0,0,1,1,0,0,113.6,111.9,0
0022400333,2024-25,3,30,12,0,40.7,DEAD_BALL,39-42,29.8,1,-11,3,0,2,1,1,0,112.8,116.7,3
0022400334,2024-25,1,22,29,1,39.5,MADE_BASKET,39-42,34.2,1,-2,0,0,2,1,1,0,117.9,115.7,0
0022400334,2024-25,2,22,29,1,30.3,DREB,30-33,8.8,0,11,0,0,1,0,0,0,117.9,115.7,0
0022400334,2024-25,3,29,22,0,32.2,LIVE_TOV,30-33,23.4,0,-16,0,3,2,1,1,0,121.1,119.7,-3
0022400335,2024-25,1,29,17,0,39.3,MADE_BASKET,39-42,28.7,1,4,2,2,2,1,1,0,121.1,116.3,0
0022400335,2024-25,2,29,17,0,39.8,LIVE_TOV,39-42,30.8,1,5,2,0,2,1,1,0,121.1,116.3,2
0022400335,2024-25,3,17,29,1,39.2,LIVE_TOV,39-42,32.3,1,-8,4,2,2,2,1,1,125.5,115.7,2
0022400336,2024-25,1,17,30,1,31.7,MADE_BASKET,30-33,10.3,0,9,3,0,1,1,0,0,125.5,111.9,3
0022400336,2024-25,2,30,17,0,44.0,LIVE_TOV,42-45,32.6,1,-22,0,2,2,1,1,0,112.8,116.3,-2
0022400336,2024-25,3,30,17,0,31.4,MADE_BASKET,30-33,6.7,0,-35,1,0,1,1,0,0,112.8,116.3,1
0022400337,2024-25,1,23,15,1,32.7,DREB,30-33,14.5,0,-1,2,0,1,1,0,0,113.4,111.0,2
0022400337,2024-25,2,15,23,0,44.9,MADE_BASKET,42-45,34.0,1,13,2,2,2,1,1,0,116.4,116.0,0
0022400338,2024-25,1,15,4,0,33.9,MADE_BASKET,33-36,9.9,0,-3,0,0,1,1,0,0,116.4,119.8,0
0022400338,2024-25,2,4,15,1,30.8,DREB,30-33,20.8,0,4,0,0,1,1,0,0,121.0,111.0,0
0022400338,2024-25,3,15,4,0,41.5,MADE_BASKET,39-42,33.5,1,-4,3,3,2,1,1,0,116.4,119.8,0
0022400339,2024-25,1,1,10,1,40.8,MADE_BASKET,39-42,34.3,1,-15,0,0,2,1,1,0,109.8,114.1,0
0022400339,2024-25,2,10,1,0,33.4,DREB,33-36,29.8,1,15,2,0,2,1,1,0,123.1,116.8,2
0022400339,2024-25,3,1,10,1,40.5,MADE_BASKET,39-42,30.5,1,-27,3,2,2,1,1,0,109.8,114.1,1
0022400340,2024-25,1,16,5,1,33.7,DREB,33-36,20.5,0,12,1,3,1,1,0,0,117.0,119.7,-2
0022400340,2024-25,3,16,5,1,36.5,DREB,36-39,31.5,1,11,2,0,2,1,1,0,117.0,119.7,2
0022400341,2024-25,1,23,3,1,37.5,MADE_BASKET,36-39,30.1,1,-14,2,3,1,1,0,0,113.4,117.7,-1
0022400341,2024-25,2,23,3,1,41.1,MADE_BASKET,39-42,35.1,1,-8,2,3,2,1,1,0,113.4,117.7,-1
0022400341,2024-25,3,3,23,0,42.8,DREB,42-45,30.2,1,10,3,0,2,1,1,0,117.0,116.0,3
0022400342,2024-25,1,19,27,1,32.0,DREB,30-33,11.8,0,10,2,0,1,1,0,0,124.0,116.7,2
0022400342,2024-25,2,27,19,0,31.9,MADE_BASKET,30-33,14.9,0,-13,2,3,1,1,0,0,108.9,110.2,-1
0022400342,2024-25,3,19,27,1,40.9,MADE_BASKET,39-42,35.6,1,9,0,0,2,2,1,1,124.0,116.7,0
0022400343,2024-25,1,29,12,0,41.3,DEAD_BALL,39-42,26.6,0,11,1,0,1,1,0,0,121.1,116.7,1
0022400343,2024-25,2,12,29,1,33.0,DREB,33-36,20.2,0,-26,5,2,2,1,1,0,113.6,115.7,3
0022400343,2024-25,3,29,12,0,35.7,LIVE_TOV,33-36,27.6,0,36,2,0,1,1,0,0,121.1,116.7,2
0022400344,2024-25,1,19,30,1,36.7,DEAD_BALL,36-39,23.0,0,-1,0,0,1,1,0,0,124.0,111.9,0
0022400344,2024-25,2,30,19,0,36.0,DREB,36-39,22.2,0,3,0,2,2,1,1,0,112.8,110.2,-2
0022400344,2024-25,3,19,30,1,33.5,MADE_BASKET,33-36,24.5,0,-5,0,0,1,1,0,0,124.0,111.9,0
0022400345,2024-25,1,18,6,1,43.6,DREB,42-45,41.3,1,9,0,0,2,2,1,1,111.7,108.5,0
0022400345,2024-25,3,18,6,1,32.2,LIVE_TOV,30-33,29.2,1,18,2,0,2,1,1,0,111.7,108.5,2
0022400346,2024-25,1,15,2,0,36.2,DREB,36-39,21.6,0,2,2,2,1,1,0,0,116.4,119.8,0
0022400346,2024-25,2,2,15,1,32.4,DREB,30-33,30.8,1,0,0,2,2,1,1,0,121.3,111.0,-2
0022400346,2024-25,3,15,2,0,36.7,MADE_BASKET,36-39,30.2,1,-9,2,1,1,1,0,0,116.4,119.8,1
0022400347,2024-25,1,18,9,0,42.2,MADE_BASKET,42-45,28.9,1,-1,4,0,2,2,1,1,111.7,119.1,4
0022400347,2024-25,2,18,9,0,43.4,MADE_BASKET,42-45,34.2,1,-2,2,0,2,2,1,1,111.7,119.1,2
0022400347,2024-25,3,18,9,0,43.4,DREB,42-45,34.3,1,-4,2,0,2,1,1,0,111.7,119.1,2
0022400348,2024-25,1,27,12,1,39.8,MADE_BASKET,39-42,21.5,0,5,0,0,1,1,0,0,108.9,116.7,0
0022400348,2024-25,2,12,27,0,30.6,DREB,30-33,10.4,0,-17,2,3,2,1,1,0,113.6,116.7,-1
0022400348,2024-25,3,12,27,0,42.6,DREB,42-45,33.2,1,-10,4,0,2,1,1,0,113.6,116.7,4
0022400349,2024-25,1,26,1,1,38.7,MADE_BASKET,36-39,29.1,1,-1,2,0,1,1,0,0,115.5,116.8,2
0022400349,2024-25,2,26,1,1,36.9,MADE_BASKET,36-39,32.5,1,-8,5,2,2,1,1,0,115.5,116.8,3
0022400349,2024-25,3,1,26,0,43.2,MADE_BASKET,42-45,30.3,1,11,3,3,2,1,1,0,109.8,119.4,0
0022400350,2024-25,1,30,10,1,33.5,MADE_BASKET,33-36,15.1,0,4,2,2,2,1,1,0,112.8,114.1,0
0022400350,2024-25,2,10,30,0,38.4,DREB,36-39,26.3,0,3,0,2,1,1,0,0,123.1,111.9,-2
0022400350,2024-25,3,10,30,0,40.3,MADE_BASKET,39-42,33.7,1,-1,1,2,2,1,1,0,123.1,111.9,-1
0022400351,2024-25,1,1,21,1,36.7,DREB,36-39,21.2,0,1,0,0,1,1,0,0,109.8,107.5,0
0022400351,2024-25,2,21,1,0,32.9,DEAD_BALL,30-33,29.0,1,-1,2,5,2,1,1,0,121.5,116.8,-3
0022400351,2024-25,3,1,21,1,39.9,DEAD_BALL,39-42,30.6,1,6,3,0,2,1,1,0,109.8,107.5,3
0022400352,2024-25,1,2,11,0,35.5,MADE_BASKET,33-36,28.9,1,-15,0,0,2,1,1,0,121.3,124.0,0
0022400352,2024-25,2,2,11,0,44.5,DREB,42-45,34.9,1,-16,3,5,3,2,1,1,121.3,124.0,-2
0022400352,2024-25,3,2,11,0,33.5,DREB,33-36,20.5,0,-18,0,2,1,1,0,0,121.3,124.0,-2
0022400353,2024-25,1,2,22,1,38.6,MADE_BASKET,36-39,26.4,0,1,0,0,1,1,0,0,121.3,119.7,0
0022400353,2024-25,2,22,2,0,41.3,DREB,39-42,38.9,1,1,5,0,2,2,1,1,117.9,119.8,5
0022400353,2024-25,3,22,2,0,36.5,MADE_BASKET,36-39,30.1,1,6,0,2,2,1,1,0,117.9,119.8,-2
0022400354,2024-25,1,15,20,0,35.5,DREB,33-36,32.5,1,6,2,2,2,1,1,0,116.4,116.1,0
0022400354,2024-25,2,15,20,0,39.4,MADE_BASKET,39-42,20.5,0,7,3,0,1,1,0,0,116.4,116.1,3
0022400354,2024-25,3,15,20,0,36.7,DREB,36-39,30.4,1,13,2,2,2,1,1,0,116.4,116.1,0
0022400355,2024-25,2,25,8,0,35.1,DREB,33-36,18.2,0,2,0,0,1,1,0,0,115.1,110.5,0
0022400356,2024-25,1,10,14,1,43.7,DREB,42-45,34.2,1,3,0,0,2,2,1,1,123.1,116.1,0
0022400356,2024-25,2,14,10,0,38.1,MADE_BASKET,36-39,30.8,1,-5,3,0,2,1,1,0,120.3,114.1,3
0022400357,2024-25,1,4,5,1,34.4,MADE_BASKET,33-36,25.5,0,-10,3,1,2,1,1,0,121.0,119.7,2
0022400357,2024-25,2,5,4,0,35.5,LIVE_TOV,33-36,28.8,1,11,3,2,1,1,0,0,110.9,119.8,1
0022400357,2024-25,3,5,4,0,44.9,DREB,42-45,32.6,1,15,4,0,2,2,1,1,110.9,119.8,4
0022400358,2024-25,1,3,7,1,35.8,DREB,33-36,17.3,0,-3,4,0,1,1,0,0,117.0,118.9,4
0022400358,2024-25,2,7,3,0,38.9,MADE_BASKET,36-39,22.4,0,-9,3,0,1,1,0,0,112.3,117.7,3
0022400358,2024-25,3,7,3,0,34.2,MADE_BASKET,33-36,18.1,0,-6,0,3,1,1,0,0,112.3,117.7,-3
0022400359,2024-25,2,21,6,1,33.0,DEAD_BALL,33-36,30.7,1,-1,0,2,2,1,1,0,121.5,108.5,-2
0022400360,2024-25,1,22,4,0,36.4,DREB,36-39,29.9,1,8,3,2,2,2,1,1,117.9,119.8,1
0022400360,2024-25,2,22,4,0,43.1,MADE_BASKET,42-45,33.8,1,-1,5,0,2,2,1,1,117.9,119.8,5
0022400360,2024-25,3,4,22,1,40.5,MADE_BASKET,39-42,37.1,1,-3,0,3,2,1,1,0,121.0,119.7,-3
0022400361,2024-25,2,10,20,0,44.4,DREB,42-45,34.9,1,3,0,2,2,2,1,1,123.1,116.1,-2
0022400361,2024-25,3,10,20,0,37.3,MADE_BASKET,36-39,22.5,0,1,2,0,1,1,0,0,123.1,116.1,2
0022400362,2024-25,1,15,19,1,42.1,MADE_BASKET,42-45,36.8,1,-6,0,2,2,1,1,0,116.4,110.2,-2
0022400362,2024-25,2,15,19,1,35.4,DEAD_BALL,33-36,29.5,1,-9,6,2,2,1,1,0,116.4,110.2,4
0022400363,2024-25,1,12,28,0,43.3,DREB,42-45,34.1,1,-1,0,5,2,2,1,1,113.6,113.4,-5
0022400363,2024-25,2,28,12,1,44.2,MADE_BASKET,42-45,40.0,1,0,0,0,3,2,1,1,117.0,116.7,0
0022400364,2024-25,1,30,21,0,42.8,LIVE_TOV,42-45,29.0,1,2,4,2,2,1,1,0,112.8,107.5,2
0022400364,2024-25,2,30,21,0,33.6,MADE_BASKET,33-36,21.5,0,0,0,3,1,1,0,0,112.8,107.5,-3
0022400364,2024-25,3,30,21,0,32.9,DREB,30-33,15.0,0,-15,2,0,1,0,0,0,112.8,107.5,2
0022400365,2024-25,2,20,30,1,30.7,MADE_BASKET,30-33,18.9,0,12,3,0,1,1,0,0,128.5,111.9,3
0022400365,2024-25,3,20,30,1,44.2,LIVE_TOV,42-45,40.6,1,12,4,2,2,1,1,0,128.5,111.9,2
0022400366,2024-25,1,2,8,1,39.0,DREB,39-42,31.8,1,-4,2,0,2,1,1,0,121.3,110.5,2
0022400367,2024-25,1,11,6,1,37.8,MADE_BASKET,36-39,31.4,1,-3,0,2,2,1,1,0,117.4,108.5,-2
0022400367,2024-25,2,6,11,0,32.2,DEAD_BALL,30-33,15.4,0,2,2,0,1,1,0,0,119.4,124.0,2
0022400368,2024-25,2,29,5,1,31.8,DREB,30-33,15.0,0,4,2,3,1,1,0,0,121.1,119.7,-1
0022400368,2024-25,3,29,5,1,44.6,MADE_BASKET,42-45,30.8,1,5,3,2,2,1,1,0,121.1,119.7,1
0022400369,2024-25,1,15,22,0,43.4,LIVE_TOV,42-45,41.1,1,5,2,0,2,2,1,1,116.4,119.7,2
0022400369,2024-25,2,22,15,1,43.9,LIVE_TOV,42-45,31.1,1,-14,2,0,1,1,0,0,117.9,111.0,2
0022400369,2024-25,3,15,22,0,40.0,DREB,39-42,32.5,1,13,5,0,2,1,1,0,116.4,119.7,5
0022400370,2024-25,1,9,1,1,35.6,MADE_BASKET,33-36,22.0,0,-4,0,0,1,1,0,0,117.4,116.8,0
0022400370,2024-25,2,1,9,0,34.4,MADE_BASKET,33-36,22.1,0,7,0,3,2,1,1,0,109.8,119.1,-3
0022400370,2024-25,3,9,1,1,44.6,DREB,42-45,32.9,1,9,0,2,2,1,1,0,117.4,116.8,-2
0022400371,2024-25,1,1,20,0,36.7,DREB,36-39,18.8,0,-5,0,0,1,1,0,0,109.8,116.1,0
0022400371,2024-25,3,20,1,1,42.8,MADE_BASKET,42-45,33.7,1,15,2,0,2,2,1,1,128.5,116.8,2
0022400372,2024-25,1,10,23,0,36.2,DREB,36-39,31.1,1,1,2,0,2,1,1,0,123.1,116.0,2
0022400372,2024-25,2,23,10,1,32.2,LIVE_TOV,30-33,27.6,0,-3,0,0,2,1,1,0,113.4,114.1,0
0022400372,2024-25,3,23,10,1,34.9,DREB,33-36,19.7,0,-1,0,3,1,1,0,0,113.4,114.1,-3
0022400373,2024-25,1,7,27,1,39.0,MADE_BASKET,39-42,29.8,1,3,0,1,1,1,0,0,112.3,116.7,-1
0022400373,2024-25,2,7,27,1,33.6,LIVE_TOV,33-36,26.7,0,12,2,3,1,1,0,0,112.3,116.7,-1
0022400374,2024-25,2,5,21,1,38.4,MADE_BASKET,36-39,34.1,1,-12,0,0,2,1,1,0,110.9,107.5,0
0022400374,2024-25,3,21,5,0,41.0,LIVE_TOV,39-42,38.0,1,19,0,5,2,1,1,0,121.5,119.7,-5
0022400375,2024-25,1,30,2,0,44.6,DREB,42-45,29.0,1,6,3,3,2,1,1,0,112.8,119.8,0
0022400375,2024-25,2,2,30,1,36.3,DREB,36-39,16.6,0,0,2,0,1,1,0,0,121.3,111.9,2
0022400375,2024-25,3,30,2,0,31.8,MADE_BASKET,30-33,14.5,0,4,0,0,1,1,0,0,112.8,119.8,0
0022400376,2024-25,1,22,12,1,32.0,DREB,30-33,29.4,1,0,4,2,2,2,1,1,117.9,116.7,2
0022400376,2024-25,2,12,22,0,33.7,DREB,33-36,30.8,1,-3,4,0,2,1,1,0,113.6,119.7,4
0022400376,2024-25,3,12,22,0,34.1,MADE_BASKET,33-36,20.6,0,12,0,2,2,1,1,0,113.6,119.7,-2
0022400377,2024-25,3,13,9,0,30.7,DREB,30-33,9.5,0,0,0,0,1,1,0,0,110.5,119.1,0
0022400378,2024-25,1,12,7,0,37.8,MADE_BASKET,36-39,31.6,1,-11,0,1,2,1,1,0,113.6,118.9,-1
0022400378,2024-25,2,7,12,1,41.7,DREB,39-42,32.2,1,12,2,2,2,1,1,0,112.3,116.7,0
0022400378,2024-25,3,12,7,0,38.4,DREB,36-39,33.0,1,-11,0,0,2,1,1,0,113.6,118.9,0
0022400379,2024-25,1,13,29,0,35.7,DREB,33-36,15.0,0,-1,0,0,1,1,0,0,110.5,115.7,0
0022400379,2024-25,2,29,13,1,33.6,DREB,33-36,15.8,0,14,0,0,1,1,0,0,121.1,108.4,0
0022400379,2024-25,3,29,13,1,31.0,DREB,30-33,11.9,0,18,0,2,1,1,0,0,121.1,108.4,-2
0022400380,2024-25,2,29,18,0,35.3,DREB,33-36,18.4,0,-2,2,0,1,1,0,0,121.1,116.6,2
0022400380,2024-25,3,29,18,0,39.5,MADE_BASKET,39-42,28.5,1,-1,0,0,2,1,1,0,121.1,116.6,0
0022400381,2024-25,1,19,1,0,42.5,DEAD_BALL,42-45,30.3,1,6,2,2,1,1,0,0,124.0,116.8,0
0022400381,2024-25,2,19,1,0,38.9,DREB,36-39,35.1,1,9,3,2,2,2,1,1,124.0,116.8,1
0022400381,2024-25,3,1,19,1,37.9,MADE_BASKET,36-39,20.9,0,-12,4,0,1,1,0,0,109.8,110.2,4
0022400382,2024-25,1,26,14,1,30.0,DREB,30-33,7.9,0,7,0,2,1,1,0,0,115.5,116.1,-2
0022400382,2024-25,2,14,26,0,37.1,LIVE_TOV,36-39,30.6,1,-1,5,2,2,2,1,1,120.3,119.4,3
0022400382,2024-25,3,14,26,0,39.5,MADE_BASKET,39-42,29.5,1,1,4,0,2,1,1,0,120.3,119.4,4
0022400383,2024-25,1,20,5,1,39.0,MADE_BASKET,39-42,31.5,1,-4,1,2,2,1,1,0,128.5,119.7,-1
0022400383,2024-25,2,5,20,0,34.1,MADE_BASKET,33-36,19.4,0,3,0,2,1,1,0,0,110.9,116.1,-2
0022400383,2024-25,3,20,5,1,31.3,LIVE_TOV,30-33,28.8,1,-2,0,3,2,1,1,0,128.5,119.7,-3
0022400384,2024-25,1,22,19,0,31.1,DREB,30-33,17.0,0,3,3,0,1,1,0,0,117.9,110.2,3
0022400384,2024-25,3,22,19,0,30.8,MADE_BASKET,30-33,7.7,0,7,0,0,1,1,0,0,117.9,110.2,0
0022400385,2024-25,1,20,29,0,34.8,MADE_BASKET,33-36,31.2,1,0,2,3,2,1,1,0,128.5,115.7,-1
0022400385,2024-25,2,29,20,1,30.5,MADE_BASKET,30-33,6.3,0,-3,2,0,1,1,0,0,121.1,116.1,2
0022400385,2024-25,3,29,20,1,40.2,DREB,39-42,24.2,0,-1,2,0,2,2,1,1,121.1,116.1,2
0022400386,2024-25,1,9,25,0,41.5,MADE_BASKET,39-42,31.9,1,-5,2,3,1,1,0,0,117.4,112.7,-1
0022400386,2024-25,2,25,9,1,42.0,MADE_BASKET,42-45,34.8,1,8,2,0,2,2,1,1,115.1,119.1,2
0022400386,2024-25,3,25,9,1,30.9,DREB,30-33,10.1,0,9,2,0,1,1,0,0,115.1,119.1,2
0022400387,2024-25,1,8,6,0,34.9,LIVE_TOV,33-36,25.5,0,3,0,3,1,1,0,0,111.9,108.5,-3
0022400387,2024-25,2,6,8,1,38.3,DEAD_BALL,36-39,35.4,1,8,0,0,2,1,1,0,119.4,110.5,0
0022400387,2024-25,3,6,8,1,39.3,MADE_BASKET,39-42,29.2,1,9,0,3,2,1,1,0,119.4,110.5,-3
0022400388,2024-25,1,27,1,1,43.6,MADE_BASKET,42-45,34.2,1,10,0,0,2,2,1,1,108.9,116.8,0
0022400388,2024-25,2,1,27,0,41.4,LIVE_TOV,39-42,32.0,1,-4,2,3,1,1,0,0,109.8,116.7,-1
0022400388,2024-25,3,27,1,1,41.9,DREB,39-42,30.8,1,8,2,0,2,1,1,0,108.9,116.8,2
0022400389,2024-25,1,20,15,0,38.7,LIVE_TOV,36-39,26.4,0,2,0,2,2,1,1,0,128.5,111.0,-2
0022400389,2024-25,2,20,15,0,40.1,DREB,39-42,34.2,1,-3,4,0,2,1,1,0,128.5,111.0,4
0022400389,2024-25,3,15,20,1,44.1,MADE_BASKET,42-45,31.0,1,-2,2,3,2,2,1,1,116.4,116.1,-1
0022400390,2024-25,2,5,13,0,38.3,DREB,36-39,34.4,1,-3,4,2,2,2,1,1,110.9,108.4,2
0022400390,2024-25,3,13,5,1,35.1,DREB,33-36,18.9,0,10,0,2,2,1,1,0,110.5,119.7,-2
0022400391,2024-25,1,3,5,0,34.5,MADE_BASKET,33-36,32.5,1,7,0,0,1,1,0,0,117.0,119.7,0
0022400391,2024-25,2,5,3,1,43.5,DEAD_BALL,42-45,40.5,1,5,4,0,2,1,1,0,110.9,117.7,4
0022400391,2024-25,3,5,3,1,31.8,MADE_BASKET,30-33,11.1,0,13,2,0,1,1,0,0,110.9,117.7,2
0022400392,2024-25,1,9,10,0,36.5,DREB,36-39,23.4,0,-5,0,0,1,1,0,0,117.4,114.1,0
0022400392,2024-25,3,10,9,1,39.7,DREB,39-42,35.0,1,15,3,0,2,1,1,0,123.1,119.1,3
0022400393,2024-25,1,13,19,0,43.2,DREB,42-45,31.7,1,-6,2,0,2,1,1,0,110.5,110.2,2
0022400393,2024-25,2,13,19,0,35.5,MADE_BASKET,33-36,26.2,0,-4,0,2,1,1,0,0,110.5,110.2,-2
0022400393,2024-25,3,13,19,0,32.7,MADE_BASKET,30-33,6.8,0,-9,0,0,1,1,0,0,110.5,110.2,0
0022400394,2024-25,1,22,6,0,32.0,MADE_BASKET,30-33,15.7,0,3,2,3,1,1,0,0,117.9,108.5,-1
0022400394,2024-25,3,6,22,1,41.8,DREB,39-42,34.4,1,9,2,2,2,1,1,0,119.4,119.7,0
0022400395,2024-25,1,30,17,1,32.0,DREB,30-33,11.7,0,0,2,0,1,1,0,0,112.8,116.3,2
0022400395,2024-25,2,17,30,0,40.8,DREB,39-42,33.1,1,-3,3,4,2,2,1,1,125.5,111.9,-1
0022400395,2024-25,3,17,30,0,43.6,MADE_BASKET,42-45,34.3,1,-3,2,3,2,1,1,0,125.5,111.9,-1
0022400396,2024-25,1,15,28,1,40.5,MADE_BASKET,39-42,23.7,0,-7,0,2,1,1,0,0,116.4,113.4,-2
0022400396,2024-25,2,15,28,1,42.2,MADE_BASKET,42-45,35.8,1,-14,2,1,2,2,1,1,116.4,113.4,1
0022400397,2024-25,1,20,8,1,34.4,DREB,33-36,21.6,0,4,0,0,2,1,1,0,128.5,110.5,0
0022400397,2024-25,2,20,8,1,39.2,LIVE_TOV,39-42,35.2,1,4,2,2,2,1,1,0,128.5,110.5,0
0022400397,2024-25,3,8,20,0,30.9,MADE_BASKET,30-33,8.7,0,-10,0,0,1,1,0,0,111.9,116.1,0
0022400398,2024-25,1,22,25,1,36.8,MADE_BASKET,36-39,14.4,0,-2,3,0,1,1,0,0,117.9,112.7,3
0022400398,2024-25,2,25,22,0,35.1,MADE_BASKET,33-36,13.2,0,-11,3,0,1,1,0,0,115.1,119.7,3
0022400398,2024-25,3,22,25,1,33.8,DREB,33-36,21.1,0,-11,0,0,1,1,0,0,117.9,112.7,0
0022400399,2024-25,1,25,4,1,33.6,DREB,33-36,31.8,1,13,2,0,2,2,1,1,115.1,119.8,2
0022400399,2024-25,2,4,25,0,40.5,DREB,39-42,37.4,1,-23,2,0,2,2,1,1,121.0,112.7,2
0022400399,2024-25,3,4,25,0,38.6,MADE_BASKET,36-39,34.4,1,-22,6,0,2,2,1,1,121.0,112.7,6
0022400400,2024-25,1,3,22,0,41.0,MADE_BASKET,39-42,33.9,1,-3,0,0,1,1,0,0,117.0,119.7,0
0022400400,2024-25,2,3,22,0,30.2,MADE_BASKET,30-33,5.7,0,-9,2,3,1,1,0,0,117.0,119.7,-1
0022400400,2024-25,3,22,3,1,39.5,DREB,39-42,29.3,1,12,4,2,2,1,1,0,117.9,117.7,2
0022400401,2024-25,1,11,14,0,33.3,DEAD_BALL,33-36,19.7,0,-4,2,0,1,1,0,0,117.4,116.1,2
0022400401,2024-25,2,14,11,1,39.4,LIVE_TOV,39-42,28.9,1,4,6,3,2,1,1,0,120.3,124.0,3
0022400401,2024-25,3,11,14,0,44.3,MADE_BASKET,42-45,33.6,1,-5,2,0,2,2,1,1,117.4,116.1,2
0022400402,2024-25,1,14,26,0,32.8,DREB,30-33,29.9,1,-2,2,0,1,1,0,0,120.3,119.4,2
0022400402,2024-25,2,26,14,1,38.3,DREB,36-39,32.9,1,-10,0,0,2,2,1,1,115.5,116.1,0
0022400402,2024-25,3,14,26,0,38.2,MADE_BASKET,36-39,30.8,1,7,2,0,2,2,1,1,120.3,119.4,2
0022400403,2024-25,1,29,28,0,44.4,DREB,42-45,36.5,1,0,4,2,3,3,1,1,121.1,113.4,2
0022400403,2024-25,2,28,29,1,38.3,MADE_BASKET,36-39,34.0,1,-2,2,3,2,1,1,0,117.0,115.7,-1
0022400404,2024-25,1,24,14,0,35.5,DREB,33-36,32.4,1,-5,1,5,2,2,1,1,113.7,116.1,-4
0022400404,2024-25,2,24,14,0,36.3,DREB,36-39,33.4,1,-16,4,0,2,1,1,0,113.7,116.1,4
0022400404,2024-25,3,14,24,1,32.3,MADE_BASKET,30-33,30.8,1,6,2,0,2,1,1,0,120.3,113.3,2
0022400405,2024-25,1,15,2,0,44.0,DREB,42-45,27.3,0,2,2,3,2,1,1,0,116.4,119.8,-1
0022400405,2024-25,2,2,15,1,35.2,MADE_BASKET,33-36,17.9,0,4,0,0,1,1,0,0,121.3,111.0,0
0022400406,2024-25,1,2,28,1,37.1,MADE_BASKET,36-39,32.8,1,-5,3,0,2,1,1,0,121.3,113.4,3
0022400406,2024-25,2,2,28,1,38.9,MADE_BASKET,36-39,30.7,1,-2,4,0,2,1,1,0,121.3,113.4,4
0022400406,2024-25,3,2,28,1,32.2,MADE_BASKET,30-33,9.8,0,-5,2,0,1,1,0,0,121.3,113.4,2
0022400407,2024-25,1,26,16,0,36.4,MADE_BASKET,36-39,26.7,0,2,3,2,2,1,1,0,115.5,116.8,1
0022400407,2024-25,2,16,26,1,32.4,MADE_BASKET,30-33,15.9,0,-2,0,2,2,1,1,0,117.0,119.4,-2
0022400407,2024-25,3,16,26,1,38.8,MADE_BASKET,36-39,30.8,1,-4,4,3,2,1,1,0,117.0,119.4,1
0022400408,2024-25,1,8,2,1,33.5,MADE_BASKET,33-36,19.2,0,-7,0,0,1,1,0,0,111.9,119.8,0
0022400408,2024-25,2,8,2,1,36.5,MADE_BASKET,36-39,25.1,0,-10,2,3,1,1,0,0,111.9,119.8,-1
0022400408,2024-25,3,8,2,1,33.6,MADE_BASKET,33-36,14.3,0,-12,0,0,1,1,0,0,111.9,119.8,0
0022400409,2024-25,1,21,14,1,36.3,MADE_BASKET,36-39,18.7,0,6,2,1,1,1,0,0,121.5,116.1,1
0022400409,2024-25,2,14,21,0,38.3,MADE_BASKET,36-39,23.8,0,-9,0,0,1,1,0,0,120.3,107.5,0
0022400409,2024-25,3,21,14,1,41.0,DREB,39-42,26.1,0,2,2,0,1,1,0,0,121.5,116.1,2
0022400410,2024-25,1,28,18,1,40.8,DREB,39-42,33.4,1,2,2,0,2,1,1,0,117.0,116.6,2
0022400410,2024-25,2,28,18,1,32.0,MADE_BASKET,30-33,13.0,0,1,0,2,1,1,0,0,117.0,116.6,-2
0022400410,2024-25,3,18,28,0,38.7,MADE_BASKET,36-39,29.9,1,6,2,3,2,1,1,0,111.7,113.4,-1
0022400411,2024-25,1,1,22,0,30.2,MADE_BASKET,30-33,6.1,0,-9,2,0,1,1,0,0,109.8,119.7,2
0022400411,2024-25,3,22,1,1,40.6,DREB,39-42,34.2,1,16,2,0,2,1,1,0,117.9,116.8,2
0022400412,2024-25,1,23,4,0,41.5,MADE_BASKET,39-42,33.8,1,7,1,2,2,1,1,0,113.4,119.8,-1
0022400412,2024-25,2,4,23,1,42.1,DEAD_BALL,42-45,38.9,1,-5,4,0,2,2,1,1,121.0,116.0,4
0022400412,2024-25,3,23,4,0,35.0,MADE_BASKET,33-36,26.1,0,-5,3,0,1,1,0,0,113.4,119.8,3
0022400413,2024-25,1,20,9,1,43.7,MADE_BASKET,42-45,31.5,1,-6,2,0,1,1,0,0,128.5,119.1,2
0022400413,2024-25,2,20,9,1,31.6,DREB,30-33,20.1,0,4,2,0,1,1,0,0,128.5,119.1,2
0022400413,2024-25,3,20,9,1,38.0,LIVE_TOV,36-39,33.8,1,11,2,3,2,1,1,0,128.5,119.1,-1
0022400414,2024-25,1,5,20,1,35.6,MADE_BASKET,33-36,14.1,0,4,2,1,2,1,1,0,110.9,116.1,1
0022400414,2024-25,2,20,5,0,36.1,MADE_BASKET,36-39,22.2,0,-5,3,2,1,1,0,0,128.5,119.7,1
0022400414,2024-25,3,20,5,0,41.5,MADE_BASKET,39-42,28.4,1,-15,5,2,2,1,1,0,128.5,119.7,3
0022400415,2024-25,2,7,25,0,39.8,MADE_BASKET,39-42,31.1,1,-1,2,0,2,1,1,0,112.3,112.7,2
0022400415,2024-25,3,25,7,1,36.6,MADE_BASKET,36-39,32.7,1,-7,0,2,2,1,1,0,115.1,118.9,-2
0022400416,2024-25,1,28,7,1,42.0,DREB,42-45,29.3,1,7,2,0,1,1,0,0,117.0,118.9,2
0022400416,2024-25,2,7,28,0,36.7,LIVE_TOV,36-39,33.5,1,-16,0,0,2,2,1,1,112.3,113.4,0
0022400416,2024-25,3,7,28,0,37.7,LIVE_TOV,36-39,33.8,1,-22,4,2,2,1,1,0,112.3,113.4,2
0022400417,2024-25,1,9,15,1,43.0,DREB,42-45,28.4,1,6,5,0,2,1,1,0,117.4,111.0,5
0022400417,2024-25,2,15,9,0,43.1,MADE_BASKET,42-45,28.4,1,-6,0,3,2,1,1,0,116.4,119.1,-3
0022400417,2024-25,3,15,9,0,43.7,MADE_BASKET,42-45,36.2,1,-7,2,0,2,2,1,1,116.4,119.1,2
0022400418,2024-25,1,26,20,0,41.1,MADE_BASKET,39-42,29.2,1,6,2,2,2,1,1,0,115.5,116.1,0
0022400418,2024-25,2,26,20,0,36.1,DEAD_BALL,36-39,19.4,0,13,0,2,1,1,0,0,115.5,116.1,-2
0022400418,2024-25,3,26,20,0,36.4,DREB,36-39,31.9,1,20,2,0,2,1,1,0,115.5,116.1,2
0022400419,2024-25,1,25,30,0,43.5,MADE_BASKET,42-45,31.6,1,3,4,3,2,1,1,0,115.1,111.9,1
0022400419,2024-25,2,30,25,1,39.1,MADE_BASKET,39-42,29.3,1,1,3,0,2,1,1,0,112.8,112.7,3
0022400419,2024-25,3,30,25,1,31.3,DREB,30-33,19.9,0,3,2,2,1,1,0,0,112.8,112.7,0
0022400420,2024-25,1,16,17,0,36.9,MADE_BASKET,36-39,20.9,0,-6,0,3,2,1,1,0,117.0,116.3,-3
0022400420,2024-25,2,16,17,0,39.5,MADE_BASKET,39-42,24.6,0,0,3,3,2,1,1,0,117.0,116.3,0
0022400420,2024-25,3,17,16,1,33.3,DREB,33-36,30.7,1,4,1,2,2,1,1,0,125.5,116.8,-1
0022400421,2024-25,2,14,22,0,33.6,MADE_BASKET,33-36,22.8,0,-3,2,2,1,1,0,0,120.3,119.7,0
0022400421,2024-25,3,14,22,0,32.5,DREB,30-33,18.2,0,-9,0,2,2,1,1,0,120.3,119.7,-2
0022400422,2024-25,2,27,28,0,38.0,DEAD_BALL,36-39,29.1,1,-16,4,0,2,1,1,0,108.9,113.4,4
0022400422,2024-25,3,28,27,1,30.6,LIVE_TOV,30-33,7.2,0,7,3,0,1,1,0,0,117.0,116.7,3
0022400423,2024-25,1,24,10,0,36.4,MADE_BASKET,36-39,20.4,0,6,0,3,1,1,0,0,113.7,114.1,-3
0022400424,2024-25,1,19,25,1,32.1,MADE_BASKET,30-33,24.8,0,1,0,2,2,1,1,0,124.0,112.7,-2
0022400424,2024-25,2,19,25,1,33.1,DREB,33-36,13.9,0,3,3,0,1,1,0,0,124.0,112.7,3
0022400424,2024-25,3,25,19,0,37.6,MADE_BASKET,36-39,19.8,0,-6,0,2,1,1,0,0,115.1,110.2,-2
0022400425,2024-25,1,2,26,0,30.3,MADE_BASKET,30-33,9.1,0,-3,2,1,1,1,0,0,121.3,119.4,1
0022400425,2024-25,2,2,26,0,31.0,DREB,30-33,19.7,0,-4,2,2,1,1,0,0,121.3,119.4,0
0022400425,2024-25,3,26,2,1,33.3,DREB,33-36,30.7,1,7,0,0,2,1,1,0,115.5,119.8,0
0022400426,2024-25,1,27,1,0,37.1,MADE_BASKET,36-39,21.8,0,13,0,0,1,1,0,0,108.9,116.8,0
0022400426,2024-25,2,1,27,1,33.0,MADE_BASKET,33-36,21.4,0,-8,4,0,1,1,0,0,109.8,116.7,4
0022400426,2024-25,3,27,1,0,30.0,DREB,30-33,8.8,0,16,0,2,2,1,1,0,108.9,116.8,-2
0022400427,2024-25,1,22,14,0,44.5,DREB,42-45,33.5,1,4,0,0,2,1,1,0,117.9,116.1,0
0022400427,2024-25,2,14,22,1,36.0,MADE_BASKET,36-39,19.4,0,-18,0,3,1,1,0,0,120.3,119.7,-3
0022400427,2024-25,3,14,22,1,43.3,DREB,42-45,32.8,1,-15,4,0,2,2,1,1,120.3,119.7,4
0022400428,2024-25,1,13,3,0,31.7,DREB,30-33,15.4,0,2,0,2,2,1,1,0,110.5,117.7,-2
0022400428,2024-25,2,13,3,0,38.5,MADE_BASKET,36-39,33.5,1,13,0,0,2,1,1,0,110.5,117.7,0
0022400428,2024-25,3,3,13,1,39.1,MADE_BASKET,39-42,26.4,0,-6,2,3,1,1,0,0,117.0,108.4,-1
0022400429,2024-25,1,7,10,0,30.6,MADE_BASKET,30-33,16.7,0,14,2,0,1,1,0,0,112.3,114.1,2
0022400429,2024-25,2,7,10,0,44.4,DREB,42-45,28.0,1,18,4,0,2,1,1,0,112.3,114.1,4
0022400429,2024-25,3,10,7,1,39.3,DREB,39-42,34.7,1,-23,2,0,2,1,1,0,123.1,118.9,2
0022400430,2024-25,1,16,17,1,41.4,DREB,39-42,36.5,1,-4,4,2,2,1,1,0,117.0,116.3,2
0022400430,2024-25,3,17,16,0,43.5,LIVE_TOV,42-45,32.2,1,-6,0,2,2,1,1,0,125.5,116.8,-2
0022400431,2024-25,1,2,24,1,40.3,DREB,39-42,34.6,1,-4,5,3,2,2,1,1,121.3,113.3,2
0022400431,2024-25,2,2,24,1,42.4,DREB,42-45,32.5,1,-1,4,0,2,1,1,0,121.3,113.3,4
0022400431,2024-25,3,2,24,1,33.5,DREB,33-36,22.0,0,21,0,0,1,1,0,0,121.3,113.3,0
0022400432,2024-25,1,18,17,0,38.3,MADE_BASKET,36-39,16.0,0,-9,3,0,1,1,0,0,111.7,116.3,3
0022400432,2024-25,2,18,17,0,33.3,DREB,33-36,17.2,0,-5,2,2,2,1,1,0,111.7,116.3,0
0022400432,2024-25,3,17,18,1,39.8,MADE_BASKET,39-42,31.8,1,0,0,0,2,1,1,0,125.5,116.6,0
0022400433,2024-25,1,24,12,1,34.3,DEAD_BALL,33-36,31.4,1,7,5,2,2,1,1,0,113.7,116.7,3
0022400433,2024-25,2,12,24,0,39.7,DREB,39-42,35.9,1,-15,2,2,2,1,1,0,113.6,113.3,0
0022400433,2024-25,3,24,12,1,39.7,DREB,39-42,31.3,1,15,3,0,1,1,0,0,113.7,116.7,3
0022400434,2024-25,1,4,19,1,43.6,MADE_BASKET,42-45,31.5,1,-11,6,0,2,1,1,0,121.0,110.2,6
0022400434,2024-25,2,19,4,0,42.8,MADE_BASKET,42-45,25.3,0,0,3,3,2,1,1,0,124.0,119.8,0
0022400434,2024-25,3,4,19,1,39.0,MADE_BASKET,39-42,28.9,1,-5,3,3,1,1,0,0,121.0,110.2,0
0022400435,2024-25,1,3,19,1,36.4,MADE_BASKET,36-39,16.5,0,-1,2,0,1,1,0,0,117.0,110.2,2
0022400435,2024-25,2,3,19,1,38.1,MADE_BASKET,36-39,23.9,0,4,0,0,1,1,0,0,117.0,110.2,0
0022400435,2024-25,3,3,19,1,34.7,MADE_BASKET,33-36,11.6,0,4,2,0,2,1,1,0,117.0,110.2,2
0022400436,2024-25,2,16,25,0,35.7,MADE_BASKET,33-36,28.4,1,-11,2,2,2,1,1,0,117.0,112.7,0
0022400436,2024-25,3,16,25,0,32.7,MADE_BASKET,30-33,11.2,0,-9,0,0,1,1,0,0,117.0,112.7,0
0022400437,2024-25,1,3,18,1,34.3,DEAD_BALL,33-36,22.9,0,8,0,3,1,1,0,0,117.0,116.6,-3
0022400437,2024-25,2,3,18,1,32.7,DREB,30-33,9.2,0,12,0,0,1,1,0,0,117.0,116.6,0
0022400437,2024-25,3,3,18,1,36.4,LIVE_TOV,36-39,21.9,0,11,0,3,2,1,1,0,117.0,116.6,-3
0022400438,2024-25,1,8,5,1,36.8,MADE_BASKET,36-39,19.1,0,4,4,2,2,1,1,0,111.9,119.7,2
0022400438,2024-25,2,5,8,0,30.3,DREB,30-33,23.4,0,-13,0,0,1,1,0,0,110.9,110.5,0
0022400438,2024-25,3,8,5,1,44.9,DREB,42-45,33.2,1,14,2,0,2,1,1,0,111.9,119.7,2
0022400439,2024-25,1,14,17,0,31.9,MADE_BASKET,30-33,10.1,0,0,0,0,1,1,0,0,120.3,116.3,0
0022400439,2024-25,3,14,17,0,30.0,MADE_BASKET,30-33,9.4,0,-15,0,0,1,1,0,0,120.3,116.3,0
0022400440,2024-25,1,10,28,1,33.4,MADE_BASKET,33-36,29.6,1,4,0,2,2,1,1,0,123.1,113.4,-2
0022400440,2024-25,2,10,28,1,36.2,MADE_BASKET,36-39,21.4,0,-7,2,1,2,1,1,0,123.1,113.4,1
0022400441,2024-25,1,9,21,1,45.0,LIVE_TOV,42-45,31.2,1,-7,2,2,2,1,1,0,117.4,107.5,0
0022400441,2024-25,3,21,9,0,37.1,MADE_BASKET,36-39,34.2,1,9,2,0,1,1,0,0,121.5,119.1,2
0022400442,2024-25,1,25,3,0,36.2,MADE_BASKET,36-39,31.1,1,6,0,0,1,1,0,0,115.1,117.7,0
0022400442,2024-25,2,25,3,0,40.5,DREB,39-42,30.0,1,-2,2,2,2,1,1,0,115.1,117.7,0
0022400442,2024-25,3,25,3,0,35.9,DREB,33-36,21.0,0,7,0,0,1,1,0,0,115.1,117.7,0
0022400443,2024-25,1,29,12,1,31.0,MADE_BASKET,30-33,13.5,0,9,2,0,1,0,0,0,121.1,116.7,2
0022400443,2024-25,3,12,29,0,36.2,DREB,36-39,28.9,1,-13,0,0,2,1,1,0,113.6,115.7,0
0022400444,2024-25,1,26,11,0,35.1,DREB,33-36,30.9,1,5,4,0,2,2,1,1,115.5,124.0,4
0022400444,2024-25,2,11,26,1,32.2,DREB,30-33,14.2,0,-15,3,0,1,1,0,0,117.4,119.4,3
0022400444,2024-25,3,11,26,1,41.3,DREB,39-42,31.2,1,-13,4,0,2,2,1,1,117.4,119.4,4
0022400445,2024-25,1,28,14,0,42.6,DREB,42-45,29.5,1,1,2,2,2,1,1,0,117.0,116.1,0
0022400445,2024-25,2,14,28,1,33.9,DREB,33-36,21.1,0,-2,2,0,1,1,0,0,120.3,113.4,2
0022400445,2024-25,3,28,14,0,38.7,MADE_BASKET,36-39,31.0,1,-13,0,2,2,1,1,0,117.0,116.1,-2
0022400446,2024-25,1,20,3,1,32.8,MADE_BASKET,30-33,9.5,0,-6,3,0,1,1,0,0,128.5,117.7,3
0022400446,2024-25,3,20,3,1,44.1,MADE_BASKET,42-45,32.5,1,-5,2,0,1,1,0,0,128.5,117.7,2
0022400447,2024-25,1,6,11,0,43.8,LIVE_TOV,42-45,36.4,1,5,2,1,2,2,1,1,119.4,124.0,1
0022400447,2024-25,2,11,6,1,45.0,MADE_BASKET,42-45,40.8,1,-6,5,2,2,2,1,1,117.4,108.5,3
0022400447,2024-25,3,6,11,0,40.2,MADE_BASKET,39-42,33.7,1,8,0,0,2,1,1,0,119.4,124.0,0
0022400448,2024-25,1,20,9,0,37.1,MADE_BASKET,36-39,31.4,1,-4,0,2,2,1,1,0,128.5,119.1,-2
0022400448,2024-25,2,9,20,1,39.0,DREB,39-42,18.3,0,-3,0,0,1,1,0,0,117.4,116.1,0
0022400448,2024-25,3,20,9,0,34.5,DREB,33-36,15.7,0,8,2,2,1,1,0,0,128.5,119.1,0
0022400449,2024-25,1,25,11,1,40.7,MADE_BASKET,39-42,36.0,1,-12,4,2,2,2,1,1,115.1,124.0,2
0022400449,2024-25,3,11,25,0,44.1,MADE_BASKET,42-45,31.2,1,1,5,0,2,1,1,0,117.4,112.7,5
0022400450,2024-25,1,6,28,1,42.6,MADE_BASKET,42-45,28.5,1,-2,3,3,2,2,1,1,119.4,113.4,0
0022400450,2024-25,2,6,28,1,44.7,DREB,42-45,34.7,1,9,0,0,2,1,1,0,119.4,113.4,0
0022400450,2024-25,3,28,6,0,41.2,MADE_BASKET,39-42,28.9,1,-8,2,0,2,1,1,0,117.0,108.5,2
0022400451,2024-25,1,15,9,1,35.0,DREB,33-36,22.0,0,10,0,2,1,1,0,0,116.4,119.1,-2
0022400451,2024-25,2,15,9,1,36.6,MADE_BASKET,36-39,17.5,0,8,0,0,1,1,0,0,116.4,119.1,0
0022400451,2024-25,3,9,15,0,38.3,DREB,36-39,31.8,1,-8,0,0,2,1,1,0,117.4,111.0,0
0022400452,2024-25,1,8,1,0,44.5,DREB,42-45,37.4,1,-4,3,1,2,2,1,1,111.9,116.8,2
0022400452,2024-25,2,8,1,0,38.6,DREB,36-39,28.5,1,-4,2,2,2,1,1,0,111.9,116.8,0
0022400452,2024-25,3,8,1,0,30.3,DREB,30-33,8.5,0,-8,0,0,1,1,0,0,111.9,116.8,0
0022400453,2024-25,1,5,13,1,40.3,DREB,39-42,31.7,1,7,3,3,2,1,1,0,110.9,108.4,0
0022400453,2024-25,2,13,5,0,44.2,DREB,42-45,31.0,1,-9,3,2,2,1,1,0,110.5,119.7,1
0022400453,2024-25,3,13,5,0,36.6,MADE_BASKET,36-39,20.0,0,0,0,0,1,1,0,0,110.5,119.7,0
0022400454,2024-25,1,4,28,1,44.6,MADE_BASKET,42-45,37.3,1,-5,0,5,2,2,1,1,121.0,113.4,-5
0022400454,2024-25,3,28,4,0,33.1,DREB,33-36,21.9,0,7,0,3,2,1,1,0,117.0,119.8,-3
0022400455,2024-25,1,12,14,1,44.0,MADE_BASKET,42-45,22.2,0,-4,0,0,1,1,0,0,113.6,116.1,0
0022400455,2024-25,2,14,12,0,39.7,MADE_BASKET,39-42,30.5,1,-6,1,0,1,1,0,0,120.3,116.7,1
0022400456,2024-25,2,29,21,0,37.8,LIVE_TOV,36-39,29.9,1,-2,2,0,2,2,1,1,121.1,107.5,2
0022400456,2024-25,3,29,21,0,42.3,DREB,42-45,30.7,1,-3,4,0,2,1,1,0,121.1,107.5,4
0022400457,2024-25,1,9,29,1,36.2,MADE_BASKET,36-39,23.8,0,-4,0,3,2,1,1,0,117.4,115.7,-3
0022400457,2024-25,2,9,29,1,34.3,DREB,33-36,20.6,0,-7,2,2,1,1,0,0,117.4,115.7,0
0022400457,2024-25,3,9,29,1,35.3,MADE_BASKET,33-36,15.7,0,-7,2,3,2,1,1,0,117.4,115.7,-1
0022400458,2024-25,1,6,8,1,41.0,MADE_BASKET,39-42,22.6,0,4,2,2,1,1,0,0,119.4,110.5,0
0022400458,2024-25,2,6,8,1,37.1,DREB,36-39,17.5,0,0,0,2,1,1,0,0,119.4,110.5,-2
0022400458,2024-25,3,6,8,1,40.8,DREB,39-42,21.7,0,-6,0,0,1,1,0,0,119.4,110.5,0
0022400459,2024-25,1,2,28,0,37.1,DREB,36-39,16.8,0,2,3,0,1,1,0,0,121.3,113.4,3
0022400459,2024-25,3,2,28,0,32.2,MADE_BASKET,30-33,9.1,0,-4,0,0,1,0,0,0,121.3,113.4,0
0022400460,2024-25,1,10,3,1,45.0,MADE_BASKET,42-45,33.8,1,11,2,0,2,1,1,0,123.1,117.7,2
0022400460,2024-25,2,10,3,1,41.1,MADE_BASKET,39-42,33.0,1,9,3,0,2,1,1,0,123.1,117.7,3
0022400460,2024-25,3,10,3,1,41.6,MADE_BASKET,39-42,28.6,1,8,3,3,2,1,1,0,123.1,117.7,0
0022400461,2024-25,1,11,6,0,44.0,DREB,42-45,39.2,1,0,2,0,2,2,1,1,117.4,108.5,2
0022400461,2024-25,3,11,6,0,31.3,MADE_BASKET,30-33,16.2,0,11,2,0,2,1,1,0,117.4,108.5,2
0022400462,2024-25,1,19,25,0,32.9,MADE_BASKET,30-33,28.6,1,0,0,2,2,2,1,1,124.0,112.7,-2
0022400462,2024-25,2,19,25,0,36.0,MADE_BASKET,36-39,15.5,0,5,2,0,1,1,0,0,124.0,112.7,2
0022400462,2024-25,3,19,25,0,33.2,DREB,33-36,16.6,0,11,2,2,1,1,0,0,124.0,112.7,0
0022400463,2024-25,1,16,4,1,38.5,MADE_BASKET,36-39,21.4,0,-14,2,2,1,1,0,0,117.0,119.8,0
0022400463,2024-25,2,16,4,1,34.7,MADE_BASKET,33-36,16.9,0,-13,0,0,1,1,0,0,117.0,119.8,0
0022400464,2024-25,2,23,6,0,36.1,MADE_BASKET,36-39,19.6,0,-8,0,3,1,1,0,0,113.4,108.5,-3
0022400464,2024-25,3,6,23,1,43.0,DREB,42-45,33.3,1,2,2,0,2,1,1,0,119.4,116.0,2
0022400465,2024-25,1,15,24,0,39.3,DREB,39-42,33.1,1,-1,0,2,2,2,1,1,116.4,113.3,-2
0022400465,2024-25,2,15,24,0,32.1,DREB,30-33,13.7,0,-1,5,0,2,1,1,0,116.4,113.3,5
0022400465,2024-25,3,24,15,1,40.9,MADE_BASKET,39-42,33.9,1,4,0,2,2,1,1,0,113.7,111.0,-2
0022400466,2024-25,2,15,30,1,37.7,MADE_BASKET,36-39,19.0,0,9,1,2,1,1,0,0,116.4,111.9,-1
0022400466,2024-25,3,30,15,0,38.5,DREB,36-39,31.0,1,-7,3,0,2,1,1,0,112.8,111.0,3
0022400467,2024-25,1,9,16,1,44.6,DREB,42-45,33.8,1,3,0,0,2,1,1,0,117.4,116.8,0
0022400467,2024-25,2,9,16,1,32.6,DREB,30-33,16.4,0,5,2,2,1,1,0,0,117.4,116.8,0
0022400467,2024-25,3,9,16,1,39.1,MADE_BASKET,39-42,29.7,1,0,2,3,2,1,1,0,117.4,116.8,-1
0022400468,2024-25,1,14,26,1,35.7,MADE_BASKET,33-36,15.2,0,-6,2,2,2,1,1,0,120.3,119.4,0
0022400468,2024-25,3,26,14,0,32.4,DREB,30-33,28.3,1,6,5,0,2,1,1,0,115.5,116.1,5
0022400469,2024-25,1,21,27,0,33.6,DREB,33-36,29.7,1,4,0,0,2,1,1,0,121.5,116.7,0
0022400469,2024-25,3,21,27,0,32.8,MADE_BASKET,30-33,7.5,0,10,2,0,1,1,0,0,121.5,116.7,2
0022400470,2024-25,1,23,4,1,41.2,MADE_BASKET,39-42,34.4,1,-2,0,2,2,1,1,0,113.4,119.8,-2
0022400470,2024-25,2,4,23,0,38.4,LIVE_TOV,36-39,35.0,1,-8,2,2,2,1,1,0,121.0,116.0,0
0022400470,2024-25,3,4,23,0,30.7,LIVE_TOV,30-33,10.2,0,-10,2,2,1,1,0,0,121.0,116.0,0
0022400471,2024-25,1,22,6,0,34.0,MADE_BASKET,33-36,16.2,0,-5,2,0,1,1,0,0,117.9,108.5,2
0022400471,2024-25,2,6,22,1,34.8,MADE_BASKET,33-36,31.2,1,3,2,2,2,1,1,0,119.4,119.7,0
0022400471,2024-25,3,6,22,1,41.8,DREB,39-42,28.5,1,2,3,0,1,1,0,0,119.4,119.7,3
0022400472,2024-25,2,14,30,1,34.9,MADE_BASKET,33-36,29.6,1,4,1,0,2,1,1,0,120.3,111.9,1
0022400473,2024-25,1,1,18,0,40.3,MADE_BASKET,39-42,34.8,1,-11,2,3,2,2,1,1,109.8,116.6,-1
0022400473,2024-25,2,18,1,1,34.6,MADE_BASKET,33-36,25.8,0,12,0,0,1,1,0,0,111.7,116.8,0
0022400473,2024-25,3,18,1,1,39.5,DREB,39-42,30.5,1,20,5,4,2,2,1,1,111.7,116.8,1
0022400474,2024-25,1,29,25,1,35.5,DREB,33-36,22.9,0,-3,0,0,1,1,0,0,121.1,112.7,0
0022400474,2024-25,2,29,25,1,45.0,DREB,42-45,31.3,1,-10,0,2,2,2,1,1,121.1,112.7,-2
0022400474,2024-25,3,29,25,1,37.8,DREB,36-39,34.6,1,-10,4,0,2,1,1,0,121.1,112.7,4
0022400475,2024-25,2,8,12,0,36.0,MADE_BASKET,36-39,20.0,0,-14,2,0,1,1,0,0,111.9,116.7,2
0022400475,2024-25,3,8,12,0,44.8,DREB,42-45,30.1,1,-13,0,0,2,1,1,0,111.9,116.7,0
0022400476,2024-25,1,2,15,0,39.2,DREB,39-42,28.4,1,3,0,2,2,2,1,1,121.3,111.0,-2
0022400476,2024-25,2,2,15,0,44.9,MADE_BASKET,42-45,35.5,1,8,0,3,2,1,1,0,121.3,111.0,-3
0022400476,2024-25,3,2,15,0,44.4,DREB,42-45,36.9,1,10,3,2,2,1,1,0,121.3,111.0,1
0022400477,2024-25,1,8,19,0,35.6,DREB,33-36,19.5,0,-3,0,0,1,1,0,0,111.9,110.2,0
0022400477,2024-25,2,19,8,1,30.3,DREB,30-33,8.8,0,10,2,0,1,1,0,0,124.0,110.5,2
0022400477,2024-25,3,19,8,1,36.9,MADE_BASKET,36-39,28.7,1,19,0,1,1,1,0,0,124.0,110.5,-1
0022400478,2024-25,1,11,26,1,41.7,DREB,39-42,30.2,1,0,0,2,2,1,1,0,117.4,119.4,-2
0022400478,2024-25,2,26,11,0,41.7,MADE_BASKET,39-42,33.3,1,-9,3,0,2,1,1,0,115.5,124.0,3
0022400478,2024-25,3,26,11,0,44.1,MADE_BASKET,42-45,34.8,1,-3,5,2,3,2,1,1,115.5,124.0,3
0022400479,2024-25,1,30,6,0,30.3,MADE_BASKET,30-33,9.2,0,2,2,0,1,1,0,0,112.8,108.5,2
0022400479,2024-25,2,6,30,1,40.1,MADE_BASKET,39-42,22.6,0,3,2,0,1,1,0,0,119.4,111.9,2
0022400479,2024-25,3,6,30,1,35.1,MADE_BASKET,33-36,25.0,0,-4,0,0,2,1,1,0,119.4,111.9,0
0022400480,2024-25,1,29,11,1,44.5,LIVE_TOV,42-45,28.8,1,-2,2,3,2,1,1,0,121.1,124.0,-1
0022400480,2024-25,2,11,29,0,36.5,DREB,36-39,30.2,1,2,2,3,2,1,1,0,117.4,115.7,-1
0022400480,2024-25,3,11,29,0,31.2,MADE_BASKET,30-33,16.4,0,-2,0,0,1,1,0,0,117.4,115.7,0
0022400481,2024-25,1,7,27,0,36.1,DREB,36-39,30.4,1,5,0,0,2,1,1,0,112.3,116.7,0
0022400481,2024-25,2,7,27,0,45.0,MADE_BASKET,42-45,29.8,1,3,2,0,2,1,1,0,112.3,116.7,2
0022400481,2024-25,3,7,27,0,34.2,MADE_BASKET,33-36,17.9,0,17,0,2,1,1,0,0,112.3,116.7,-2
0022400482,2024-25,1,9,18,0,36.0,DEAD_BALL,36-39,24.2,0,0,2,0,1,1,0,0,117.4,116.6,2
0022400482,2024-25,2,18,9,1,39.9,DREB,39-42,34.1,1,-9,4,4,2,2,1,1,111.7,119.1,0
0022400482,2024-25,3,18,9,1,38.6,MADE_BASKET,36-39,32.9,1,-9,3,2,1,1,0,0,111.7,119.1,1
0022400483,2024-25,1,20,25,0,42.0,DREB,42-45,33.2,1,3,2,0,1,1,0,0,128.5,112.7,2
0022400483,2024-25,2,20,25,0,33.2,DREB,33-36,10.9,0,2,0,2,1,1,0,0,128.5,112.7,-2
0022400483,2024-25,3,20,25,0,32.7,DREB,30-33,29.9,1,0,2,3,2,1,1,0,128.5,112.7,-1
0022400484,2024-25,1,4,16,1,42.1,DREB,42-45,36.7,1,-7,5,2,3,2,1,1,121.0,116.8,3
0022400484,2024-25,2,16,4,0,38.0,DREB,36-39,21.0,0,4,0,2,2,1,1,0,117.0,119.8,-2
0022400484,2024-25,3,16,4,0,38.8,DEAD_BALL,36-39,31.8,1,8,4,2,2,2,1,1,117.0,119.8,2
0022400485,2024-25,1,2,7,0,32.2,MADE_BASKET,30-33,8.6,0,5,0,2,2,1,1,0,121.3,118.9,-2
0022400485,2024-25,2,2,7,0,39.7,DREB,39-42,36.5,1,-1,3,0,2,2,1,1,121.3,118.9,3
0022400485,2024-25,3,7,2,1,43.2,LIVE_TOV,42-45,32.1,1,5,4,0,2,1,1,0,112.3,119.8,4
0022400486,2024-25,1,9,14,0,34.5,MADE_BASKET,33-36,28.7,1,11,2,2,2,1,1,0,117.4,116.1,0
0022400486,2024-25,3,14,9,1,41.6,LIVE_TOV,39-42,34.7,1,-22,2,0,2,1,1,0,120.3,119.1,2
0022400487,2024-25,1,4,6,1,36.0,MADE_BASKET,36-39,22.8,0,7,1,0,1,1,0,0,121.0,108.5,1
0022400487,2024-25,2,4,6,1,36.7,MADE_BASKET,36-39,17.3,0,2,2,2,1,1,0,0,121.0,108.5,0
0022400487,2024-25,3,6,4,0,35.4,DREB,33-36,29.4,1,0,4,0,2,1,1,0,119.4,119.8,4
0022400488,2024-25,1,6,30,1,37.0,DEAD_BALL,36-39,31.0,1,5,0,2,2,1,1,0,119.4,111.9,-2
0022400488,2024-25,2,6,30,1,32.3,DREB,30-33,16.4,0,-3,0,0,1,1,0,0,119.4,111.9,0
0022400488,2024-25,3,30,6,0,33.7,MADE_BASKET,33-36,29.7,1,5,2,0,2,1,1,0,112.8,108.5,2
0022400489,2024-25,1,6,7,1,35.3,DREB,33-36,31.7,1,1,6,0,2,1,1,0,119.4,118.9,6
0022400489,2024-25,3,6,7,1,41.7,LIVE_TOV,39-42,34.0,1,9,0,0,2,1,1,0,119.4,118.9,0
0022400490,2024-25,1,19,2,0,42.1,MADE_BASKET,42-45,21.8,0,-3,0,2,1,1,0,0,124.0,119.8,-2
0022400490,2024-25,2,2,19,1,37.4,DREB,36-39,30.9,1,-2,1,2,2,1,1,0,121.3,110.2,-1
0022400490,2024-25,3,19,2,0,44.0,MADE_BASKET,42-45,28.3,1,-2,2,0,2,1,1,0,124.0,119.8,2
0022400491,2024-25,1,20,30,0,37.3,MADE_BASKET,36-39,30.8,1,2,2,2,2,1,1,0,128.5,111.9,0
0022400491,2024-25,2,20,30,0,41.3,DREB,39-42,31.5,1,11,2,2,2,1,1,0,128.5,111.9,0
0022400491,2024-25,3,30,20,1,34.4,DREB,33-36,18.7,0,-24,0,0,1,1,0,0,112.8,116.1,0
0022400492,2024-25,1,21,24,1,40.8,DREB,39-42,30.8,1,8,2,0,2,1,1,0,121.5,113.3,2
0022400492,2024-25,2,21,24,1,43.6,MADE_BASKET,42-45,33.3,1,13,2,3,1,1,0,0,121.5,113.3,-1
0022400492,2024-25,3,24,21,0,42.1,MADE_BASKET,42-45,37.8,1,-3,0,2,2,1,1,0,113.7,107.5,-2
0022400493,2024-25,1,22,14,0,43.9,MADE_BASKET,42-45,29.0,1,3,2,3,2,1,1,0,117.9,116.1,-1
0022400493,2024-25,3,22,14,0,37.4,DEAD_BALL,36-39,16.7,0,7,0,0,1,1,0,0,117.9,116.1,0
0022400494,2024-25,1,20,10,0,41.8,MADE_BASKET,39-42,31.1,1,2,2,3,2,1,1,0,128.5,114.1,-1
0022400494,2024-25,2,10,20,1,39.1,MADE_BASKET,39-42,24.4,0,-11,0,0,1,1,0,0,123.1,116.1,0
0022400494,2024-25,3,10,20,1,36.7,DREB,36-39,22.3,0,-8,1,2,1,1,0,0,123.1,116.1,-1
0022400495,2024-25,1,26,23,0,39.6,DEAD_BALL,39-42,30.6,1,1,2,0,2,1,1,0,115.5,116.0,2
0022400495,2024-25,2,23,26,1,31.4,MADE_BASKET,30-33,15.3,0,1,0,0,1,1,0,0,113.4,119.4,0
0022400495,2024-25,3,26,23,0,43.0,MADE_BASKET,42-45,29.9,1,0,1,3,2,1,1,0,115.5,116.0,-2
0022400496,2024-25,1,7,21,0,35.1,DEAD_BALL,33-36,23.4,0,4,0,0,2,1,1,0,112.3,107.5,0
0022400496,2024-25,3,21,7,1,32.5,DREB,30-33,20.6,0,4,3,0,2,1,1,0,121.5,118.9,3
0022400497,2024-25,1,30,26,1,41.6,MADE_BASKET,39-42,31.8,1,-4,2,3,1,1,0,0,112.8,119.4,-1
0022400497,2024-25,2,26,30,0,30.0,MADE_BASKET,30-33,7.9,0,4,1,2,1,1,0,0,115.5,111.9,-1
0022400497,2024-25,3,26,30,0,38.3,MADE_BASKET,36-39,30.0,1,4,6,3,2,1,1,0,115.5,111.9,3
0022400498,2024-25,1,7,5,1,44.9,MADE_BASKET,42-45,28.9,1,-4,2,2,2,1,1,0,112.3,119.7,0
0022400498,2024-25,2,5,7,0,30.9,DREB,30-33,8.8,0,3,2,0,1,0,0,0,110.9,118.9,2
0022400498,2024-25,3,7,5,1,31.0,DREB,30-33,8.3,0,-9,2,2,2,1,1,0,112.3,119.7,0
0022400499,2024-25,1,6,22,0,32.0,MADE_BASKET,30-33,9.7,0,-4,2,0,1,1,0,0,119.4,119.7,2
0022400499,2024-25,2,22,6,1,39.8,MADE_BASKET,39-42,34.0,1,2,2,0,2,1,1,0,117.9,108.5,2
0022400499,2024-25,3,6,22,0,41.6,DEAD_BALL,39-42,35.9,1,-9,3,3,2,2,1,1,119.4,119.7,0
0022400500,2024-25,1,6,24,0,33.0,MADE_BASKET,33-36,23.5,0,0,2,0,1,1,0,0,119.4,113.3,2
0022400500,2024-25,2,6,24,0,32.1,LIVE_TOV,30-33,29.1,1,-3,3,4,2,2,1,1,119.4,113.3,-1
0022400500,2024-25,3,24,6,1,36.7,MADE_BASKET,36-39,16.8,0,1,0,2,2,1,1,0,113.7,108.5,-2
0022400501,2024-25,1,5,11,1,41.8,DREB,39-42,39.5,1,0,0,2,2,2,1,1,110.9,124.0,-2
0022400501,2024-25,2,5,11,1,41.2,DEAD_BALL,39-42,24.0,0,2,3,0,1,1,0,0,110.9,124.0,3
0022400501,2024-25,3,11,5,0,42.5,MADE_BASKET,42-45,30.3,1,2,4,0,2,2,1,1,117.4,119.7,4
0022400502,2024-25,1,12,18,1,39.3,MADE_BASKET,39-42,22.3,0,0,0,0,1,1,0,0,113.6,116.6,0
0022400502,2024-25,3,12,18,1,41.9,MADE_BASKET,39-42,40.1,1,-9,5,0,2,1,1,0,113.6,116.6,5
0022400503,2024-25,2,9,10,1,35.2,DREB,33-36,31.3,1,-1,2,2,2,2,1,1,117.4,114.1,0
0022400503,2024-25,3,9,10,1,35.9,MADE_BASKET,33-36,18.9,0,3,0,2,2,1,1,0,117.4,114.1,-2
0022400504,2024-25,3,26,8,1,44.8,MADE_BASKET,42-45,40.4,1,-2,4,2,3,2,1,1,115.5,110.5,2
0022400505,2024-25,2,2,4,1,30.1,MADE_BASKET,30-33,7.9,0,2,3,2,1,1,0,0,121.3,119.8,1
0022400505,2024-25,3,4,2,0,36.2,DREB,36-39,30.0,1,-12,0,3,2,1,1,0,121.0,119.8,-3
0022400506,2024-25,1,13,18,0,41.6,MADE_BASKET,39-42,21.1,0,1,0,0,1,1,0,0,110.5,116.6,0
0022400506,2024-25,2,18,13,1,37.4,DREB,36-39,29.9,1,-9,0,0,1,1,0,0,111.7,108.4,0
0022400506,2024-25,3,18,13,1,41.0,DREB,39-42,33.5,1,-14,3,0,2,1,1,0,111.7,108.4,3
0022400507,2024-25,1,27,11,1,36.8,MADE_BASKET,36-39,12.1,0,-2,2,3,1,1,0,0,108.9,124.0,-1
0022400507,2024-25,2,11,27,0,31.6,MADE_BASKET,30-33,17.9,0,0,3,3,2,1,1,0,117.4,116.7,0
0022400507,2024-25,3,27,11,1,31.0,DREB,30-33,18.4,0,11,0,2,1,1,0,0,108.9,124.0,-2
0022400508,2024-25,1,4,14,0,38.2,MADE_BASKET,36-39,32.8,1,-3,5,0,2,2,1,1,121.0,116.1,5
0022400508,2024-25,2,4,14,0,43.7,MADE_BASKET,42-45,34.7,1,8,3,3,2,2,1,1,121.0,116.1,0
0022400508,2024-25,3,14,4,1,31.8,DREB,30-33,21.7,0,1,2,2,2,1,1,0,120.3,119.8,0
0022400509,2024-25,1,27,28,0,37.9,DREB,36-39,19.8,0,-10,2,0,1,1,0,0,108.9,113.4,2
0022400509,2024-25,2,27,28,0,38.8,DREB,36-39,31.2,1,-2,0,0,2,2,1,1,108.9,113.4,0
0022400509,2024-25,3,28,27,1,39.5,MADE_BASKET,39-42,29.7,1,-6,1,3,2,2,1,1,117.0,116.7,-2
0022400510,2024-25,1,24,12,0,33.0,DREB,33-36,31.2,1,-2,2,0,2,1,1,0,113.7,116.7,2
0022400510,2024-25,2,24,12,0,42.1,DREB,42-45,34.7,1,0,2,2,2,2,1,1,113.7,116.7,0
0022400510,2024-25,3,12,24,1,34.1,MADE_BASKET,33-36,28.8,1,-6,2,2,2,1,1,0,113.6,113.3,0
0022400511,2024-25,1,23,5,1,30.3,DREB,30-33,10.1,0,4,2,2,1,1,0,0,113.4,119.7,0
0022400511,2024-25,2,5,23,0,42.6,MADE_BASKET,42-45,27.0,0,-4,0,0,1,1,0,0,110.9,116.0,0
0022400512,2024-25,1,17,20,0,41.2,LIVE_TOV,39-42,32.5,1,-3,4,2,2,1,1,0,125.5,116.1,2
0022400512,2024-25,2,20,17,1,35.7,DREB,33-36,31.9,1,-4,6,3,2,1,1,0,128.5,116.3,3
0022400512,2024-25,3,20,17,1,42.1,MADE_BASKET,42-45,32.5,1,-8,3,0,2,1,1,0,128.5,116.3,3
0022400513,2024-25,1,8,22,0,37.5,MADE_BASKET,36-39,24.1,0,1,2,0,1,1,0,0,111.9,119.7,2
0022400513,2024-25,2,22,8,1,44.5,DREB,42-45,41.9,1,-10,4,3,2,2,1,1,117.9,110.5,1
0022400513,2024-25,3,22,8,1,30.9,MADE_BASKET,30-33,14.0,0,-11,0,0,1,0,0,0,117.9,110.5,0
0022400514,2024-25,1,23,28,1,40.2,MADE_BASKET,39-42,29.1,1,-10,2,2,1,1,0,0,113.4,113.4,0
0022400514,2024-25,2,28,23,0,37.6,MADE_BASKET,36-39,19.6,0,14,3,1,2,1,1,0,117.0,116.0,2
0022400514,2024-25,3,23,28,1,43.0,MADE_BASKET,42-45,28.5,1,-9,4,2,2,1,1,0,113.4,113.4,2
0022400515,2024-25,2,3,27,1,40.3,DREB,39-42,21.5,0,-2,5,0,1,1,0,0,117.0,116.7,5
0022400515,2024-25,3,3,27,1,38.3,DREB,36-39,26.4,0,6,2,0,2,1,1,0,117.0,116.7,2
0022400517,2024-25,1,1,29,1,41.2,DREB,39-42,29.4,1,4,3,2,2,2,1,1,109.8,115.7,1
0022400517,2024-25,2,1,29,1,39.3,LIVE_TOV,39-42,36.6,1,6,2,3,2,1,1,0,109.8,115.7,-1
0022400517,2024-25,3,1,29,1,31.1,MADE_BASKET,30-33,7.6,0,-1,2,2,1,1,0,0,109.8,115.7,0
0022400518,2024-25,1,13,10,0,32.8,DREB,30-33,13.8,0,-16,2,2,2,1,1,0,110.5,114.1,0
0022400518,2024-25,2,10,13,1,41.5,MADE_BASKET,39-42,29.5,1,17,3,0,2,1,1,0,123.1,108.4,3
0022400519,2024-25,1,13,14,0,32.4,DREB,30-33,18.3,0,2,0,0,1,1,0,0,110.5,116.1,0
0022400519,2024-25,2,14,13,1,38.3,MADE_BASKET,36-39,21.7,0,-6,0,1,1,1,0,0,120.3,108.4,-1
0022400519,2024-25,3,13,14,0,37.2,MADE_BASKET,36-39,14.9,0,7,0,0,1,0,0,0,110.5,116.1,0
0022400520,2024-25,1,19,17,1,30.4,DREB,30-33,17.6,0,-14,2,0,2,1,1,0,124.0,116.3,2
0022400520,2024-25,2,17,19,0,35.4,DREB,33-36,19.1,0,14,3,3,2,1,1,0,125.5,110.2,0
0022400520,2024-25,3,17,19,0,38.7,DREB,36-39,31.0,1,8,2,2,2,1,1,0,125.5,110.2,0
0022400521,2024-25,1,29,30,1,44.7,MADE_BASKET,42-45,35.0,1,-4,0,5,2,2,1,1,121.1,111.9,-5
0022400521,2024-25,2,29,30,1,31.0,MADE_BASKET,30-33,17.4,0,-7,2,0,1,1,0,0,121.1,111.9,2
0022400521,2024-25,3,30,29,0,33.3,DREB,33-36,10.1,0,5,2,0,1,1,0,0,112.8,115.7,2
0022400522,2024-25,1,10,1,1,35.4,DREB,33-36,27.8,0,16,0,2,2,1,1,0,123.1,116.8,-2
0022400522,2024-25,2,10,1,1,38.3,DREB,36-39,34.0,1,23,2,3,2,2,1,1,123.1,116.8,-1
0022400522,2024-25,3,10,1,1,31.8,DREB,30-33,19.0,0,13,0,0,1,1,0,0,123.1,116.8,0
0022400523,2024-25,1,29,15,1,34.6,MADE_BASKET,33-36,18.7,0,1,5,2,1,1,0,0,121.1,111.0,3
0022400523,2024-25,2,15,29,0,32.2,DREB,30-33,20.8,0,-16,2,0,1,1,0,0,116.4,115.7,2
0022400523,2024-25,3,29,15,1,44.5,DREB,42-45,42.5,1,8,0,2,2,2,1,1,121.1,111.0,-2
0022400524,2024-25,1,17,10,0,44.7,MADE_BASKET,42-45,38.9,1,0,2,0,2,1,1,0,125.5,114.1,2
0022400524,2024-25,2,17,10,0,31.2,MADE_BASKET,30-33,9.8,0,-3,2,0,1,1,0,0,125.5,114.1,2
0022400524,2024-25,3,10,17,1,38.9,MADE_BASKET,36-39,33.7,1,-4,2,2,2,2,1,1,123.1,116.3,0
0022400525,2024-25,1,28,10,1,36.7,DEAD_BALL,36-39,28.8,1,-2,0,0,2,1,1,0,117.0,114.1,0
0022400525,2024-25,3,28,10,1,41.2,MADE_BASKET,39-42,29.4,1,-1,0,3,2,1,1,0,117.0,114.1,-3
0022400526,2024-25,1,30,5,0,41.3,LIVE_TOV,39-42,33.1,1,-13,1,3,2,1,1,0,112.8,119.7,-2
0022400526,2024-25,2,30,5,0,43.6,DEAD_BALL,42-45,33.2,1,-24,2,4,2,2,1,1,112.8,119.7,-2
0022400526,2024-25,3,30,5,0,40.9,DREB,39-42,30.9,1,-11,4,0,2,1,1,0,112.8,119.7,4
0022400527,2024-25,1,22,21,0,37.0,MADE_BASKET,36-39,17.3,0,1,3,0,1,1,0,0,117.9,107.5,3
0022400527,2024-25,2,21,22,1,41.9,DREB,39-42,31.2,1,-4,0,2,1,1,0,0,121.5,119.7,-2
0022400528,2024-25,1,13,4,0,44.1,MADE_BASKET,42-45,23.3,0,-7,0,3,2,1,1,0,110.5,119.8,-3
0022400528,2024-25,2,13,4,0,42.0,LIVE_TOV,42-45,34.4,1,-16,4,2,2,2,1,1,110.5,119.8,2
0022400528,2024-25,3,13,4,0,32.3,MADE_BASKET,30-33,10.2,0,-5,2,0,1,1,0,0,110.5,119.8,2
0022400529,2024-25,1,19,25,1,34.9,DREB,33-36,20.0,0,-12,3,2,1,1,0,0,124.0,112.7,1
0022400529,2024-25,2,19,25,1,30.3,DREB,30-33,7.8,0,-15,3,0,1,1,0,0,124.0,112.7,3
0022400529,2024-25,3,19,25,1,37.5,MADE_BASKET,36-39,25.4,0,-19,2,2,1,1,0,0,124.0,112.7,0
0022400530,2024-25,1,26,25,1,40.7,MADE_BASKET,39-42,37.8,1,2,2,0,2,1,1,0,115.5,112.7,2
0022400530,2024-25,2,26,25,1,30.8,LIVE_TOV,30-33,21.2,0,6,2,0,1,1,0,0,115.5,112.7,2
0022400531,2024-25,1,22,8,1,36.2,MADE_BASKET,36-39,18.5,0,-5,3,2,1,1,0,0,117.9,110.5,1
0022400531,2024-25,2,8,22,0,34.6,LIVE_TOV,33-36,31.8,1,15,2,0,2,1,1,0,111.9,119.7,2
0022400531,2024-25,3,8,22,0,45.0,MADE_BASKET,42-45,40.4,1,13,2,2,2,2,1,1,111.9,119.7,0
0022400532,2024-25,2,12,21,1,34.3,DREB,33-36,29.0,1,17,3,2,2,1,1,0,113.6,107.5,1
0022400532,2024-25,3,12,21,1,31.8,DREB,30-33,29.0,1,8,0,2,2,2,1,1,113.6,107.5,-2
0022400533,2024-25,1,18,27,0,38.7,DREB,36-39,32.0,1,-21,3,0,1,1,0,0,111.7,116.7,3
0022400533,2024-25,2,27,18,1,39.1,DREB,39-42,35.9,1,18,2,2,2,1,1,0,108.9,116.6,0
0022400533,2024-25,3,27,18,1,32.1,MADE_BASKET,30-33,23.2,0,20,0,2,1,1,0,0,108.9,116.6,-2
0022400534,2024-25,1,26,16,1,43.5,MADE_BASKET,42-45,31.0,1,-18,3,2,2,1,1,0,115.5,116.8,1
0022400535,2024-25,1,1,28,0,34.2,MADE_BASKET,33-36,17.9,0,-10,0,2,1,1,0,0,109.8,113.4,-2
0022400535,2024-25,2,28,1,1,41.4,DEAD_BALL,39-42,31.6,1,12,2,0,1,1,0,0,117.0,116.8,2
0022400535,2024-25,3,28,1,1,32.0,DREB,30-33,17.8,0,18,3,2,1,1,0,0,117.0,116.8,1
0022400536,2024-25,1,4,9,1,39.5,MADE_BASKET,39-42,36.8,1,-4,5,2,2,1,1,0,121.0,119.1,3
0022400536,2024-25,2,9,4,0,31.3,DREB,30-33,17.9,0,7,3,0,1,1,0,0,117.4,119.8,3
0022400536,2024-25,3,4,9,1,41.4,MADE_BASKET,39-42,28.9,1,-8,6,3,2,1,1,0,121.0,119.1,3
0022400537,2024-25,1,16,28,0,37.1,MADE_BASKET,36-39,28.9,1,-10,0,1,2,1,1,0,117.0,113.4,-1
0022400537,2024-25,2,28,16,1,43.2,MADE_BASKET,42-45,36.7,1,8,4,0,2,2,1,1,117.0,116.8,4
0022400537,2024-25,3,16,28,0,43.9,MADE_BASKET,42-45,38.1,1,-24,4,1,2,2,1,1,117.0,113.4,3
0022400538,2024-25,1,14,16,1,44.8,MADE_BASKET,42-45,26.1,0,4,2,2,1,1,0,0,120.3,116.8,0
0022400538,2024-25,2,16,14,0,42.0,MADE_BASKET,42-45,29.1,1,-6,2,3,2,1,1,0,117.0,116.1,-1
0022400539,2024-25,1,4,8,0,41.5,MADE_BASKET,39-42,34.4,1,-3,5,0,2,2,1,1,121.0,110.5,5
0022400539,2024-25,2,4,8,0,44.8,MADE_BASKET,42-45,37.6,1,7,6,2,2,2,1,1,121.0,110.5,4
0022400539,2024-25,3,4,8,0,34.3,MADE_BASKET,33-36,29.9,1,7,0,2,1,1,0,0,121.0,110.5,-2
0022400540,2024-25,1,23,1,1,39.5,MADE_BASKET,39-42,31.1,1,-1,2,0,2,2,1,1,113.4,116.8,2
0022400540,2024-25,2,23,1,1,36.3,MADE_BASKET,36-39,21.9,0,4,2,0,1,1,0,0,113.4,116.8,2
0022400540,2024-25,3,23,1,1,38.2,DREB,36-39,22.1,0,10,5,2,1,1,0,0,113.4,116.8,3
0022400541,2024-25,1,28,26,1,36.0,DREB,36-39,31.7,1,6,0,0,2,1,1,0,117.0,119.4,0
0022400541,2024-25,2,26,28,0,44.5,DREB,42-45,31.2,1,4,5,2,2,1,1,0,115.5,113.4,3
0022400541,2024-25,3,28,26,1,43.2,MADE_BASKET,42-45,35.3,1,-8,3,5,2,2,1,1,117.0,119.4,-2
0022400542,2024-25,1,30,29,1,41.7,MADE_BASKET,39-42,35.5,1,-6,2,0,2,1,1,0,112.8,115.7,2
0022400542,2024-25,2,30,29,1,42.7,DEAD_BALL,42-45,31.7,1,-1,2,0,1,1,0,0,112.8,115.7,2
0022400542,2024-25,3,30,29,1,39.8,LIVE_TOV,39-42,36.2,1,-1,0,2,2,1,1,0,112.8,115.7,-2
0022400543,2024-25,2,13,19,1,37.9,DREB,36-39,19.4,0,-5,0,0,1,1,0,0,110.5,110.2,0
0022400543,2024-25,3,19,13,0,44.9,DREB,42-45,31.5,1,-3,4,3,2,1,1,0,124.0,108.4,1
0022400544,2024-25,1,12,7,0,33.4,DREB,33-36,19.8,0,9,0,2,2,1,1,0,113.6,118.9,-2
0022400544,2024-25,2,12,7,0,35.9,MADE_BASKET,33-36,28.4,1,8,0,2,2,1,1,0,113.6,118.9,-2
0022400544,2024-25,3,12,7,0,43.5,MADE_BASKET,42-45,31.5,1,5,4,0,2,1,1,0,113.6,118.9,4
0022400545,2024-25,1,2,4,0,40.0,MADE_BASKET,39-42,24.7,0,-3,1,0,1,1,0,0,121.3,119.8,1
0022400545,2024-25,2,2,4,0,32.4,MADE_BASKET,30-33,7.4,0,-3,0,0,1,1,0,0,121.3,119.8,0
0022400545,2024-25,3,2,4,0,44.5,MADE_BASKET,42-45,34.1,1,-6,5,2,2,2,1,1,121.3,119.8,3
0022400546,2024-25,1,26,8,0,30.6,LIVE_TOV,30-33,8.2,0,6,3,0,1,1,0,0,115.5,110.5,3
0022400546,2024-25,3,8,26,1,34.7,MADE_BASKET,33-36,20.5,0,-16,3,1,1,1,0,0,111.9,119.4,2
0022400547,2024-25,1,20,25,1,33.0,DREB,33-36,14.8,0,5,2,0,1,1,0,0,128.5,112.7,2
0022400547,2024-25,2,20,25,1,32.7,MADE_BASKET,30-33,8.0,0,4,2,0,1,1,0,0,128.5,112.7,2
0022400547,2024-25,3,25,20,0,39.6,LIVE_TOV,39-42,33.0,1,2,0,0,1,1,0,0,115.1,116.1,0
0022400548,2024-25,1,5,25,1,41.1,MADE_BASKET,39-42,35.9,1,-6,0,0,2,1,1,0,110.9,112.7,0
0022400548,2024-25,2,5,25,1,36.2,MADE_BASKET,36-39,31.6,1,-13,3,3,2,1,1,0,110.9,112.7,0
0022400548,2024-25,3,25,5,0,36.9,MADE_BASKET,36-39,28.6,1,7,0,0,2,1,1,0,115.1,119.7,0
0022400549,2024-25,1,30,13,1,35.2,DREB,33-36,23.5,0,-6,4,2,1,1,0,0,112.8,108.4,2
0022400549,2024-25,2,30,13,1,35.6,DREB,33-36,32.8,1,-1,0,0,2,1,1,0,112.8,108.4,0
0022400550,2024-25,1,18,17,0,37.2,DREB,36-39,29.1,1,-8,5,0,2,1,1,0,111.7,116.3,5
0022400550,2024-25,2,17,18,1,31.4,MADE_BASKET,30-33,6.3,0,-6,0,2,1,1,0,0,125.5,116.6,-2
0022400550,2024-25,3,17,18,1,37.0,LIVE_TOV,36-39,34.0,1,-9,2,2,2,1,1,0,125.5,116.6,0
0022400551,2024-25,1,27,3,1,34.7,DEAD_BALL,33-36,18.1,0,2,2,2,1,1,0,0,108.9,117.7,0
0022400551,2024-25,2,27,3,1,42.8,DREB,42-45,32.4,1,5,4,3,2,2,1,1,108.9,117.7,1
0022400551,2024-25,3,3,27,0,41.6,MADE_BASKET,39-42,25.8,0,1,2,2,1,1,0,0,117.0,116.7,0
0022400552,2024-25,1,29,21,1,43.3,MADE_BASKET,42-45,29.3,1,4,0,0,2,1,1,0,121.1,107.5,0
0022400552,2024-25,2,21,29,0,38.5,DREB,36-39,26.8,0,-4,3,0,2,1,1,0,121.5,115.7,3
0022400552,2024-25,3,29,21,1,37.8,MADE_BASKET,36-39,24.7,0,-2,1,0,2,1,1,0,121.1,107.5,1
0022400553,2024-25,1,30,10,0,39.7,DREB,39-42,31.5,1,-5,3,2,2,1,1,0,112.8,114.1,1
0022400553,2024-25,2,10,30,1,41.3,MADE_BASKET,39-42,34.0,1,-1,3,0,2,1,1,0,123.1,111.9,3
0022400553,2024-25,3,10,30,1,44.0,DREB,42-45,40.1,1,3,3,2,3,2,1,1,123.1,111.9,1
0022400554,2024-25,1,24,18,0,34.2,DEAD_BALL,33-36,25.3,0,-3,0,3,2,1,1,0,113.7,116.6,-3
0022400554,2024-25,2,24,18,0,36.3,DREB,36-39,33.4,1,-8,2,2,2,2,1,1,113.7,116.6,0
0022400554,2024-25,3,24,18,0,38.7,DREB,36-39,34.2,1,-23,2,0,2,1,1,0,113.7,116.6,2
0022400555,2024-25,1,17,2,0,40.5,DREB,39-42,30.4,1,3,6,4,2,1,1,0,125.5,119.8,2
0022400555,2024-25,2,17,2,0,34.5,DREB,33-36,27.9,0,10,0,0,2,1,1,0,125.5,119.8,0
0022400555,2024-25,3,2,17,1,34.3,LIVE_TOV,33-36,29.2,1,-14,2,2,2,1,1,0,121.3,116.3,0
0022400556,2024-25,1,14,27,1,38.2,DREB,36-39,36.1,1,7,2,2,2,1,1,0,120.3,116.7,0
0022400556,2024-25,2,14,27,1,41.8,DREB,39-42,31.9,1,9,4,2,2,2,1,1,120.3,116.7,2
0022400556,2024-25,3,27,14,0,39.9,MADE_BASKET,39-42,36.0,1,-11,2,0,2,2,1,1,108.9,116.1,2
0022400557,2024-25,1,11,7,0,32.0,DREB,30-33,21.0,0,-1,2,2,1,1,0,0,117.4,118.9,0
0022400557,2024-25,2,7,11,1,35.6,DEAD_BALL,33-36,29.2,1,0,3,0,2,1,1,0,112.3,124.0,3
0022400557,2024-25,3,11,7,0,32.5,MADE_BASKET,30-33,16.6,0,3,1,0,1,0,0,0,117.4,118.9,1
0022400558,2024-25,2,24,5,0,41.3,LIVE_TOV,39-42,39.5,1,4,5,3,2,2,1,1,113.7,119.7,2
0022400558,2024-25,3,5,24,1,39.2,LIVE_TOV,39-42,35.6,1,-4,2,0,2,2,1,1,110.9,113.3,2
0022400559,2024-25,2,9,27,0,32.6,MADE_BASKET,30-33,8.3,0,-4,0,0,1,1,0,0,117.4,116.7,0
0022400559,2024-25,3,27,9,1,43.4,MADE_BASKET,42-45,32.5,1,3,4,0,2,1,1,0,108.9,119.1,4
0022400560,2024-25,1,29,14,1,45.0,DREB,42-45,29.9,1,6,3,0,2,1,1,0,121.1,116.1,3
0022400560,2024-25,2,14,29,0,34.8,MADE_BASKET,33-36,31.9,1,-23,0,2,2,1,1,0,120.3,115.7,-2
0022400560,2024-25,3,14,29,0,30.6,DEAD_BALL,30-33,7.2,0,-25,3,0,1,1,0,0,120.3,115.7,3
0022400561,2024-25,1,13,9,1,45.0,DREB,42-45,34.2,1,7,2,2,1,1,0,0,110.5,119.1,0
0022400561,2024-25,2,13,9,1,38.4,DEAD_BALL,36-39,28.9,1,10,6,2,2,1,1,0,110.5,119.1,4
0022400561,2024-25,3,13,9,1,42.2,LIVE_TOV,42-45,28.6,1,6,2,0,2,1,1,0,110.5,119.1,2
0022400562,2024-25,1,6,2,1,39.1,MADE_BASKET,39-42,26.9,0,7,5,2,2,1,1,0,119.4,119.8,3
0022400562,2024-25,2,6,2,1,31.4,MADE_BASKET,30-33,7.8,0,6,0,2,1,1,0,0,119.4,119.8,-2
0022400563,2024-25,1,12,23,0,41.4,DREB,39-42,35.9,1,13,0,0,3,3,1,1,113.6,116.0,0
0022400563,2024-25,2,12,23,0,35.3,DREB,33-36,29.2,1,22,2,2,2,2,1,1,113.6,116.0,0
0022400563,2024-25,3,12,23,0,41.1,MADE_BASKET,39-42,34.9,1,13,4,2,2,1,1,0,113.6,116.0,2
0022400564,2024-25,1,23,22,0,44.0,MADE_BASKET,42-45,30.1,1,10,3,1,2,1,1,0,113.4,119.7,2
0022400564,2024-25,2,22,23,1,40.1,MADE_BASKET,39-42,25.6,0,-10,2,3,2,1,1,0,117.9,116.0,-1
0022400564,2024-25,3,22,23,1,34.3,MADE_BASKET,33-36,18.4,0,-12,2,0,1,1,0,0,117.9,116.0,2
0022400565,2024-25,1,20,26,1,32.6,DREB,30-33,9.9,0,9,3,3,1,1,0,0,128.5,119.4,0
0022400565,2024-25,2,26,20,0,32.1,MADE_BASKET,30-33,11.0,0,-17,3,0,1,1,0,0,115.5,116.1,3
0022400565,2024-25,3,20,26,1,31.2,DREB,30-33,28.8,1,27,2,2,2,1,1,0,128.5,119.4,0
0022400566,2024-25,1,6,26,1,33.0,MADE_BASKET,33-36,28.6,1,6,2,0,2,1,1,0,119.4,119.4,2
0022400566,2024-25,3,26,6,0,37.1,MADE_BASKET,36-39,32.7,1,-9,0,0,2,1,1,0,115.5,108.5,0
0022400567,2024-25,1,1,20,1,35.2,MADE_BASKET,33-36,15.8,0,-2,2,0,1,1,0,0,109.8,116.1,2
0022400567,2024-25,2,1,20,1,41.9,DREB,39-42,36.4,1,-1,2,2,2,2,1,1,109.8,116.1,0
0022400567,2024-25,3,20,1,0,34.4,MADE_BASKET,33-36,28.8,1,-2,6,0,2,1,1,0,128.5,116.8,6
0022400568,2024-25,1,1,11,0,31.5,MADE_BASKET,30-33,9.2,0,-6,2,3,1,1,0,0,109.8,124.0,-1
0022400568,2024-25,2,1,11,0,42.6,DEAD_BALL,42-45,28.6,1,-10,2,0,1,1,0,0,109.8,124.0,2
0022400568,2024-25,3,11,1,1,43.5,DREB,42-45,32.5,1,6,0,3,2,1,1,0,117.4,116.8,-3
0022400569,2024-25,1,8,13,1,36.0,MADE_BASKET,36-39,23.5,0,0,0,0,1,1,0,0,111.9,108.4,0
0022400569,2024-25,2,13,8,0,44.7,MADE_BASKET,42-45,26.4,0,1,2,0,2,1,1,0,110.5,110.5,2
0022400569,2024-25,3,8,13,1,36.9,DREB,36-39,29.1,1,-1,2,2,2,1,1,0,111.9,108.4,0
0022400570,2024-25,1,10,26,0,43.4,DREB,42-45,29.3,1,3,1,0,1,1,0,0,123.1,119.4,1
0022400570,2024-25,3,10,26,0,43.5,MADE_BASKET,42-45,34.2,1,-8,4,3,2,2,1,1,123.1,119.4,1
0022400571,2024-25,1,16,9,1,38.9,MADE_BASKET,36-39,29.8,1,3,2,2,2,1,1,0,117.0,119.1,0
0022400571,2024-25,2,9,16,0,39.1,DREB,39-42,15.6,0,3,0,2,1,1,0,0,117.4,116.8,-2
0022400571,2024-25,3,16,9,1,38.6,DREB,36-39,29.5,1,8,3,2,2,1,1,0,117.0,119.1,1
0022400572,2024-25,2,26,20,1,43.0,MADE_BASKET,42-45,33.8,1,-16,6,0,2,2,1,1,115.5,116.1,6
0022400572,2024-25,3,20,26,0,39.1,MADE_BASKET,39-42,21.5,0,11,2,2,1,1,0,0,128.5,119.4,0
0022400573,2024-25,2,21,4,1,30.2,MADE_BASKET,30-33,18.7,0,5,2,2,1,1,0,0,121.5,119.8,0
0022400573,2024-25,3,21,4,1,39.3,MADE_BASKET,39-42,19.6,0,-2,0,0,1,1,0,0,121.5,119.8,0
0022400574,2024-25,1,27,9,0,41.5,MADE_BASKET,39-42,34.5,1,1,0,3,2,1,1,0,108.9,119.1,-3
0022400574,2024-25,2,9,27,1,31.8,MADE_BASKET,30-33,21.3,0,7,2,0,1,1,0,0,117.4,116.7,2
0022400575,2024-25,1,5,28,1,30.8,DREB,30-33,17.9,0,3,0,2,2,1,1,0,110.9,113.4,-2
0022400575,2024-25,2,5,28,1,40.0,MADE_BASKET,39-42,37.9,1,4,2,3,2,2,1,1,110.9,113.4,-1
0022400575,2024-25,3,5,28,1,35.8,MADE_BASKET,33-36,28.3,1,10,3,2,2,1,1,0,110.9,113.4,1
0022400576,2024-25,1,13,29,1,45.0,DREB,42-45,43.1,1,-8,2,3,2,1,1,0,110.5,115.7,-1
0022400576,2024-25,2,29,13,0,44.3,DEAD_BALL,42-45,32.6,1,11,2,2,2,1,1,0,121.1,108.4,0
0022400576,2024-25,3,29,13,0,33.0,MADE_BASKET,33-36,15.6,0,9,2,0,1,1,0,0,121.1,108.4,2
0022400577,2024-25,1,9,26,0,36.3,MADE_BASKET,36-39,23.0,0,-4,2,0,1,1,0,0,117.4,119.4,2
0022400577,2024-25,2,9,26,0,38.5,MADE_BASKET,36-39,33.3,1,-9,2,0,2,1,1,0,117.4,119.4,2
0022400577,2024-25,3,9,26,0,44.4,MADE_BASKET,42-45,37.5,1,-13,0,0,2,1,1,0,117.4,119.4,0
0022400578,2024-25,1,12,17,1,37.6,MADE_BASKET,36-39,20.0,0,-3,0,0,1,1,0,0,113.6,116.3,0
0022400578,2024-25,2,12,17,1,39.6,MADE_BASKET,39-42,30.9,1,-9,0,2,2,2,1,1,113.6,116.3,-2
0022400578,2024-25,3,17,12,0,39.3,DREB,39-42,31.6,1,21,2,0,1,1,0,0,125.5,116.7,2
0022400579,2024-25,1,16,14,0,38.7,MADE_BASKET,36-39,33.4,1,6,2,0,2,1,1,0,117.0,116.1,2
0022400579,2024-25,2,16,14,0,30.1,DREB,30-33,7.5,0,16,2,0,1,1,0,0,117.0,116.1,2
0022400579,2024-25,3,16,14,0,37.5,MADE_BASKET,36-39,29.1,1,26,2,0,2,1,1,0,117.0,116.1,2
0022400580,2024-25,1,16,24,0,39.7,DREB,39-42,35.2,1,-7,4,0,2,2,1,1,117.0,113.3,4
0022400580,2024-25,2,24,16,1,43.4,DREB,42-45,36.0,1,0,0,4,2,2,1,1,113.7,116.8,-4
0022400581,2024-25,1,2,13,1,33.5,MADE_BASKET,33-36,29.4,1,-3,2,0,2,1,1,0,121.3,108.4,2
0022400581,2024-25,2,2,13,1,40.1,MADE_BASKET,39-42,21.0,0,3,2,0,1,1,0,0,121.3,108.4,2
0022400581,2024-25,3,13,2,0,37.1,LIVE_TOV,36-39,29.3,1,-3,1,2,2,1,1,0,110.5,119.8,-1
0022400582,2024-25,1,27,16,0,44.4,MADE_BASKET,42-45,30.6,1,-5,2,2,2,1,1,0,108.9,116.8,0
0022400582,2024-25,2,16,27,1,43.8,MADE_BASKET,42-45,28.5,1,-7,3,0,1,1,0,0,117.0,116.7,3
0022400582,2024-25,3,27,16,0,33.2,DREB,33-36,15.0,0,6,2,1,1,1,0,0,108.9,116.8,1
0022400583,2024-25,1,20,6,1,41.3,MADE_BASKET,39-42,29.1,1,-7,1,2,2,1,1,0,128.5,108.5,-1
0022400583,2024-25,2,6,20,0,39.3,MADE_BASKET,39-42,31.4,1,10,4,0,2,1,1,0,119.4,116.1,4
0022400583,2024-25,3,20,6,1,35.2,DREB,33-36,29.1,1,-18,0,0,2,1,1,0,128.5,108.5,0
0022400584,2024-25,1,13,12,0,31.1,DREB,30-33,18.4,0,2,2,2,2,1,1,0,110.5,116.7,0
0022400584,2024-25,2,12,13,1,31.5,MADE_BASKET,30-33,8.1,0,-4,0,0,1,1,0,0,113.6,108.4,0
0022400584,2024-25,3,13,12,0,43.2,DREB,42-45,41.3,1,-4,0,0,2,2,1,1,110.5,116.7,0
0022400585,2024-25,1,15,30,1,34.7,MADE_BASKET,33-36,14.3,0,-6,3,0,1,1,0,0,116.4,111.9,3
0022400585,2024-25,2,15,30,1,44.1,DREB,42-45,30.3,1,6,0,0,1,1,0,0,116.4,111.9,0
0022400585,2024-25,3,15,30,1,43.8,DEAD_BALL,42-45,29.6,1,11,2,2,2,1,1,0,116.4,111.9,0
0022400586,2024-25,1,7,1,1,37.2,MADE_BASKET,36-39,18.5,0,-3,0,0,1,1,0,0,112.3,116.8,0
0022400586,2024-25,2,1,7,0,41.9,DREB,39-42,28.7,1,4,2,2,2,1,1,0,109.8,118.9,0
0022400586,2024-25,3,1,7,0,43.0,MADE_BASKET,42-45,32.9,1,-3,2,2,2,1,1,0,109.8,118.9,0
0022400587,2024-25,1,6,3,1,38.9,MADE_BASKET,36-39,16.8,0,11,0,0,1,1,0,0,119.4,117.7,0
0022400587,2024-25,2,3,6,0,42.8,LIVE_TOV,42-45,34.2,1,-16,5,2,3,2,1,1,117.0,108.5,3
0022400587,2024-25,3,6,3,1,31.1,DREB,30-33,16.7,0,11,2,2,2,1,1,0,119.4,117.7,0
0022400588,2024-25,1,27,23,0,39.4,DREB,39-42,23.5,0,1,0,0,1,1,0,0,108.9,116.0,0
0022400588,2024-25,3,23,27,1,36.1,LIVE_TOV,36-39,31.1,1,6,0,2,2,1,1,0,113.4,116.7,-2
0022400589,2024-25,2,24,13,0,43.0,MADE_BASKET,42-45,36.1,1,-6,2,2,2,2,1,1,113.7,108.4,0
0022400589,2024-25,3,24,13,0,41.4,LIVE_TOV,39-42,30.6,1,3,2,0,2,1,1,0,113.7,108.4,2
0022400590,2024-25,1,22,16,1,42.0,DREB,42-45,31.9,1,9,0,2,2,1,1,0,117.9,116.8,-2
0022400590,2024-25,2,16,22,0,34.5,MADE_BASKET,33-36,30.4,1,-10,2,1,1,1,0,0,117.0,119.7,1
0022400590,2024-25,3,22,16,1,30.3,LIVE_TOV,30-33,9.3,0,13,0,0,1,1,0,0,117.9,116.8,0
0022400591,2024-25,1,10,15,1,40.5,DREB,39-42,27.6,0,-2,2,2,2,1,1,0,123.1,111.0,0
0022400591,2024-25,2,10,15,1,42.9,MADE_BASKET,42-45,33.7,1,-8,2,0,2,1,1,0,123.1,111.0,2
0022400591,2024-25,3,10,15,1,33.6,DREB,33-36,22.8,0,-8,0,3,1,1,0,0,123.1,111.0,-3
0022400592,2024-25,3,2,24,0,39.9,MADE_BASKET,39-42,29.3,1,-5,0,2,2,1,1,0,121.3,113.3,-2
0022400593,2024-25,1,13,19,0,32.3,MADE_BASKET,30-33,20.9,0,8,0,2,1,1,0,0,110.5,110.2,-2
0022400593,2024-25,2,19,13,1,40.1,MADE_BASKET,39-42,36.2,1,-5,0,0,2,2,1,1,124.0,108.4,0
0022400593,2024-25,3,19,13,1,42.8,DREB,42-45,29.3,1,0,0,3,2,1,1,0,124.0,108.4,-3
0022400594,2024-25,1,16,18,0,31.2,MADE_BASKET,30-33,10.0,0,1,0,2,1,1,0,0,117.0,116.6,-2
0022400594,2024-25,3,18,16,1,36.8,DREB,36-39,23.3,0,2,0,0,1,1,0,0,111.7,116.8,0
0022400595,2024-25,2,14,10,1,42.7,LIVE_TOV,42-45,37.5,1,-5,3,2,2,2,1,1,120.3,114.1,1
0022400595,2024-25,3,14,10,1,38.2,MADE_BASKET,36-39,23.6,0,-9,3,0,1,1,0,0,120.3,114.1,3
0022400596,2024-25,1,15,11,1,34.3,MADE_BASKET,33-36,16.8,0,4,3,2,1,1,0,0,116.4,124.0,1
0022400596,2024-25,3,15,11,1,37.5,MADE_BASKET,36-39,19.1,0,-13,2,1,1,1,0,0,116.4,124.0,1
0022400597,2024-25,1,23,17,0,32.2,MADE_BASKET,30-33,7.5,0,-4,3,0,1,1,0,0,113.4,116.3,3
0022400597,2024-25,3,23,17,0,34.0,DEAD_BALL,33-36,15.3,0,-7,2,3,1,1,0,0,113.4,116.3,-1
0022400598,2024-25,1,24,23,0,30.3,MADE_BASKET,30-33,5.5,0,0,0,0,1,1,0,0,113.7,116.0,0
0022400598,2024-25,2,24,23,0,40.5,LIVE_TOV,39-42,33.5,1,-6,4,2,2,1,1,0,113.7,116.0,2
0022400599,2024-25,1,3,29,0,36.9,DEAD_BALL,36-39,22.6,0,17,3,0,1,1,0,0,117.0,115.7,3
0022400599,2024-25,2,3,29,0,43.1,MADE_BASKET,42-45,19.1,0,15,0,0,1,1,0,0,117.0,115.7,0
0022400600,2024-25,1,9,1,1,36.2,MADE_BASKET,36-39,23.8,0,-7,0,0,1,1,0,0,117.4,116.8,0
0022400600,2024-25,2,9,1,1,42.7,DREB,42-45,38.4,1,-2,5,0,2,1,1,0,117.4,116.8,5
0022400600,2024-25,3,9,1,1,40.6,MADE_BASKET,39-42,30.2,1,10,0,0,1,1,0,0,117.4,116.8,0
0022400602,2024-25,1,15,6,1,42.1,MADE_BASKET,42-45,29.3,1,-9,4,2,2,1,1,0,116.4,108.5,2
0022400602,2024-25,2,6,15,0,33.3,DREB,33-36,15.7,0,12,2,2,1,1,0,0,119.4,111.0,0
0022400602,2024-25,3,6,15,0,39.7,MADE_BASKET,39-42,34.1,1,20,2,0,2,2,1,1,119.4,111.0,2
0022400603,2024-25,1,17,19,1,33.8,MADE_BASKET,33-36,18.5,0,3,0,0,1,1,0,0,125.5,110.2,0
0022400603,2024-25,2,19,17,0,37.0,DREB,36-39,28.8,1,1,0,0,1,1,0,0,124.0,116.3,0
0022400603,2024-25,3,17,19,1,42.2,DREB,42-45,32.2,1,-3,3,0,2,2,1,1,125.5,110.2,3
0022400604,2024-25,1,23,22,0,43.3,MADE_BASKET,42-45,30.1,1,3,4,0,2,2,1,1,113.4,119.7,4
0022400604,2024-25,2,22,23,1,39.2,DREB,39-42,34.5,1,-2,2,3,2,2,1,1,117.9,116.0,-1
0022400604,2024-25,3,22,23,1,41.4,MADE_BASKET,39-42,31.2,1,-6,3,0,2,1,1,0,117.9,116.0,3
0022400605,2024-25,1,21,24,1,38.3,DREB,36-39,31.8,1,-5,4,0,2,1,1,0,121.5,113.3,4
0022400605,2024-25,2,24,21,0,43.6,MADE_BASKET,42-45,32.2,1,-5,0,0,2,1,1,0,113.7,107.5,0
0022400606,2024-25,1,14,5,1,31.1,MADE_BASKET,30-33,19.6,0,-6,3,0,1,1,0,0,120.3,119.7,3
0022400606,2024-25,2,5,14,0,39.6,DREB,39-42,24.0,0,-4,0,3,2,1,1,0,110.9,116.1,-3
0022400607,2024-25,1,26,25,0,43.4,MADE_BASKET,42-45,27.9,0,3,2,0,1,1,0,0,115.5,112.7,2
0022400607,2024-25,2,26,25,0,42.7,MADE_BASKET,42-45,31.3,1,11,2,0,2,1,1,0,115.5,112.7,2
0022400607,2024-25,3,25,26,1,37.2,DREB,36-39,30.4,1,-13,2,3,2,1,1,0,115.1,119.4,-1
0022400608,2024-25,2,17,15,0,43.5,LIVE_TOV,42-45,31.5,1,-10,0,4,2,2,1,1,125.5,111.0,-4
0022400608,2024-25,3,17,15,0,33.0,MADE_BASKET,33-36,19.6,0,-13,2,1,2,1,1,0,125.5,111.0,1
0022400609,2024-25,1,26,27,1,32.5,DREB,30-33,29.2,1,9,0,0,2,1,1,0,115.5,116.7,0
0022400609,2024-25,2,27,26,0,33.5,DREB,33-36,19.2,0,-7,0,0,1,1,0,0,108.9,119.4,0
0022400609,2024-25,3,27,26,0,34.1,LIVE_TOV,33-36,22.0,0,-16,1,0,2,1,1,0,108.9,119.4,1
0022400610,2024-25,2,26,18,1,44.9,DREB,42-45,29.6,1,-1,0,2,2,1,1,0,115.5,116.6,-2
0022400610,2024-25,3,26,18,1,34.2,MADE_BASKET,33-36,13.0,0,-10,2,0,1,1,0,0,115.5,116.6,2
0022400611,2024-25,1,28,11,1,31.6,DREB,30-33,21.4,0,-4,0,3,2,1,1,0,117.0,124.0,-3
0022400611,2024-25,2,11,28,0,38.7,DREB,36-39,28.8,1,3,3,2,2,1,1,0,117.4,113.4,1
0022400611,2024-25,3,11,28,0,41.1,DEAD_BALL,39-42,31.5,1,14,0,0,2,1,1,0,117.4,113.4,0
0022400612,2024-25,1,14,7,1,43.5,MADE_BASKET,42-45,36.7,1,12,0,2,2,2,1,1,120.3,118.9,-2
0022400612,2024-25,2,14,7,1,38.0,DREB,36-39,33.8,1,6,0,3,1,1,0,0,120.3,118.9,-3
0022400613,2024-25,2,20,21,1,42.3,LIVE_TOV,42-45,32.0,1,-3,2,2,2,2,1,1,128.5,107.5,0
0022400613,2024-25,3,20,21,1,42.0,DREB,42-45,29.1,1,-3,2,0,1,1,0,0,128.5,107.5,2
0022400614,2024-25,1,12,13,0,41.1,DEAD_BALL,39-42,36.6,1,2,3,3,2,1,1,0,113.6,108.4,0
0022400614,2024-25,2,12,13,0,42.6,MADE_BASKET,42-45,31.3,1,-6,0,3,2,1,1,0,113.6,108.4,-3
0022400614,2024-25,3,12,13,0,34.4,DREB,33-36,20.9,0,-9,3,2,1,1,0,0,113.6,108.4,1
0022400615,2024-25,1,14,15,1,36.5,DREB,36-39,23.4,0,12,0,0,1,1,0,0,120.3,111.0,0
0022400615,2024-25,3,15,14,0,31.4,DREB,30-33,19.8,0,1,3,0,2,1,1,0,116.4,116.1,3
0022400616,2024-25,2,16,20,1,38.3,DEAD_BALL,36-39,34.2,1,7,0,0,2,2,1,1,117.0,116.1,0
0022400616,2024-25,3,20,16,0,41.4,DREB,39-42,35.7,1,-8,2,0,2,1,1,0,128.5,116.8,2
0022400617,2024-25,1,5,22,1,37.8,DREB,36-39,29.6,1,8,2,3,2,2,1,1,110.9,119.7,-1
0022400617,2024-25,2,5,22,1,42.9,MADE_BASKET,42-45,29.0,1,5,4,0,2,1,1,0,110.9,119.7,4
0022400617,2024-25,3,22,5,0,36.8,MADE_BASKET,36-39,12.7,0,6,2,0,1,1,0,0,117.9,119.7,2
0022400618,2024-25,1,29,3,0,41.2,DREB,39-42,34.7,1,-2,2,2,1,1,0,0,121.1,117.7,0
0022400618,2024-25,3,29,3,0,36.4,DEAD_BALL,36-39,29.7,1,-5,0,0,2,1,1,0,121.1,117.7,0
0022400619,2024-25,2,2,12,0,36.1,DREB,36-39,17.1,0,-4,0,0,1,1,0,0,121.3,116.7,0
0022400620,2024-25,1,12,29,1,36.4,MADE_BASKET,36-39,28.4,1,-1,5,3,2,1,1,0,113.6,115.7,2
0022400620,2024-25,2,12,29,1,41.5,DREB,39-42,38.6,1,5,2,0,2,2,1,1,113.6,115.7,2
0022400620,2024-25,3,29,12,0,37.4,MADE_BASKET,36-39,27.5,0,-3,4,2,2,1,1,0,121.1,116.7,2
0022400621,2024-25,1,20,24,1,41.1,MADE_BASKET,39-42,28.4,1,5,3,2,2,1,1,0,128.5,113.3,1
0022400621,2024-25,2,24,20,0,44.6,DREB,42-45,28.9,1,-6,3,2,2,1,1,0,113.7,116.1,1
0022400621,2024-25,3,24,20,0,32.2,MADE_BASKET,30-33,7.4,0,-9,0,0,1,1,0,0,113.7,116.1,0
0022400622,2024-25,1,23,5,1,40.6,MADE_BASKET,39-42,31.1,1,7,3,0,2,2,1,1,113.4,119.7,3
0022400622,2024-25,3,23,5,1,43.6,MADE_BASKET,42-45,40.1,1,3,0,2,2,2,1,1,113.4,119.7,-2
0022400623,2024-25,1,24,25,1,43.4,MADE_BASKET,42-45,24.4,0,-1,0,2,1,1,0,0,113.7,112.7,-2
0022400623,2024-25,2,25,24,0,35.6,DREB,33-36,29.8,1,1,0,2,2,2,1,1,115.1,113.3,-2
0022400623,2024-25,3,25,24,0,36.5,DREB,36-39,30.4,1,-3,0,0,2,1,1,0,115.1,113.3,0
0022400624,2024-25,2,27,22,0,34.8,MADE_BASKET,33-36,21.8,0,-4,0,2,1,1,0,0,108.9,119.7,-2
0022400625,2024-25,1,25,8,1,39.0,DREB,39-42,28.7,1,9,3,2,2,2,1,1,115.1,110.5,1
0022400625,2024-25,2,25,8,1,39.5,MADE_BASKET,39-42,32.6,1,6,4,0,2,1,1,0,115.1,110.5,4
0022400625,2024-25,3,25,8,1,32.7,DREB,30-33,31.1,1,7,0,2,2,1,1,0,115.1,110.5,-2
0022400626,2024-25,1,30,8,0,43.9,DREB,42-45,31.6,1,1,0,2,2,1,1,0,112.8,110.5,-2
0022400626,2024-25,2,8,30,1,31.2,MADE_BASKET,30-33,16.3,0,7,3,3,1,1,0,0,111.9,111.9,0
0022400626,2024-25,3,30,8,0,33.8,LIVE_TOV,33-36,29.1,1,-10,2,0,2,1,1,0,112.8,110.5,2
0022400627,2024-25,1,27,9,0,31.2,LIVE_TOV,30-33,19.5,0,6,0,3,1,1,0,0,108.9,119.1,-3
0022400627,2024-25,2,9,27,1,31.0,LIVE_TOV,30-33,28.9,1,0,2,3,2,1,1,0,117.4,116.7,-1
0022400627,2024-25,3,9,27,1,44.4,DREB,42-45,31.7,1,-5,3,2,1,1,0,0,117.4,116.7,1
0022400628,2024-25,1,16,27,1,40.1,DREB,39-42,32.5,1,-1,2,0,2,1,1,0,117.0,116.7,2
0022400628,2024-25,2,16,27,1,40.2,MADE_BASKET,39-42,32.6,1,-12,3,0,2,2,1,1,117.0,116.7,3
0022400629,2024-25,1,2,10,1,36.6,MADE_BASKET,36-39,15.6,0,13,3,2,1,1,0,0,121.3,114.1,1
0022400629,2024-25,3,2,10,1,41.7,DREB,39-42,38.3,1,4,0,2,3,2,1,1,121.3,114.1,-2
0022400630,2024-25,1,24,11,1,30.2,DREB,30-33,16.5,0,8,1,2,1,1,0,0,113.7,124.0,-1
0022400630,2024-25,2,11,24,0,34.8,MADE_BASKET,33-36,23.3,0,-11,2,2,2,1,1,0,117.4,113.3,0
0022400630,2024-25,3,11,24,0,34.5,MADE_BASKET,33-36,28.9,1,-17,2,0,2,1,1,0,117.4,113.3,2
0022400631,2024-25,1,7,16,0,43.8,MADE_BASKET,42-45,37.3,1,-1,2,2,2,2,1,1,112.3,116.8,0
0022400631,2024-25,2,16,7,1,40.0,MADE_BASKET,39-42,34.7,1,-1,0,2,2,2,1,1,117.0,118.9,-2
0022400631,2024-25,3,7,16,0,31.5,DEAD_BALL,30-33,29.7,1,-5,0,2,2,1,1,0,112.3,116.8,-2
0022400632,2024-25,1,11,17,1,42.8,MADE_BASKET,42-45,38.7,1,3,2,4,2,1,1,0,117.4,116.3,-2
0022400632,2024-25,2,17,11,0,30.7,MADE_BASKET,30-33,7.6,0,-3,1,0,1,1,0,0,125.5,124.0,1
0022400632,2024-25,3,17,11,0,44.8,MADE_BASKET,42-45,34.9,1,-6,5,2,2,1,1,0,125.5,124.0,3
0022400633,2024-25,1,13,8,0,35.8,DREB,33-36,32.1,1,3,0,2,2,2,1,1,110.5,110.5,-2
0022400633,2024-25,2,8,13,1,39.6,MADE_BASKET,39-42,32.5,1,-11,3,2,2,2,1,1,111.9,108.4,1
0022400633,2024-25,3,13,8,0,41.7,LIVE_TOV,39-42,30.7,1,15,0,0,2,1,1,0,110.5,110.5,0
0022400634,2024-25,1,9,8,1,30.1,MADE_BASKET,30-33,13.2,0,-3,0,0,1,1,0,0,117.4,110.5,0
0022400634,2024-25,2,8,9,0,40.1,MADE_BASKET,39-42,29.2,1,-5,1,2,2,1,1,0,111.9,119.1,-1
0022400635,2024-25,1,26,7,1,30.6,LIVE_TOV,30-33,27.2,0,15,0,2,2,1,1,0,115.5,118.9,-2
0022400635,2024-25,2,26,7,1,37.5,MADE_BASKET,36-39,30.4,1,15,0,2,2,1,1,0,115.5,118.9,-2
0022400635,2024-25,3,26,7,1,37.4,DEAD_BALL,36-39,31.4,1,10,5,3,2,1,1,0,115.5,118.9,2
0022400636,2024-25,1,27,25,0,42.5,LIVE_TOV,42-45,30.3,1,16,2,2,2,1,1,0,108.9,112.7,0
0022400636,2024-25,2,25,27,1,44.4,DREB,42-45,28.5,1,-10,0,0,2,1,1,0,115.1,116.7,0
0022400636,2024-25,3,27,25,0,40.1,MADE_BASKET,39-42,18.7,0,18,2,0,1,1,0,0,108.9,112.7,2
0022400637,2024-25,1,21,16,1,37.6,DREB,36-39,33.6,1,-7,2,2,2,2,1,1,121.5,116.8,0
0022400637,2024-25,2,16,21,0,33.5,MADE_BASKET,33-36,12.8,0,9,2,2,2,1,1,0,117.0,107.5,0
0022400637,2024-25,3,21,16,1,38.4,DREB,36-39,21.0,0,-1,2,0,1,1,0,0,121.5,116.8,2
0022400638,2024-25,1,17,4,1,33.1,MADE_BASKET,33-36,9.7,0,8,0,1,2,1,1,0,125.5,119.8,-1
0022400638,2024-25,2,17,4,1,35.8,LIVE_TOV,33-36,30.0,1,3,0,0,2,1,1,0,125.5,119.8,0
0022400638,2024-25,3,4,17,0,41.9,DREB,39-42,30.3,1,6,0,0,2,1,1,0,121.0,116.3,0
0022400639,2024-25,1,3,25,0,31.3,DREB,30-33,17.7,0,-2,0,2,1,1,0,0,117.0,112.7,-2
0022400639,2024-25,2,25,3,1,36.5,MADE_BASKET,36-39,23.1,0,4,6,0,1,1,0,0,115.1,117.7,6
0022400639,2024-25,3,25,3,1,36.2,DREB,36-39,30.5,1,9,0,6,2,1,1,0,115.1,117.7,-6
0022400640,2024-25,1,25,21,0,30.3,DREB,30-33,13.6,0,-1,0,1,1,1,0,0,115.1,107.5,-1
0022400640,2024-25,2,21,25,1,35.6,DEAD_BALL,33-36,18.9,0,3,2,2,1,1,0,0,121.5,112.7,0
0022400640,2024-25,3,21,25,1,40.8,MADE_BASKET,39-42,24.7,0,-3,2,3,1,1,0,0,121.5,112.7,-1
0022400641,2024-25,1,27,10,0,39.9,MADE_BASKET,39-42,36.8,1,0,3,2,2,1,1,0,108.9,114.1,1
0022400641,2024-25,3,10,27,1,30.5,DREB,30-33,7.2,0,8,0,0,1,1,0,0,123.1,116.7,0
0022400642,2024-25,1,7,22,0,37.0,DREB,36-39,34.2,1,0,2,2,2,1,1,0,112.3,119.7,0
0022400642,2024-25,2,7,22,0,43.9,MADE_BASKET,42-45,34.6,1,-4,4,2,2,2,1,1,112.3,119.7,2
0022400642,2024-25,3,22,7,1,42.6,MADE_BASKET,42-45,31.0,1,-4,2,0,2,1,1,0,117.9,118.9,2
0022400643,2024-25,1,2,7,1,38.6,MADE_BASKET,36-39,26.8,0,-2,3,2,2,1,1,0,121.3,118.9,1
0022400643,2024-25,2,7,2,0,40.1,DEAD_BALL,39-42,34.2,1,3,0,2,2,2,1,1,112.3,119.8,-2
0022400643,2024-25,3,7,2,0,43.8,MADE_BASKET,42-45,30.8,1,-18,1,2,2,1,1,0,112.3,119.8,-1
0022400644,2024-25,2,30,24,1,38.5,DREB,36-39,31.4,1,1,2,2,2,1,1,0,112.8,113.3,0
0022400644,2024-25,3,30,24,1,38.4,MADE_BASKET,36-39,21.0,0,-3,0,0,1,1,0,0,112.8,113.3,0
0022400645,2024-25,1,11,23,0,41.3,MADE_BASKET,39-42,33.2,1,-6,0,0,2,1,1,0,117.4,116.0,0
0022400645,2024-25,2,23,11,1,38.1,MADE_BASKET,36-39,33.6,1,3,0,2,2,2,1,1,113.4,124.0,-2
0022400645,2024-25,3,23,11,1,35.5,DREB,33-36,32.1,1,7,4,2,2,1,1,0,113.4,124.0,2
0022400646,2024-25,1,17,13,1,34.1,DREB,33-36,24.3,0,4,0,3,2,1,1,0,125.5,108.4,-3
0022400646,2024-25,2,13,17,0,44.3,DREB,42-45,31.0,1,-7,0,2,2,1,1,0,110.5,116.3,-2
0022400646,2024-25,3,17,13,1,35.2,DREB,33-36,19.0,0,7,2,0,1,1,0,0,125.5,108.4,2
0022400647,2024-25,1,26,4,0,40.3,MADE_BASKET,39-42,33.5,1,-10,3,3,2,1,1,0,115.5,119.8,0
0022400647,2024-25,2,4,26,1,44.7,MADE_BASKET,42-45,31.0,1,6,2,2,2,1,1,0,121.0,119.4,0
0022400647,2024-25,3,26,4,0,43.9,DREB,42-45,39.4,1,-9,2,2,2,1,1,0,115.5,119.8,0
0022400648,2024-25,1,7,18,1,39.2,MADE_BASKET,39-42,31.4,1,1,0,0,2,2,1,1,112.3,116.6,0
0022400648,2024-25,2,18,7,0,34.1,DREB,33-36,19.8,0,-10,0,0,1,1,0,0,111.7,118.9,0
0022400648,2024-25,3,18,7,0,43.2,MADE_BASKET,42-45,29.2,1,-8,2,3,2,1,1,0,111.7,118.9,-1
0022400649,2024-25,1,23,9,1,34.3,LIVE_TOV,33-36,31.7,1,1,2,2,2,1,1,0,113.4,119.1,0
0022400649,2024-25,2,9,23,0,32.3,MADE_BASKET,30-33,16.9,0,5,2,2,1,1,0,0,117.4,116.0,0
0022400649,2024-25,3,9,23,0,30.2,DREB,30-33,21.5,0,7,3,0,1,1,0,0,117.4,116.0,3
0022400650,2024-25,1,10,18,1,36.4,DEAD_BALL,36-39,33.3,1,-3,0,0,2,1,1,0,123.1,116.6,0
0022400650,2024-25,2,18,10,0,36.0,DREB,36-39,26.4,0,1,0,0,2,1,1,0,111.7,114.1,0
0022400650,2024-25,3,10,18,1,40.7,MADE_BASKET,39-42,29.1,1,4,2,0,2,1,1,0,123.1,116.6,2
0022400651,2024-25,2,2,3,1,39.0,MADE_BASKET,39-42,30.8,1,-6,0,2,2,1,1,0,121.3,117.7,-2
0022400651,2024-25,3,3,2,0,37.6,MADE_BASKET,36-39,27.0,0,6,0,2,1,1,0,0,117.0,119.8,-2
0022400652,2024-25,1,24,8,1,42.7,MADE_BASKET,42-45,23.9,0,3,2,2,1,1,0,0,113.7,110.5,0
0022400653,2024-25,1,11,29,1,39.6,DREB,39-42,36.6,1,-6,5,2,2,2,1,1,117.4,115.7,3
0022400653,2024-25,2,11,29,1,36.4,MADE_BASKET,36-39,32.6,1,-5,0,2,2,1,1,0,117.4,115.7,-2
0022400653,2024-25,3,11,29,1,38.0,DREB,36-39,31.4,1,-7,2,0,1,1,0,0,117.4,115.7,2
0022400654,2024-25,1,23,18,1,32.7,MADE_BASKET,30-33,12.7,0,-1,2,0,1,1,0,0,113.4,116.6,2
0022400654,2024-25,2,23,18,1,37.0,MADE_BASKET,36-39,17.3,0,3,0,3,1,1,0,0,113.4,116.6,-3
0022400654,2024-25,3,23,18,1,30.9,MADE_BASKET,30-33,9.4,0,8,2,2,1,1,0,0,113.4,116.6,0
0022400655,2024-25,1,1,24,1,33.3,DREB,33-36,14.6,0,5,0,2,1,1,0,0,109.8,113.3,-2
0022400655,2024-25,3,24,1,0,39.2,MADE_BASKET,39-42,26.5,0,4,0,3,2,1,1,0,113.7,116.8,-3
0022400656,2024-25,3,7,18,0,35.9,MADE_BASKET,33-36,21.8,0,4,0,2,2,1,1,0,112.3,116.6,-2
0022400657,2024-25,1,27,15,0,36.6,MADE_BASKET,36-39,25.1,0,-5,0,0,2,1,1,0,108.9,111.0,0
0022400657,2024-25,2,15,27,1,36.2,MADE_BASKET,36-39,29.4,1,3,2,2,2,1,1,0,116.4,116.7,0
0022400657,2024-25,3,15,27,1,34.2,DREB,33-36,27.9,0,7,0,0,2,1,1,0,116.4,116.7,0
0022400658,2024-25,2,28,17,0,36.0,MADE_BASKET,36-39,32.2,1,-13,3,2,2,1,1,0,117.0,116.3,1
0022400658,2024-25,3,17,28,1,35.2,DREB,33-36,33.2,1,13,2,2,3,2,1,1,125.5,113.4,0
0022400659,2024-25,1,30,6,1,35.5,DREB,33-36,23.8,0,3,2,0,1,1,0,0,112.8,108.5,2
0022400659,2024-25,2,6,30,0,32.3,LIVE_TOV,30-33,22.6,0,-2,3,2,1,1,0,0,119.4,111.9,1
0022400659,2024-25,3,6,30,0,43.4,DREB,42-45,33.4,1,-2,2,0,2,1,1,0,119.4,111.9,2
0022400660,2024-25,1,13,30,1,35.5,DREB,33-36,31.2,1,-6,0,0,2,1,1,0,110.5,111.9,0
0022400660,2024-25,2,13,30,1,43.0,DREB,42-45,32.5,1,-1,3,2,2,1,1,0,110.5,111.9,1
0022400660,2024-25,3,13,30,1,35.6,DEAD_BALL,33-36,14.1,0,0,2,0,1,1,0,0,110.5,111.9,2
0022400661,2024-25,2,29,7,1,42.0,DREB,42-45,37.4,1,-1,3,4,2,2,1,1,121.1,118.9,-1
0022400661,2024-25,3,29,7,1,39.2,DREB,39-42,24.2,0,-16,3,0,1,1,0,0,121.1,118.9,3
0022400662,2024-25,1,27,14,1,42.2,MADE_BASKET,42-45,25.7,0,9,2,2,2,1,1,0,108.9,116.1,0
0022400662,2024-25,3,27,14,1,30.5,DREB,30-33,18.1,0,11,2,0,1,1,0,0,108.9,116.1,2
0022400663,2024-25,1,6,26,0,36.7,MADE_BASKET,36-39,21.3,0,-3,2,2,1,1,0,0,119.4,119.4,0
0022400663,2024-25,2,26,6,1,34.0,DREB,33-36,30.6,1,-6,2,0,2,1,1,0,115.5,108.5,2
0022400663,2024-25,3,26,6,1,38.8,MADE_BASKET,36-39,32.1,1,-12,0,3,2,1,1,0,115.5,108.5,-3
0022400664,2024-25,1,27,6,1,41.6,DEAD_BALL,39-42,31.1,1,8,2,2,3,2,1,1,108.9,108.5,0
0022400664,2024-25,2,27,6,1,34.9,MADE_BASKET,33-36,13.6,0,-1,0,0,1,1,0,0,108.9,108.5,0
0022400664,2024-25,3,27,6,1,34.4,MADE_BASKET,33-36,17.5,0,4,0,2,1,1,0,0,108.9,108.5,-2
0022400665,2024-25,2,11,7,1,35.4,MADE_BASKET,33-36,31.4,1,-18,3,2,2,2,1,1,117.4,118.9,1
0022400665,2024-25,3,7,11,0,39.1,DREB,39-42,27.5,0,15,2,3,2,1,1,0,112.3,124.0,-1
0022400666,2024-25,1,9,2,1,42.8,MADE_BASKET,42-45,29.6,1,-6,5,2,2,1,1,0,117.4,119.8,3
0022400666,2024-25,2,2,9,0,37.3,MADE_BASKET,36-39,24.5,0,-2,2,0,1,1,0,0,121.3,119.1,2
0022400666,2024-25,3,2,9,0,38.3,DREB,36-39,31.8,1,1,5,3,2,2,1,1,121.3,119.1,2
0022400667,2024-25,1,1,26,1,37.8,DREB,36-39,16.3,0,2,0,2,1,1,0,0,109.8,119.4,-2
0022400667,2024-25,2,1,26,1,40.2,DREB,39-42,20.8,0,10,2,3,1,1,0,0,109.8,119.4,-1
0022400667,2024-25,3,26,1,0,34.2,DREB,33-36,28.9,1,-6,3,0,2,1,1,0,115.5,116.8,3
0022400668,2024-25,1,10,7,0,39.8,MADE_BASKET,39-42,32.3,1,-3,3,2,2,1,1,0,123.1,118.9,1
0022400668,2024-25,2,10,7,0,34.1,DREB,33-36,29.9,1,4,3,0,2,1,1,0,123.1,118.9,3
0022400668,2024-25,3,10,7,0,37.1,DREB,36-39,31.2,1,6,3,0,2,1,1,0,123.1,118.9,3
0022400669,2024-25,1,23,27,0,39.8,MADE_BASKET,39-42,22.9,0,2,2,2,1,1,0,0,113.4,116.7,0
0022400669,2024-25,2,27,23,1,43.9,MADE_BASKET,42-45,32.1,1,-2,2,2,2,1,1,0,108.9,116.0,0
0022400669,2024-25,3,27,23,1,44.7,MADE_BASKET,42-45,37.3,1,-7,2,5,3,2,1,1,108.9,116.0,-3
0022400670,2024-25,1,16,27,0,42.4,MADE_BASKET,42-45,37.8,1,-8,5,1,2,1,1,0,117.0,116.7,4
0022400670,2024-25,2,16,27,0,35.5,MADE_BASKET,33-36,28.6,1,-9,4,1,2,1,1,0,117.0,116.7,3
0022400670,2024-25,3,16,27,0,30.4,MADE_BASKET,30-33,7.8,0,-9,3,2,1,1,0,0,117.0,116.7,1
0022400671,2024-25,1,23,9,0,31.8,DREB,30-33,29.1,1,8,0,1,2,2,1,1,113.4,119.1,-1
0022400671,2024-25,2,9,23,1,39.3,DREB,39-42,31.1,1,-12,2,0,1,1,0,0,117.4,116.0,2
0022400671,2024-25,3,23,9,0,34.2,DREB,33-36,17.9,0,17,0,2,1,1,0,0,113.4,119.1,-2
0022400672,2024-25,1,20,8,0,38.7,MADE_BASKET,36-39,34.2,1,4,2,3,2,2,1,1,128.5,110.5,-1
0022400672,2024-25,2,20,8,0,31.6,MADE_BASKET,30-33,10.4,0,4,0,0,1,1,0,0,128.5,110.5,0
0022400672,2024-25,3,8,20,1,36.8,MADE_BASKET,36-39,24.3,0,-18,0,2,1,1,0,0,111.9,116.1,-2
0022400673,2024-25,1,11,3,0,35.0,DREB,33-36,32.9,1,-2,0,0,2,1,1,0,117.4,117.7,0
0022400673,2024-25,2,3,11,1,44.0,DREB,42-45,22.6,0,3,2,0,1,1,0,0,117.0,124.0,2
0022400673,2024-25,3,11,3,0,35.1,MADE_BASKET,33-36,30.6,1,-17,3,0,2,1,1,0,117.4,117.7,3
0022400674,2024-25,1,19,28,0,39.7,MADE_BASKET,39-42,33.8,1,-3,3,2,2,2,1,1,124.0,113.4,1
0022400675,2024-25,1,19,14,1,39.8,MADE_BASKET,39-42,29.7,1,2,6,2,2,1,1,0,124.0,116.1,4
0022400675,2024-25,2,19,14,1,44.0,DREB,42-45,40.6,1,5,4,0,2,2,1,1,124.0,116.1,4
0022400675,2024-25,3,14,19,0,33.6,MADE_BASKET,33-36,29.1,1,-15,0,0,1,1,0,0,120.3,110.2,0
0022400676,2024-25,2,29,23,1,38.5,MADE_BASKET,36-39,30.7,1,15,4,0,2,1,1,0,121.1,116.0,4
0022400676,2024-25,3,23,29,0,39.5,MADE_BASKET,39-42,34.5,1,-14,5,2,2,2,1,1,113.4,115.7,3
0022400677,2024-25,1,16,25,1,36.5,DREB,36-39,16.4,0,-1,0,2,1,1,0,0,117.0,112.7,-2
0022400677,2024-25,3,25,16,0,31.8,DREB,30-33,16.6,0,-4,0,0,1,1,0,0,115.1,116.8,0
0022400678,2024-25,1,28,8,1,42.4,DREB,42-45,34.7,1,12,3,2,2,2,1,1,117.0,110.5,1
0022400678,2024-25,2,8,28,0,34.1,DREB,33-36,29.2,1,-22,3,3,2,1,1,0,111.9,113.4,0
0022400678,2024-25,3,8,28,0,40.9,DEAD_BALL,39-42,29.2,1,-25,1,2,2,1,1,0,111.9,113.4,-1
0022400679,2024-25,1,28,24,1,41.7,MADE_BASKET,39-42,30.8,1,4,2,0,2,1,1,0,117.0,113.3,2
0022400679,2024-25,2,24,28,0,31.5,MADE_BASKET,30-33,19.9,0,-7,0,0,2,1,1,0,113.7,113.4,0
0022400679,2024-25,3,24,28,0,32.5,DREB,30-33,30.2,1,-8,0,0,2,1,1,0,113.7,113.4,0
0022400680,2024-25,1,23,7,1,41.1,MADE_BASKET,39-42,31.7,1,5,1,0,1,1,0,0,113.4,118.9,1
0022400680,2024-25,3,23,7,1,40.9,MADE_BASKET,39-42,27.7,0,-7,3,0,2,1,1,0,113.4,118.9,3
0022400681,2024-25,1,22,23,0,35.6,LIVE_TOV,33-36,25.6,0,0,5,2,2,1,1,0,117.9,116.0,3
0022400681,2024-25,2,22,23,0,44.7,MADE_BASKET,42-45,31.3,1,4,2,0,1,1,0,0,117.9,116.0,2
0022400681,2024-25,3,22,23,0,41.2,DREB,39-42,39.6,1,12,4,0,2,2,1,1,117.9,116.0,4
0022400682,2024-25,1,9,19,1,32.6,MADE_BASKET,30-33,8.3,0,0,0,0,1,1,0,0,117.4,110.2,0
0022400682,2024-25,2,9,19,1,30.9,MADE_BASKET,30-33,6.1,0,-4,0,1,1,1,0,0,117.4,110.2,-1
0022400682,2024-25,3,19,9,0,40.6,MADE_BASKET,39-42,32.8,1,10,2,2,2,1,1,0,124.0,119.1,0
0022400683,2024-25,1,4,20,1,45.0,LIVE_TOV,42-45,41.8,1,-2,4,2,2,1,1,0,121.0,116.1,2
0022400683,2024-25,3,4,20,1,33.5,DREB,33-36,18.5,0,4,0,2,1,1,0,0,121.0,116.1,-2
0022400684,2024-25,1,19,8,0,44.1,MADE_BASKET,42-45,37.7,1,-7,0,2,2,1,1,0,124.0,110.5,-2
0022400684,2024-25,2,19,8,0,35.0,DEAD_BALL,33-36,23.5,0,-7,1,0,1,1,0,0,124.0,110.5,1
0022400684,2024-25,3,19,8,0,33.5,DREB,33-36,20.3,0,-10,2,0,1,0,0,0,124.0,110.5,2
0022400685,2024-25,1,30,28,1,42.8,MADE_BASKET,42-45,34.5,1,13,0,0,2,1,1,0,112.8,113.4,0
0022400686,2024-25,1,28,3,0,42.5,MADE_BASKET,42-45,34.4,1,-14,3,3,2,1,1,0,117.0,117.7,0
0022400686,2024-25,2,3,28,1,32.6,DREB,30-33,20.3,0,8,2,0,1,1,0,0,117.0,113.4,2
0022400686,2024-25,3,28,3,0,42.6,MADE_BASKET,42-45,36.3,1,-11,1,0,2,1,1,0,117.0,117.7,1
0022400687,2024-25,1,22,24,1,34.5,MADE_BASKET,33-36,18.3,0,1,0,0,1,1,0,0,117.9,113.3,0
0022400687,2024-25,2,24,22,0,38.5,LIVE_TOV,36-39,36.7,1,2,2,2,2,1,1,0,113.7,119.7,0
0022400687,2024-25,3,22,24,1,40.8,LIVE_TOV,39-42,33.1,1,-7,2,2,2,1,1,0,117.9,113.3,0
0022400688,2024-25,1,4,11,1,41.6,DREB,39-42,38.1,1,-1,8,0,2,2,1,1,121.0,124.0,8
0022400688,2024-25,3,11,4,0,37.5,DREB,36-39,23.7,0,3,0,2,2,1,1,0,117.4,119.8,-2
0022400689,2024-25,2,7,18,0,35.4,DREB,33-36,28.9,1,-10,0,2,2,1,1,0,112.3,116.6,-2
0022400689,2024-25,3,18,7,1,36.7,MADE_BASKET,36-39,18.5,0,7,0,2,2,1,1,0,111.7,118.9,-2
0022400690,2024-25,2,13,7,0,33.9,MADE_BASKET,33-36,27.4,0,5,0,2,2,1,1,0,110.5,118.9,-2
0022400690,2024-25,3,13,7,0,39.6,DREB,39-42,26.5,0,-2,0,0,2,1,1,0,110.5,118.9,0
0022400691,2024-25,1,29,10,1,35.1,MADE_BASKET,33-36,29.5,1,6,0,0,2,1,1,0,121.1,114.1,0
0022400691,2024-25,2,29,10,1,32.8,DREB,30-33,24.4,0,-9,0,2,2,1,1,0,121.1,114.1,-2
0022400691,2024-25,3,10,29,0,33.8,DREB,33-36,20.2,0,18,2,3,1,1,0,0,123.1,115.7,-1
0022400692,2024-25,1,25,15,0,33.5,DREB,33-36,17.1,0,-9,0,2,1,1,0,0,115.1,111.0,-2
0022400692,2024-25,2,25,15,0,42.4,DREB,42-45,34.2,1,-13,5,2,2,2,1,1,115.1,111.0,3
0022400692,2024-25,3,15,25,1,39.1,MADE_BASKET,39-42,34.5,1,5,1,0,2,1,1,0,116.4,112.7,1
0022400693,2024-25,1,5,10,1,41.3,LIVE_TOV,39-42,31.6,1,0,0,2,2,1,1,0,110.9,114.1,-2
0022400693,2024-25,2,5,10,1,37.7,MADE_BASKET,36-39,29.3,1,6,4,2,2,1,1,0,110.9,114.1,2
0022400693,2024-25,3,10,5,0,33.4,DREB,33-36,28.6,1,-1,0,1,2,1,1,0,123.1,119.7,-1
0022400694,2024-25,1,10,1,0,31.0,DREB,30-33,11.5,0,5,0,0,1,0,0,0,123.1,116.8,0
0022400694,2024-25,2,1,10,1,43.2,DREB,42-45,37.1,1,-1,5,5,2,2,1,1,109.8,114.1,0
0022400694,2024-25,3,10,1,0,33.3,MADE_BASKET,33-36,20.3,0,6,6,1,1,1,0,0,123.1,116.8,5
0022400695,2024-25,1,6,22,0,42.9,DREB,42-45,32.1,1,2,0,3,2,1,1,0,119.4,119.7,-3
0022400695,2024-25,2,6,22,0,39.9,DREB,39-42,31.3,1,8,0,6,2,2,1,1,119.4,119.7,-6
0022400695,2024-25,3,6,22,0,31.3,DREB,30-33,8.2,0,1,2,3,1,1,0,0,119.4,119.7,-1
0022400696,2024-25,1,30,5,0,33.8,MADE_BASKET,33-36,17.3,0,-6,3,0,1,1,0,0,112.8,119.7,3
0022400696,2024-25,2,30,5,0,35.3,LIVE_TOV,33-36,20.2,0,-3,2,3,1,1,0,0,112.8,119.7,-1
0022400696,2024-25,3,5,30,1,33.0,DREB,33-36,19.1,0,2,0,0,1,1,0,0,110.9,111.9,0
0022400697,2024-25,1,1,2,1,39.6,LIVE_TOV,39-42,29.3,1,-3,2,0,2,1,1,0,109.8,119.8,2
0022400697,2024-25,2,1,2,1,33.0,DREB,33-36,15.0,0,-3,0,2,2,1,1,0,109.8,119.8,-2
0022400697,2024-25,3,1,2,1,41.6,LIVE_TOV,39-42,31.4,1,-3,4,2,2,1,1,0,109.8,119.8,2
0022400698,2024-25,1,19,15,1,44.0,MADE_BASKET,42-45,25.2,0,-4,0,0,1,1,0,0,124.0,111.0,0
0022400698,2024-25,2,15,19,0,36.0,DEAD_BALL,36-39,31.0,1,-1,0,2,2,1,1,0,116.4,110.2,-2
0022400698,2024-25,3,19,15,1,36.3,MADE_BASKET,36-39,30.9,1,0,1,2,2,1,1,0,124.0,111.0,-1
0022400699,2024-25,1,19,26,1,36.8,MADE_BASKET,36-39,21.1,0,-8,0,3,2,1,1,0,124.0,119.4,-3
0022400699,2024-25,2,26,19,0,38.7,DEAD_BALL,36-39,33.6,1,5,2,2,2,1,1,0,115.5,110.2,0
0022400699,2024-25,3,19,26,1,41.5,DREB,39-42,30.7,1,-1,4,2,2,2,1,1,124.0,119.4,2
0022400700,2024-25,1,22,18,0,37.4,MADE_BASKET,36-39,32.3,1,4,2,2,2,2,1,1,117.9,116.6,0
0022400700,2024-25,2,22,18,0,41.0,DREB,39-42,38.7,1,20,3,0,2,1,1,0,117.9,116.6,3
0022400701,2024-25,2,30,22,1,33.2,DREB,33-36,18.3,0,0,0,2,1,1,0,0,112.8,119.7,-2
0022400701,2024-25,3,30,22,1,40.7,DREB,39-42,38.1,1,-2,2,2,3,2,1,1,112.8,119.7,0
0022400702,2024-25,1,29,23,0,34.0,DREB,33-36,19.4,0,1,2,2,2,1,1,0,121.1,116.0,0
0022400702,2024-25,2,29,23,0,35.0,DREB,33-36,24.3,0,-5,0,2,2,1,1,0,121.1,116.0,-2
0022400702,2024-25,3,29,23,0,32.4,MADE_BASKET,30-33,16.9,0,-1,0,0,1,1,0,0,121.1,116.0,0
0022400703,2024-25,1,20,24,0,40.2,DREB,39-42,25.5,0,-7,1,2,2,1,1,0,128.5,113.3,-1
0022400703,2024-25,2,20,24,0,40.3,DREB,39-42,28.8,1,-14,4,4,2,1,1,0,128.5,113.3,0
0022400703,2024-25,3,24,20,1,35.8,DREB,33-36,29.8,1,18,5,2,2,1,1,0,113.7,116.1,3
0022400704,2024-25,1,5,19,0,32.8,MADE_BASKET,30-33,11.6,0,-6,0,0,1,1,0,0,110.9,110.2,0
0022400704,2024-25,2,19,5,1,40.5,MADE_BASKET,39-42,37.5,1,1,5,0,2,2,1,1,124.0,119.7,5
0022400704,2024-25,3,19,5,1,39.8,DREB,39-42,29.8,1,6,5,5,2,2,1,1,124.0,119.7,0
0022400705,2024-25,1,12,22,1,34.5,MADE_BASKET,33-36,20.0,0,0,0,2,2,1,1,0,113.6,119.7,-2
0022400705,2024-25,2,12,22,1,30.7,DREB,30-33,15.1,0,3,0,3,1,1,0,0,113.6,119.7,-3
0022400705,2024-25,3,22,12,0,42.0,DREB,42-45,36.1,1,-2,0,2,2,1,1,0,117.9,116.7,-2
0022400706,2024-25,1,22,27,1,41.4,MADE_BASKET,39-42,35.3,1,1,5,2,2,1,1,0,117.9,116.7,3
0022400706,2024-25,3,27,22,0,32.4,LIVE_TOV,30-33,29.4,1,6,2,3,2,1,1,0,108.9,119.7,-1
0022400707,2024-25,1,11,16,0,37.6,MADE_BASKET,36-39,31.0,1,-8,3,0,2,2,1,1,117.4,116.8,3
0022400707,2024-25,2,11,16,0,31.4,DREB,30-33,13.2,0,-8,0,3,1,1,0,0,117.4,116.8,-3
0022400707,2024-25,3,16,11,1,38.0,LIVE_TOV,36-39,28.8,1,1,2,0,2,1,1,0,117.0,124.0,2
0022400708,2024-25,1,23,7,1,44.6,DREB,42-45,37.1,1,6,2,2,2,2,1,1,113.4,118.9,0
0022400708,2024-25,2,23,7,1,36.4,DREB,36-39,23.6,0,17,2,2,1,1,0,0,113.4,118.9,0
0022400708,2024-25,3,23,7,1,36.6,DEAD_BALL,36-39,15.2,0,20,2,2,1,1,0,0,113.4,118.9,0
0022400709,2024-25,2,11,26,0,40.2,MADE_BASKET,39-42,33.8,1,9,0,0,1,1,0,0,117.4,119.4,0
0022400709,2024-25,3,26,11,1,43.9,MADE_BASKET,42-45,30.0,1,-10,4,2,2,2,1,1,115.5,124.0,2
0022400710,2024-25,1,23,19,1,38.0,DREB,36-39,29.5,1,11,2,0,2,1,1,0,113.4,110.2,2
0022400710,2024-25,2,23,19,1,41.1,MADE_BASKET,39-42,31.1,1,15,0,0,2,1,1,0,113.4,110.2,0
0022400711,2024-25,1,30,6,1,30.4,MADE_BASKET,30-33,7.7,0,13,0,0,1,1,0,0,112.8,108.5,0
0022400711,2024-25,3,6,30,0,44.9,MADE_BASKET,42-45,37.6,1,-13,7,0,2,1,1,0,119.4,111.9,7
0022400712,2024-25,1,18,4,0,39.5,DREB,39-42,29.7,1,1,4,2,2,1,1,0,111.7,119.8,2
0022400712,2024-25,2,4,18,1,42.3,DREB,42-45,39.8,1,0,0,3,3,2,1,1,121.0,116.6,-3
0022400712,2024-25,3,18,4,0,31.0,MADE_BASKET,30-33,13.5,0,-9,2,0,1,1,0,0,111.7,119.8,2
0022400713,2024-25,1,15,9,0,30.4,LIVE_TOV,30-33,23.0,0,0,0,0,1,1,0,0,116.4,119.1,0
0022400713,2024-25,3,15,9,0,43.2,DREB,42-45,34.5,1,-6,0,2,2,1,1,0,116.4,119.1,-2
0022400714,2024-25,1,21,9,1,39.8,MADE_BASKET,39-42,21.5,0,-1,0,0,1,1,0,0,121.5,119.1,0
0022400714,2024-25,2,21,9,1,37.0,MADE_BASKET,36-39,21.8,0,-11,2,0,1,1,0,0,121.5,119.1,2
0022400715,2024-25,1,21,1,0,36.2,MADE_BASKET,36-39,31.8,1,9,0,0,2,1,1,0,121.5,116.8,0
0022400715,2024-25,3,1,21,1,30.7,MADE_BASKET,30-33,5.8,0,-4,0,0,1,1,0,0,109.8,107.5,0
0022400716,2024-25,1,6,12,0,41.1,MADE_BASKET,39-42,34.0,1,2,5,0,2,1,1,0,119.4,116.7,5
0022400716,2024-25,2,6,12,0,30.5,DREB,30-33,13.2,0,18,2,2,1,1,0,0,119.4,116.7,0
0022400716,2024-25,3,6,12,0,40.1,DREB,39-42,28.7,1,20,0,0,2,1,1,0,119.4,116.7,0
0022400717,2024-25,1,9,24,0,34.8,MADE_BASKET,33-36,28.9,1,-6,0,0,2,1,1,0,117.4,113.3,0
0022400717,2024-25,2,24,9,1,30.6,DREB,30-33,8.2,0,10,2,2,1,1,0,0,113.7,119.1,0
0022400717,2024-25,3,24,9,1,44.7,DREB,42-45,33.0,1,6,4,6,3,2,1,1,113.7,119.1,-2
0022400718,2024-25,1,30,25,0,42.5,DREB,42-45,29.7,1,1,0,0,1,1,0,0,112.8,112.7,0
0022400718,2024-25,2,30,25,0,39.5,MADE_BASKET,39-42,29.8,1,-5,3,2,2,1,1,0,112.8,112.7,1
0022400718,2024-25,3,30,25,0,43.1,DREB,42-45,33.2,1,-15,0,2,2,1,1,0,112.8,112.7,-2
0022400719,2024-25,1,24,3,1,35.7,DREB,33-36,23.6,0,-12,2,2,1,1,0,0,113.7,117.7,0
0022400719,2024-25,2,24,3,1,33.0,MADE_BASKET,33-36,16.9,0,-14,3,2,1,1,0,0,113.7,117.7,1
0022400719,2024-25,3,24,3,1,38.0,DREB,36-39,30.3,1,-12,5,0,2,1,1,0,113.7,117.7,5
0022400720,2024-25,1,12,18,0,40.7,DREB,39-42,38.1,1,-5,4,0,2,2,1,1,113.6,116.6,4
0022400720,2024-25,2,12,18,0,39.8,DREB,39-42,28.9,1,-5,2,3,2,1,1,0,113.6,116.6,-1
0022400720,2024-25,3,18,12,1,40.1,DREB,39-42,29.8,1,11,0,0,2,1,1,0,111.7,116.7,0
0022400721,2024-25,1,24,19,0,39.7,MADE_BASKET,39-42,31.5,1,-3,2,0,2,1,1,0,113.7,110.2,2
0022400721,2024-25,2,19,24,1,43.4,DREB,42-45,33.7,1,6,2,3,2,2,1,1,124.0,113.3,-1
0022400721,2024-25,3,24,19,0,35.1,DREB,33-36,30.0,1,-9,3,0,2,1,1,0,113.7,110.2,3
0022400722,2024-25,1,22,29,0,35.8,DEAD_BALL,33-36,32.5,1,5,2,0,2,1,1,0,117.9,115.7,2
0022400722,2024-25,2,29,22,1,39.8,DREB,39-42,31.0,1,-11,2,3,1,1,0,0,121.1,119.7,-1
0022400722,2024-25,3,22,29,0,32.4,DREB,30-33,30.6,1,11,4,0,2,1,1,0,117.9,115.7,4
0022400723,2024-25,1,3,28,0,44.2,MADE_BASKET,42-45,33.8,1,3,2,5,3,2,1,1,117.0,113.4,-3
0022400723,2024-25,2,28,3,1,35.9,MADE_BASKET,33-36,28.3,1,-5,0,2,2,1,1,0,117.0,117.7,-2
0022400723,2024-25,3,3,28,0,38.2,MADE_BASKET,36-39,21.8,0,-6,3,0,1,1,0,0,117.0,113.4,3
0022400724,2024-25,1,29,4,1,41.6,MADE_BASKET,39-42,22.2,0,-17,3,0,1,1,0,0,121.1,119.8,3
0022400724,2024-25,2,4,29,0,41.6,DREB,39-42,36.8,1,18,2,0,2,1,1,0,121.0,115.7,2
0022400724,2024-25,3,4,29,0,38.9,MADE_BASKET,36-39,30.5,1,15,2,2,2,1,1,0,121.0,115.7,0
0022400725,2024-25,2,27,8,0,38.8,DREB,36-39,34.7,1,5,2,0,2,1,1,0,108.9,110.5,2
0022400725,2024-25,3,27,8,0,37.6,MADE_BASKET,36-39,18.5,0,2,2,0,1,0,0,0,108.9,110.5,2
0022400726,2024-25,1,19,10,0,39.4,DEAD_BALL,39-42,35.4,1,-1,0,0,2,1,1,0,124.0,114.1,0
0022400726,2024-25,2,19,10,0,32.8,LIVE_TOV,30-33,25.6,0,-5,3,2,1,1,0,0,124.0,114.1,1
0022400726,2024-25,3,10,19,1,32.2,MADE_BASKET,30-33,9.3,0,-10,2,2,1,1,0,0,123.1,110.2,0
0022400727,2024-25,1,1,11,1,37.5,DREB,36-39,19.7,0,-11,2,2,1,1,0,0,109.8,124.0,0
0022400727,2024-25,2,11,1,0,42.6,DREB,42-45,36.9,1,3,2,0,2,2,1,1,117.4,116.8,2
0022400727,2024-25,3,11,1,0,32.5,MADE_BASKET,30-33,20.8,0,-3,2,0,1,1,0,0,117.4,116.8,2
0022400728,2024-25,1,12,5,1,43.3,MADE_BASKET,42-45,28.6,1,-7,3,2,2,1,1,0,113.6,119.7,1
0022400728,2024-25,2,12,5,1,38.0,MADE_BASKET,36-39,12.5,0,-4,0,2,2,1,1,0,113.6,119.7,-2
0022400728,2024-25,3,5,12,0,39.9,MADE_BASKET,39-42,29.4,1,2,3,3,2,1,1,0,110.9,116.7,0
0022400729,2024-25,2,6,13,1,44.8,MADE_BASKET,42-45,40.1,1,12,2,2,2,1,1,0,119.4,108.4,0
0022400729,2024-25,3,6,13,1,30.9,DREB,30-33,11.3,0,7,0,0,1,1,0,0,119.4,108.4,0
0022400730,2024-25,1,28,13,0,36.6,DREB,36-39,28.6,1,0,3,0,2,1,1,0,117.0,108.4,3
0022400730,2024-25,2,13,28,1,43.8,MADE_BASKET,42-45,30.3,1,-7,2,2,2,2,1,1,110.5,113.4,0
0022400730,2024-25,3,28,13,0,35.7,DREB,33-36,32.7,1,6,2,0,2,2,1,1,117.0,108.4,2
0022400731,2024-25,3,25,13,1,44.6,MADE_BASKET,42-45,34.6,1,-6,1,0,2,1,1,0,115.1,108.4,1
0022400732,2024-25,1,17,15,1,42.8,MADE_BASKET,42-45,31.5,1,1,2,3,2,1,1,0,125.5,111.0,-1
0022400733,2024-25,1,16,28,1,33.4,MADE_BASKET,33-36,15.1,0,-5,3,0,1,1,0,0,117.0,113.4,3
0022400733,2024-25,2,16,28,1,32.3,MADE_BASKET,30-33,9.5,0,3,2,0,1,0,0,0,117.0,113.4,2
0022400733,2024-25,3,16,28,1,32.6,DREB,30-33,29.6,1,14,2,1,1,1,0,0,117.0,113.4,1
0022400734,2024-25,1,13,23,0,41.2,DREB,39-42,32.6,1,5,2,0,2,1,1,0,110.5,116.0,2
0022400734,2024-25,3,13,23,0,44.3,LIVE_TOV,42-45,30.3,1,10,2,0,2,1,1,0,110.5,116.0,2
0022400735,2024-25,2,25,27,0,30.3,MADE_BASKET,30-33,7.4,0,6,0,2,1,1,0,0,115.1,116.7,-2
0022400736,2024-25,1,26,29,1,36.8,DREB,36-39,31.0,1,-6,2,0,2,1,1,0,115.5,115.7,2
0022400736,2024-25,2,29,26,0,44.7,DREB,42-45,25.6,0,5,2,2,2,1,1,0,121.1,119.4,0
0022400736,2024-25,3,29,26,0,35.5,MADE_BASKET,33-36,20.6,0,-2,0,2,1,1,0,0,121.1,119.4,-2
0022400737,2024-25,1,13,1,1,37.3,MADE_BASKET,36-39,22.6,0,6,3,2,1,1,0,0,110.5,116.8,1
0022400737,2024-25,2,1,13,0,32.9,MADE_BASKET,30-33,12.5,0,-2,0,2,1,1,0,0,109.8,108.4,-2
0022400737,2024-25,3,13,1,1,30.1,DREB,30-33,20.7,0,8,2,2,2,1,1,0,110.5,116.8,0
0022400738,2024-25,2,17,27,1,30.3,DREB,30-33,9.2,0,2,2,2,1,1,0,0,125.5,116.7,0
0022400738,2024-25,3,27,17,0,38.5,MADE_BASKET,36-39,21.9,0,-7,0,2,1,1,0,0,108.9,116.3,-2
0022400739,2024-25,1,24,1,0,36.0,DEAD_BALL,36-39,28.7,1,-4,4,0,2,1,1,0,113.7,116.8,4
0022400739,2024-25,2,1,24,1,42.1,MADE_BASKET,42-45,30.6,1,-14,2,0,2,1,1,0,109.8,113.3,2
0022400739,2024-25,3,1,24,1,40.1,MADE_BASKET,39-42,22.0,0,-14,2,0,1,1,0,0,109.8,113.3,2
0022400740,2024-25,1,26,21,1,34.7,MADE_BASKET,33-36,22.8,0,10,0,2,1,1,0,0,115.5,107.5,-2
0022400740,2024-25,3,26,21,1,33.8,MADE_BASKET,33-36,29.4,1,24,0,2,1,1,0,0,115.5,107.5,-2
0022400741,2024-25,2,5,24,0,34.6,LIVE_TOV,33-36,32.0,1,13,2,2,2,1,1,0,110.9,113.3,0
0022400741,2024-25,3,5,24,0,38.3,DREB,36-39,35.5,1,4,0,0,2,2,1,1,110.9,113.3,0
0022400742,2024-25,3,7,20,1,37.4,MADE_BASKET,36-39,26.6,0,17,0,3,2,1,1,0,112.3,116.1,-3
0022400743,2024-25,1,2,17,0,42.6,DREB,42-45,28.6,1,3,3,2,2,1,1,0,121.3,116.3,1
0022400743,2024-25,2,17,2,1,34.9,MADE_BASKET,33-36,19.1,0,-7,0,0,1,1,0,0,125.5,119.8,0
0022400743,2024-25,3,17,2,1,37.9,DREB,36-39,30.0,1,-8,0,0,2,2,1,1,125.5,119.8,0
0022400744,2024-25,1,16,13,1,36.1,DREB,36-39,32.3,1,2,0,0,2,2,1,1,117.0,108.4,0
0022400744,2024-25,2,13,16,0,37.9,MADE_BASKET,36-39,23.3,0,-15,0,0,1,1,0,0,110.5,116.8,0
0022400744,2024-25,3,13,16,0,32.3,MADE_BASKET,30-33,10.1,0,-7,4,2,2,1,1,0,110.5,116.8,2
0022400745,2024-25,1,17,7,0,36.1,LIVE_TOV,36-39,33.4,1,0,2,2,1,1,0,0,125.5,118.9,0
0022400745,2024-25,2,7,17,1,30.2,MADE_BASKET,30-33,10.3,0,-1,1,0,1,1,0,0,112.3,116.3,1
0022400746,2024-25,2,11,26,0,44.2,LIVE_TOV,42-45,40.7,1,-4,5,0,2,2,1,1,117.4,119.4,5
0022400746,2024-25,3,11,26,0,34.2,MADE_BASKET,33-36,16.2,0,2,0,0,1,1,0,0,117.4,119.4,0
0022400747,2024-25,1,27,21,0,38.9,MADE_BASKET,36-39,17.5,0,2,3,0,2,1,1,0,108.9,107.5,3
0022400747,2024-25,2,27,21,0,36.7,DREB,36-39,17.9,0,-5,2,2,1,1,0,0,108.9,107.5,0
0022400747,2024-25,3,21,27,1,33.3,MADE_BASKET,33-36,22.2,0,3,2,0,1,1,0,0,121.5,116.7,2
0022400748,2024-25,1,21,15,0,45.0,DEAD_BALL,42-45,40.0,1,3,3,0,2,2,1,1,121.5,111.0,3
0022400748,2024-25,2,21,15,0,43.7,MADE_BASKET,42-45,33.4,1,7,2,0,2,1,1,0,121.5,111.0,2
0022400748,2024-25,3,15,21,1,41.2,DREB,39-42,35.8,1,-4,0,3,2,1,1,0,116.4,107.5,-3
0022400749,2024-25,1,20,19,1,40.9,DREB,39-42,28.7,1,5,0,0,2,1,1,0,128.5,110.2,0
0022400749,2024-25,2,19,20,0,30.6,MADE_BASKET,30-33,8.7,0,-8,0,2,1,1,0,0,124.0,116.1,-2
0022400749,2024-25,3,19,20,0,41.4,MADE_BASKET,39-42,37.5,1,-13,4,2,2,1,1,0,124.0,116.1,2
0022400750,2024-25,1,6,20,1,33.7,MADE_BASKET,33-36,11.5,0,5,2,2,2,1,1,0,119.4,116.1,0
0022400750,2024-25,2,20,6,0,30.7,MADE_BASKET,30-33,9.0,0,-11,3,1,2,1,1,0,128.5,108.5,2
0022400750,2024-25,3,20,6,0,40.8,MADE_BASKET,39-42,29.4,1,-7,2,0,2,1,1,0,128.5,108.5,2
0022400751,2024-25,1,18,2,0,45.0,MADE_BASKET,42-45,33.7,1,5,0,0,2,1,1,0,111.7,119.8,0
0022400751,2024-25,2,18,2,0,32.3,DEAD_BALL,30-33,27.3,0,8,5,0,2,1,1,0,111.7,119.8,5
0022400752,2024-25,2,18,8,1,30.8,DREB,30-33,7.3,0,-3,0,2,2,1,1,0,111.7,110.5,-2
0022400752,2024-25,3,8,18,0,42.2,DREB,42-45,30.2,1,5,2,0,1,1,0,0,111.9,116.6,2
0022400753,2024-25,1,18,3,1,33.6,MADE_BASKET,33-36,18.6,0,0,0,1,1,1,0,0,111.7,117.7,-1
0022400753,2024-25,2,3,18,0,44.2,DREB,42-45,28.3,1,7,2,0,2,1,1,0,117.0,116.6,2
0022400753,2024-25,3,18,3,1,33.6,MADE_BASKET,33-36,9.2,0,-18,2,0,1,0,0,0,111.7,117.7,2
0022400754,2024-25,1,27,3,1,34.1,LIVE_TOV,33-36,31.1,1,3,2,0,2,1,1,0,108.9,117.7,2
0022400754,2024-25,2,3,27,0,32.7,MADE_BASKET,30-33,13.6,0,-6,2,1,1,1,0,0,117.0,116.7,1
0022400754,2024-25,3,27,3,1,41.3,MADE_BASKET,39-42,24.7,0,-1,2,0,1,1,0,0,108.9,117.7,2
0022400755,2024-25,2,3,13,1,44.7,DEAD_BALL,42-45,23.4,0,12,2,0,1,1,0,0,117.0,108.4,2
0022400756,2024-25,1,18,15,0,38.5,MADE_BASKET,36-39,31.3,1,-4,3,3,2,2,1,1,111.7,111.0,0
0022400756,2024-25,2,15,18,1,41.0,MADE_BASKET,39-42,33.1,1,3,2,2,2,1,1,0,116.4,116.6,0
0022400756,2024-25,3,15,18,1,36.0,MADE_BASKET,36-39,18.8,0,-1,0,0,1,1,0,0,116.4,116.6,0
0022400757,2024-25,1,9,28,0,42.4,MADE_BASKET,42-45,34.3,1,1,2,4,3,3,1,1,117.4,113.4,-2
0022400757,2024-25,2,9,28,0,35.8,DREB,33-36,24.0,0,-6,2,0,2,1,1,0,117.4,113.4,2
0022400757,2024-25,3,28,9,1,44.7,DREB,42-45,28.3,1,5,2,2,2,1,1,0,117.0,119.1,0
0022400758,2024-25,1,21,22,0,32.2,MADE_BASKET,30-33,15.2,0,-3,0,0,1,0,0,0,121.5,119.7,0
0022400758,2024-25,2,21,22,0,34.1,MADE_BASKET,33-36,25.1,0,0,0,0,1,1,0,0,121.5,119.7,0
0022400758,2024-25,3,21,22,0,43.5,DREB,42-45,32.0,1,-3,3,0,2,1,1,0,121.5,119.7,3
0022400759,2024-25,1,27,10,1,31.2,DREB,30-33,16.6,0,1,2,0,1,1,0,0,108.9,114.1,2
0022400759,2024-25,2,27,10,1,42.3,MADE_BASKET,42-45,34.6,1,-2,2,2,2,1,1,0,108.9,114.1,0
0022400759,2024-25,3,10,27,0,35.7,DREB,33-36,18.5,0,8,0,0,1,1,0,0,123.1,116.7,0
0022400760,2024-25,2,6,8,0,44.9,MADE_BASKET,42-45,31.2,1,-5,2,3,2,1,1,0,119.4,110.5,-1
0022400761,2024-25,1,16,8,0,31.2,MADE_BASKET,30-33,8.9,0,-8,3,2,2,1,1,0,117.0,110.5,1
0022400761,2024-25,2,16,8,0,34.3,DREB,33-36,15.1,0,-9,0,0,1,1,0,0,117.0,110.5,0
0022400761,2024-25,3,16,8,0,30.9,MADE_BASKET,30-33,16.0,0,-26,0,2,1,1,0,0,117.0,110.5,-2
0022400762,2024-25,1,11,13,0,35.8,DREB,33-36,32.5,1,-10,4,0,2,2,1,1,117.4,108.4,4
0022400762,2024-25,2,13,11,1,34.0,MADE_BASKET,33-36,24.9,0,-3,2,0,2,1,1,0,110.5,124.0,2
0022400762,2024-25,3,13,11,1,31.7,MADE_BASKET,30-33,7.3,0,-4,2,0,1,1,0,0,110.5,124.0,2
0022400763,2024-25,1,24,17,1,42.9,DEAD_BALL,42-45,30.3,1,3,3,0,2,2,1,1,113.7,116.3,3
0022400763,2024-25,2,17,24,0,34.7,MADE_BASKET,33-36,21.0,0,-9,2,0,1,1,0,0,125.5,113.3,2
0022400764,2024-25,1,23,13,1,36.3,DEAD_BALL,36-39,28.8,1,15,2,0,2,1,1,0,113.4,108.4,2
0022400764,2024-25,3,13,23,0,38.5,DREB,36-39,24.1,0,-15,3,0,1,1,0,0,110.5,116.0,3
0022400765,2024-25,1,15,13,1,31.1,MADE_BASKET,30-33,10.0,0,-1,0,0,1,1,0,0,116.4,108.4,0
0022400765,2024-25,2,15,13,1,41.7,MADE_BASKET,39-42,37.2,1,-16,0,2,2,1,1,0,116.4,108.4,-2
0022400765,2024-25,3,15,13,1,43.9,LIVE_TOV,42-45,31.3,1,-14,0,0,1,1,0,0,116.4,108.4,0
0022400766,2024-25,1,19,7,1,43.8,MADE_BASKET,42-45,30.3,1,-4,5,0,2,1,1,0,124.0,118.9,5
0022400766,2024-25,2,19,7,1,39.7,MADE_BASKET,39-42,23.5,0,-2,3,0,1,1,0,0,124.0,118.9,3
0022400766,2024-25,3,7,19,0,37.1,MADE_BASKET,36-39,31.6,1,4,2,3,1,1,0,0,112.3,110.2,-1
0022400767,2024-25,1,1,12,0,37.0,LIVE_TOV,36-39,32.2,1,4,1,3,1,1,0,0,109.8,116.7,-2
0022400767,2024-25,2,1,12,0,37.2,DREB,36-39,33.2,1,-5,0,3,2,1,1,0,109.8,116.7,-3
0022400767,2024-25,3,1,12,0,41.8,MADE_BASKET,39-42,34.4,1,-12,2,0,1,1,0,0,109.8,116.7,2
0022400768,2024-25,1,17,24,1,36.7,DREB,36-39,33.0,1,-2,0,2,2,1,1,0,125.5,113.3,-2
0022400768,2024-25,3,24,17,0,39.9,LIVE_TOV,39-42,36.7,1,-1,4,1,2,2,1,1,113.7,116.3,3
0022400769,2024-25,1,11,17,0,39.6,MADE_BASKET,39-42,32.5,1,5,5,0,2,2,1,1,117.4,116.3,5
0022400769,2024-25,2,17,11,1,37.2,LIVE_TOV,36-39,29.1,1,-8,2,3,2,1,1,0,125.5,124.0,-1
0022400769,2024-25,3,11,17,0,44.8,MADE_BASKET,42-45,40.6,1,8,2,4,2,2,1,1,117.4,116.3,-2
0022400770,2024-25,1,29,2,0,30.9,DREB,30-33,16.8,0,0,0,0,1,1,0,0,121.1,119.8,0
0022400770,2024-25,2,2,29,1,34.5,MADE_BASKET,33-36,25.8,0,0,0,0,2,1,1,0,121.3,115.7,0
0022400770,2024-25,3,2,29,1,42.4,MADE_BASKET,42-45,31.5,1,-9,2,1,2,1,1,0,121.3,115.7,1
0022400771,2024-25,1,20,7,0,39.3,DREB,39-42,37.4,1,4,3,2,2,1,1,0,128.5,118.9,1
0022400771,2024-25,2,7,20,1,33.1,DREB,33-36,22.8,0,6,2,0,1,1,0,0,112.3,116.1,2
0022400771,2024-25,3,7,20,1,40.9,DREB,39-42,30.4,1,5,1,2,2,2,1,1,112.3,116.1,-1
0022400772,2024-25,1,19,10,0,44.0,MADE_BASKET,42-45,32.5,1,-14,0,0,2,2,1,1,124.0,114.1,0
0022400772,2024-25,2,10,19,1,37.2,DEAD_BALL,36-39,24.9,0,9,2,3,1,1,0,0,123.1,110.2,-1
0022400773,2024-25,1,25,1,1,36.8,MADE_BASKET,36-39,19.5,0,-1,0,4,1,1,0,0,115.1,116.8,-4
0022400773,2024-25,2,25,1,1,37.6,DREB,36-39,34.0,1,-8,0,0,2,1,1,0,115.1,116.8,0
0022400773,2024-25,3,25,1,1,36.7,MADE_BASKET,36-39,30.8,1,-7,3,0,2,1,1,0,115.1,116.8,3
0022400774,2024-25,1,28,25,1,43.2,DREB,42-45,31.4,1,-3,0,0,2,1,1,0,117.0,112.7,0
0022400774,2024-25,2,25,28,0,35.9,MADE_BASKET,33-36,14.2,0,8,2,3,1,1,0,0,115.1,113.4,-1
0022400774,2024-25,3,25,28,0,42.4,MADE_BASKET,42-45,30.7,1,13,0,2,2,1,1,0,115.1,113.4,-2
0022400775,2024-25,1,25,1,1,42.2,DREB,42-45,32.9,1,-8,0,0,2,1,1,0,115.1,116.8,0
0022400775,2024-25,3,25,1,1,37.9,DEAD_BALL,36-39,30.5,1,14,0,0,2,1,1,0,115.1,116.8,0
0022400776,2024-25,1,11,23,1,33.0,MADE_BASKET,33-36,20.5,0,-6,0,0,1,1,0,0,117.4,116.0,0
0022400776,2024-25,2,11,23,1,37.8,MADE_BASKET,36-39,30.5,1,-1,0,2,2,1,1,0,117.4,116.0,-2
0022400776,2024-25,3,11,23,1,37.3,MADE_BASKET,36-39,31.1,1,-2,5,1,2,1,1,0,117.4,116.0,4
0022400777,2024-25,1,2,23,0,38.1,MADE_BASKET,36-39,31.0,1,-6,3,2,2,1,1,0,121.3,116.0,1
0022400777,2024-25,2,23,2,1,42.3,MADE_BASKET,42-45,22.0,0,4,2,0,1,1,0,0,113.4,119.8,2
0022400777,2024-25,3,2,23,0,42.7,MADE_BASKET,42-45,35.8,1,-8,1,2,2,2,1,1,121.3,116.0,-1
0022400778,2024-25,1,27,21,1,44.4,DREB,42-45,41.1,1,6,0,0,3,2,1,1,108.9,107.5,0
0022400778,2024-25,2,27,21,1,35.0,DEAD_BALL,33-36,23.6,0,4,0,0,1,1,0,0,108.9,107.5,0
0022400778,2024-25,3,27,21,1,39.7,DREB,39-42,26.1,0,1,3,0,2,1,1,0,108.9,107.5,3
0022400779,2024-25,1,19,12,0,35.0,MADE_BASKET,33-36,28.9,1,-3,0,0,1,1,0,0,124.0,116.7,0
0022400779,2024-25,2,19,12,0,43.2,DREB,42-45,34.9,1,-1,3,2,3,2,1,1,124.0,116.7,1
0022400779,2024-25,3,12,19,1,44.4,MADE_BASKET,42-45,30.6,1,-9,0,0,2,1,1,0,113.6,110.2,0
0022400780,2024-25,1,16,30,1,42.9,DREB,42-45,23.7,0,5,2,0,1,1,0,0,117.0,111.9,2
0022400780,2024-25,2,30,16,0,44.1,MADE_BASKET,42-45,31.3,1,-15,2,2,2,2,1,1,112.8,116.8,0
0022400780,2024-25,3,30,16,0,37.0,MADE_BASKET,36-39,17.7,0,-28,0,3,1,1,0,0,112.8,116.8,-3
0022400781,2024-25,1,24,15,0,45.0,LIVE_TOV,42-45,29.2,1,5,6,2,2,1,1,0,113.7,111.0,4
0022400781,2024-25,2,15,24,1,38.1,DEAD_BALL,36-39,29.4,1,-9,2,2,2,1,1,0,116.4,113.3,0
0022400781,2024-25,3,24,15,0,43.6,DREB,42-45,34.0,1,12,0,5,3,2,1,1,113.7,111.0,-5
0022400782,2024-25,1,26,5,0,42.8,MADE_BASKET,42-45,30.1,1,-1,0,2,2,1,1,0,115.5,119.7,-2
0022400782,2024-25,2,5,26,1,40.6,DREB,39-42,30.9,1,-3,2,0,1,1,0,0,110.9,119.4,2
0022400783,2024-25,1,12,5,0,33.4,DREB,33-36,28.4,1,5,0,0,1,1,0,0,113.6,119.7,0
0022400783,2024-25,3,5,12,1,37.7,DREB,36-39,23.2,0,-17,2,0,1,1,0,0,110.9,116.7,2
0022400784,2024-25,1,30,16,0,30.3,DREB,30-33,12.0,0,-8,0,2,1,1,0,0,112.8,116.8,-2
0022400784,2024-25,2,30,16,0,39.1,MADE_BASKET,39-42,34.7,1,-21,0,3,2,1,1,0,112.8,116.8,-3
0022400784,2024-25,3,16,30,1,44.9,MADE_BASKET,42-45,30.1,1,12,2,2,2,1,1,0,117.0,111.9,0
0022400785,2024-25,1,28,12,1,39.6,MADE_BASKET,39-42,34.6,1,-1,3,0,2,2,1,1,117.0,116.7,3
0022400785,2024-25,2,28,12,1,37.9,MADE_BASKET,36-39,30.5,1,2,1,2,2,1,1,0,117.0,116.7,-1
0022400785,2024-25,3,12,28,0,37.9,DREB,36-39,29.9,1,2,2,2,2,1,1,0,113.6,113.4,0
0022400786,2024-25,1,29,19,1,32.2,DREB,30-33,19.5,0,3,0,2,2,1,1,0,121.1,110.2,-2
0022400786,2024-25,2,29,19,1,43.4,MADE_BASKET,42-45,30.3,1,2,1,0,2,1,1,0,121.1,110.2,1
0022400786,2024-25,3,29,19,1,39.5,MADE_BASKET,39-42,30.1,1,-1,0,0,1,1,0,0,121.1,110.2,0
0022400787,2024-25,2,7,4,1,37.8,MADE_BASKET,36-39,31.7,1,1,1,3,2,1,1,0,112.3,119.8,-2
0022400787,2024-25,3,7,4,1,35.6,MADE_BASKET,33-36,25.4,0,-9,4,2,2,2,1,1,112.3,119.8,2
0022400788,2024-25,1,28,15,1,36.3,MADE_BASKET,36-39,28.9,1,-9,0,2,2,1,1,0,117.0,111.0,-2
0022400788,2024-25,2,28,15,1,38.9,LIVE_TOV,36-39,37.3,1,-13,4,5,2,1,1,0,117.0,111.0,-1
0022400788,2024-25,3,28,15,1,30.7,LIVE_TOV,30-33,10.2,0,-4,2,2,1,1,0,0,117.0,111.0,0
0022400789,2024-25,2,16,2,0,38.2,DREB,36-39,31.5,1,-5,0,0,1,1,0,0,117.0,119.8,0
0022400789,2024-25,3,16,2,0,36.7,DEAD_BALL,36-39,29.6,1,-8,2,4,2,2,1,1,117.0,119.8,-2
0022400790,2024-25,1,20,14,1,41.9,DREB,39-42,30.3,1,2,4,2,2,1,1,0,128.5,116.1,2
0022400790,2024-25,2,20,14,1,39.8,DREB,39-42,31.0,1,12,2,0,2,1,1,0,128.5,116.1,2
0022400790,2024-25,3,20,14,1,34.1,LIVE_TOV,33-36,28.4,1,11,0,3,2,1,1,0,128.5,116.1,-3
0022400791,2024-25,1,6,23,0,40.6,MADE_BASKET,39-42,34.3,1,-8,0,0,2,1,1,0,119.4,116.0,0
0022400791,2024-25,2,6,23,0,42.7,MADE_BASKET,42-45,31.1,1,-18,4,0,2,1,1,0,119.4,116.0,4
0022400792,2024-25,1,2,19,0,34.8,MADE_BASKET,33-36,30.6,1,4,1,2,2,1,1,0,121.3,110.2,-1
0022400792,2024-25,2,2,19,0,43.0,DREB,42-45,35.8,1,14,0,0,2,1,1,0,121.3,110.2,0
0022400792,2024-25,3,2,19,0,42.5,LIVE_TOV,42-45,33.4,1,11,5,2,2,2,1,1,121.3,110.2,3
0022400793,2024-25,1,26,9,1,43.0,LIVE_TOV,42-45,35.5,1,3,0,2,2,1,1,0,115.5,119.1,-2
0022400793,2024-25,2,26,9,1,35.5,DREB,33-36,21.0,0,15,2,2,1,1,0,0,115.5,119.1,0
0022400793,2024-25,3,26,9,1,31.2,DEAD_BALL,30-33,16.1,0,10,0,2,2,1,1,0,115.5,119.1,-2
0022400794,2024-25,1,5,26,0,36.1,MADE_BASKET,36-39,19.8,0,-3,0,2,1,1,0,0,110.9,119.4,-2
0022400795,2024-25,1,20,23,0,30.9,LIVE_TOV,30-33,10.5,0,-5,0,2,1,1,0,0,128.5,116.0,-2
0022400795,2024-25,2,23,20,1,41.7,DREB,39-42,22.2,0,19,2,3,1,1,0,0,113.4,116.1,-1
0022400796,2024-25,1,16,1,0,32.6,MADE_BASKET,30-33,11.5,0,0,0,0,1,1,0,0,117.0,116.8,0
0022400796,2024-25,2,16,1,0,41.3,MADE_BASKET,39-42,32.4,1,-13,3,2,2,1,1,0,117.0,116.8,1
0022400797,2024-25,1,28,10,1,33.3,DREB,33-36,12.8,0,-4,0,0,1,1,0,0,117.0,114.1,0
0022400797,2024-25,3,10,28,0,33.7,MADE_BASKET,33-36,30.2,1,-10,0,2,2,1,1,0,123.1,113.4,-2
0022400798,2024-25,1,16,23,0,36.5,MADE_BASKET,36-39,22.7,0,-3,2,0,1,1,0,0,117.0,116.0,2
0022400798,2024-25,2,16,23,0,30.8,LIVE_TOV,30-33,10.8,0,-1,2,0,1,1,0,0,117.0,116.0,2
0022400798,2024-25,3,16,23,0,44.4,DREB,42-45,40.0,1,3,3,1,2,1,1,0,117.0,116.0,2
0022400799,2024-25,1,9,20,0,32.5,DREB,30-33,20.0,0,-1,2,2,1,1,0,0,117.4,116.1,0
0022400799,2024-25,2,9,20,0,43.9,DREB,42-45,32.9,1,3,0,3,2,2,1,1,117.4,116.1,-3
0022400800,2024-25,1,16,11,0,34.2,LIVE_TOV,33-36,30.6,1,10,0,0,2,1,1,0,117.0,124.0,0
0022400800,2024-25,2,16,11,0,39.7,MADE_BASKET,39-42,30.6,1,6,2,0,2,2,1,1,117.0,124.0,2
0022400800,2024-25,3,11,16,1,37.6,MADE_BASKET,36-39,34.5,1,-2,2,2,2,1,1,0,117.4,116.8,0
0022400801,2024-25,1,10,21,1,39.7,DEAD_BALL,39-42,31.1,1,7,0,0,2,1,1,0,123.1,107.5,0
0022400801,2024-25,2,10,21,1,39.2,MADE_BASKET,39-42,30.2,1,2,3,0,2,1,1,0,123.1,107.5,3
0022400801,2024-25,3,10,21,1,31.7,MADE_BASKET,30-33,15.0,0,1,1,2,1,1,0,0,123.1,107.5,-1
0022400802,2024-25,1,13,25,0,39.6,DREB,39-42,28.7,1,-2,2,3,2,1,1,0,110.5,112.7,-1
0022400802,2024-25,2,13,25,0,34.8,DREB,33-36,30.8,1,-2,1,2,2,1,1,0,110.5,112.7,-1
0022400802,2024-25,3,13,25,0,33.4,DEAD_BALL,33-36,19.1,0,5,2,3,1,1,0,0,110.5,112.7,-1
0022400803,2024-25,1,18,25,1,32.4,DREB,30-33,13.7,0,-3,0,0,1,1,0,0,111.7,112.7,0
0022400803,2024-25,2,18,25,1,37.7,DREB,36-39,32.6,1,-3,2,3,2,1,1,0,111.7,112.7,-1
0022400804,2024-25,1,1,22,1,31.9,MADE_BASKET,30-33,7.0,0,-2,0,0,1,1,0,0,109.8,119.7,0
0022400804,2024-25,2,22,1,0,36.4,MADE_BASKET,36-39,17.6,0,-10,2,0,1,1,0,0,117.9,116.8,2
0022400804,2024-25,3,22,1,0,33.1,MADE_BASKET,33-36,17.7,0,-21,3,0,1,1,0,0,117.9,116.8,3
0022400805,2024-25,1,30,15,1,30.7,MADE_BASKET,30-33,12.9,0,2,0,2,2,1,1,0,112.8,111.0,-2
0022400805,2024-25,2,15,30,0,40.4,DREB,39-42,37.2,1,6,0,3,2,1,1,0,116.4,111.9,-3
0022400806,2024-25,1,29,1,0,41.7,MADE_BASKET,39-42,30.9,1,-5,0,2,2,1,1,0,121.1,116.8,-2
0022400806,2024-25,3,29,1,0,31.2,MADE_BASKET,30-33,7.4,0,-15,0,0,1,1,0,0,121.1,116.8,0
0022400807,2024-25,1,12,20,1,34.0,DREB,33-36,18.4,0,-1,0,2,1,1,0,0,113.6,116.1,-2
0022400807,2024-25,2,20,12,0,39.0,MADE_BASKET,39-42,26.9,0,-5,2,3,1,1,0,0,128.5,116.7,-1
0022400807,2024-25,3,20,12,0,42.7,DREB,42-45,32.0,1,-8,3,0,2,1,1,0,128.5,116.7,3
0022400808,2024-25,1,28,25,0,41.1,DREB,39-42,29.3,1,-3,0,0,2,1,1,0,117.0,112.7,0
0022400808,2024-25,2,28,25,0,36.3,MADE_BASKET,36-39,33.3,1,-8,0,2,2,1,1,0,117.0,112.7,-2
0022400808,2024-25,3,25,28,1,45.0,MADE_BASKET,42-45,34.3,1,9,0,1,2,2,1,1,115.1,113.4,-1
0022400809,2024-25,1,19,27,0,45.0,MADE_BASKET,42-45,30.2,1,-2,2,0,1,1,0,0,124.0,116.7,2
0022400809,2024-25,2,27,19,1,40.3,DREB,39-42,25.6,0,-11,2,0,1,1,0,0,108.9,110.2,2
0022400809,2024-25,3,27,19,1,37.4,MADE_BASKET,36-39,17.8,0,-7,0,0,1,1,0,0,108.9,110.2,0
0022400810,2024-25,1,3,24,1,35.8,MADE_BASKET,33-36,20.4,0,3,0,2,1,1,0,0,117.0,113.3,-2
0022400810,2024-25,3,24,3,0,35.4,DREB,33-36,20.5,0,-4,0,2,1,1,0,0,113.7,117.7,-2
0022400811,2024-25,1,23,8,0,35.8,DREB,33-36,32.5,1,7,5,2,2,1,1,0,113.4,110.5,3
0022400811,2024-25,2,8,23,1,44.3,DREB,42-45,29.4,1,-21,4,0,2,2,1,1,111.9,116.0,4
0022400812,2024-25,1,16,14,1,35.9,LIVE_TOV,33-36,33.7,1,1,0,0,2,1,1,0,117.0,116.1,0
0022400812,2024-25,2,16,14,1,39.5,LIVE_TOV,39-42,32.3,1,-2,4,0,2,1,1,0,117.0,116.1,4
0022400812,2024-25,3,14,16,0,37.8,DREB,36-39,30.6,1,3,2,0,2,1,1,0,120.3,116.8,2
0022400813,2024-25,1,18,5,1,42.5,MADE_BASKET,42-45,31.2,1,-5,2,1,2,1,1,0,111.7,119.7,1
0022400813,2024-25,2,5,18,0,40.6,DREB,39-42,35.4,1,13,0,0,2,1,1,0,110.9,116.6,0
0022400813,2024-25,3,18,5,1,44.2,DREB,42-45,30.1,1,-10,0,2,1,1,0,0,111.7,119.7,-2
0022400814,2024-25,1,27,20,0,42.6,MADE_BASKET,42-45,31.3,1,-2,0,0,1,1,0,0,108.9,116.1,0
0022400814,2024-25,2,27,20,0,43.3,DREB,42-45,28.5,1,8,0,0,1,1,0,0,108.9,116.1,0
0022400814,2024-25,3,27,20,0,41.5,DREB,39-42,35.5,1,13,2,0,2,1,1,0,108.9,116.1,2
0022400815,2024-25,1,10,22,0,33.9,MADE_BASKET,33-36,17.0,0,0,2,1,2,1,1,0,123.1,119.7,1
0022400815,2024-25,2,22,10,1,39.9,DREB,39-42,37.2,1,-2,5,2,2,2,1,1,117.9,114.1,3
0022400815,2024-25,3,22,10,1,37.3,MADE_BASKET,36-39,31.1,1,-9,0,3,1,1,0,0,117.9,114.1,-3
0022400816,2024-25,1,23,5,0,42.1,DREB,42-45,28.3,1,8,3,0,2,1,1,0,113.4,119.7,3
0022400816,2024-25,2,23,5,0,37.8,LIVE_TOV,36-39,29.0,1,23,2,0,2,1,1,0,113.4,119.7,2
0022400817,2024-25,1,10,18,0,32.0,MADE_BASKET,30-33,29.4,1,-2,2,0,2,1,1,0,123.1,116.6,2
0022400817,2024-25,2,10,18,0,39.5,MADE_BASKET,39-42,32.4,1,0,0,0,2,1,1,0,123.1,116.6,0
0022400817,2024-25,3,18,10,1,39.6,MADE_BASKET,39-42,32.1,1,-3,5,0,2,2,1,1,111.7,114.1,5
0022400818,2024-25,1,19,18,1,40.4,MADE_BASKET,39-42,23.8,0,-2,2,3,1,1,0,0,124.0,116.6,-1
0022400818,2024-25,3,18,19,0,37.0,DREB,36-39,29.1,1,9,0,2,2,1,1,0,111.7,110.2,-2
0022400819,2024-25,1,9,12,1,37.3,DREB,36-39,33.6,1,3,0,2,2,2,1,1,117.4,116.7,-2
0022400819,2024-25,2,12,9,0,30.8,MADE_BASKET,30-33,11.5,0,-4,0,2,1,1,0,0,113.6,119.1,-2
0022400819,2024-25,3,9,12,1,39.5,MADE_BASKET,39-42,30.7,1,4,2,0,2,1,1,0,117.4,116.7,2
0022400820,2024-25,1,3,17,0,35.0,MADE_BASKET,33-36,13.4,0,3,2,0,1,1,0,0,117.0,116.3,2
0022400820,2024-25,2,3,17,0,34.0,MADE_BASKET,33-36,20.4,0,5,2,0,1,1,0,0,117.0,116.3,2
0022400820,2024-25,3,17,3,1,37.2,DREB,36-39,26.3,0,0,5,6,2,2,1,1,125.5,117.7,-1
0022400821,2024-25,1,30,19,1,34.7,MADE_BASKET,33-36,24.6,0,0,2,2,1,1,0,0,112.8,110.2,0
0022400821,2024-25,2,19,30,0,44.4,MADE_BASKET,42-45,30.8,1,-5,0,4,2,1,1,0,124.0,111.9,-4
0022400821,2024-25,3,19,30,0,35.5,MADE_BASKET,33-36,29.5,1,-21,2,2,2,1,1,0,124.0,111.9,0
0022400822,2024-25,1,7,16,0,38.2,MADE_BASKET,36-39,23.9,0,3,2,0,1,1,0,0,112.3,116.8,2
0022400822,2024-25,2,16,7,1,41.6,MADE_BASKET,39-42,33.3,1,-13,2,0,2,1,1,0,117.0,118.9,2
0022400822,2024-25,3,16,7,1,44.0,MADE_BASKET,42-45,31.6,1,-13,3,0,1,1,0,0,117.0,118.9,3
0022400823,2024-25,1,27,4,1,38.0,DREB,36-39,23.0,0,4,0,0,1,1,0,0,108.9,119.8,0
0022400823,2024-25,2,27,4,1,35.2,MADE_BASKET,33-36,13.8,0,-14,2,2,1,1,0,0,108.9,119.8,0
0022400823,2024-25,3,4,27,0,35.4,DREB,33-36,21.0,0,22,2,0,1,1,0,0,121.0,116.7,2
0022400824,2024-25,1,1,15,0,36.0,DREB,36-39,29.0,1,2,0,0,2,1,1,0,109.8,111.0,0
0022400824,2024-25,3,15,1,1,44.6,DREB,42-45,41.8,1,-6,2,5,2,2,1,1,116.4,116.8,-3
0022400825,2024-25,1,30,25,1,39.7,MADE_BASKET,39-42,29.6,1,1,0,0,2,1,1,0,112.8,112.7,0
0022400825,2024-25,2,25,30,0,37.3,MADE_BASKET,36-39,31.0,1,4,3,0,2,1,1,0,115.1,111.9,3
0022400826,2024-25,1,23,25,0,33.0,DREB,33-36,23.9,0,9,3,3,2,1,1,0,113.4,112.7,0
0022400826,2024-25,3,25,23,1,32.4,DREB,30-33,22.3,0,-6,2,2,1,1,0,0,115.1,116.0,0
0022400827,2024-25,1,20,25,1,33.7,MADE_BASKET,33-36,14.3,0,-8,0,0,1,0,0,0,128.5,112.7,0
0022400827,2024-25,2,20,25,1,34.8,MADE_BASKET,33-36,17.0,0,-16,0,0,1,1,0,0,128.5,112.7,0
0022400827,2024-25,3,20,25,1,34.4,DREB,33-36,10.9,0,-19,2,0,1,1,0,0,128.5,112.7,2
0022400828,2024-25,1,2,29,0,35.5,DEAD_BALL,33-36,30.2,1,10,1,0,2,1,1,0,121.3,115.7,1
0022400828,2024-25,3,29,2,1,37.4,MADE_BASKET,36-39,12.4,0,-12,0,3,1,1,0,0,121.1,119.8,-3
0022400829,2024-25,1,4,12,0,39.2,MADE_BASKET,39-42,29.8,1,1,2,0,1,1,0,0,121.0,116.7,2
0022400829,2024-25,2,4,12,0,44.1,DREB,42-45,36.7,1,10,2,2,2,1,1,0,121.0,116.7,0
0022400830,2024-25,1,14,27,1,43.1,DEAD_BALL,42-45,34.3,1,-11,2,3,2,1,1,0,120.3,116.7,-1
0022400830,2024-25,3,27,14,0,34.4,DREB,33-36,32.3,1,19,0,1,2,1,1,0,108.9,116.1,-1
0022400831,2024-25,1,25,17,0,34.2,MADE_BASKET,33-36,29.9,1,3,3,3,2,2,1,1,115.1,116.3,0
0022400831,2024-25,2,17,25,1,32.2,DREB,30-33,16.3,0,6,0,0,1,1,0,0,125.5,112.7,0
0022400831,2024-25,3,25,17,0,35.9,MADE_BASKET,33-36,33.1,1,-10,4,0,2,1,1,0,115.1,116.3,4
0022400832,2024-25,1,4,10,0,44.9,MADE_BASKET,42-45,38.8,1,6,0,2,2,2,1,1,121.0,114.1,-2
0022400832,2024-25,2,10,4,1,42.7,LIVE_TOV,42-45,32.6,1,-8,2,3,2,1,1,0,123.1,119.8,-1
0022400832,2024-25,3,10,4,1,43.0,MADE_BASKET,42-45,29.9,1,-19,2,2,2,1,1,0,123.1,119.8,0
0022400833,2024-25,1,20,23,1,31.4,DEAD_BALL,30-33,29.7,1,6,0,6,2,1,1,0,128.5,116.0,-6
0022400833,2024-25,2,20,23,1,43.1,DEAD_BALL,42-45,32.1,1,-1,4,3,2,2,1,1,128.5,116.0,1
0022400834,2024-25,1,12,25,0,33.4,MADE_BASKET,33-36,30.4,1,-9,0,0,2,1,1,0,113.6,112.7,0
0022400834,2024-25,2,25,12,1,44.8,MADE_BASKET,42-45,35.0,1,-4,2,1,2,2,1,1,115.1,116.7,1
0022400834,2024-25,3,25,12,1,41.2,MADE_BASKET,39-42,29.1,1,-3,0,2,2,1,1,0,115.1,116.7,-2
0022400835,2024-25,1,10,19,0,41.8,MADE_BASKET,39-42,30.9,1,3,3,2,2,1,1,0,123.1,110.2,1
0022400835,2024-25,2,19,10,1,39.8,DREB,39-42,35.6,1,-13,4,1,2,2,1,1,124.0,114.1,3
0022400835,2024-25,3,10,19,0,34.6,DREB,33-36,20.8,0,17,0,0,1,1,0,0,123.1,110.2,0
0022400836,2024-25,1,5,28,0,37.6,DREB,36-39,30.1,1,9,0,0,2,1,1,0,110.9,113.4,0
0022400836,2024-25,2,28,5,1,35.6,MADE_BASKET,33-36,30.2,1,-11,2,0,2,1,1,0,117.0,119.7,2
0022400837,2024-25,1,10,11,0,31.2,MADE_BASKET,30-33,7.2,0,-6,2,0,1,1,0,0,123.1,124.0,2
0022400837,2024-25,3,11,10,1,43.9,DREB,42-45,35.0,1,3,2,3,2,1,1,0,117.4,114.1,-1
0022400838,2024-25,1,24,4,1,40.2,LIVE_TOV,39-42,28.4,1,-4,2,2,2,2,1,1,113.7,119.8,0
0022400838,2024-25,2,4,24,0,34.5,DREB,33-36,29.8,1,10,2,2,2,1,1,0,121.0,113.3,0
0022400838,2024-25,3,4,24,0,44.7,MADE_BASKET,42-45,32.9,1,13,2,0,2,1,1,0,121.0,113.3,2
0022400839,2024-25,2,15,1,0,43.8,MADE_BASKET,42-45,33.7,1,-17,2,4,2,2,1,1,116.4,116.8,-2
0022400839,2024-25,3,15,1,0,39.9,MADE_BASKET,39-42,34.3,1,-22,2,3,2,2,1,1,116.4,116.8,-1
0022400840,2024-25,1,21,23,0,43.7,DREB,42-45,33.6,1,13,0,2,1,1,0,0,121.5,116.0,-2
0022400840,2024-25,2,21,23,0,43.5,DEAD_BALL,42-45,30.7,1,5,2,2,2,1,1,0,121.5,116.0,0
0022400840,2024-25,3,21,23,0,32.0,MADE_BASKET,30-33,11.5,0,-3,2,0,1,0,0,0,121.5,116.0,2
0022400841,2024-25,1,10,2,1,40.7,DREB,39-42,36.5,1,3,3,2,2,1,1,0,123.1,119.8,1
0022400841,2024-25,2,2,10,0,31.3,DREB,30-33,29.1,1,-3,0,2,2,1,1,0,121.3,114.1,-2
0022400841,2024-25,3,2,10,0,33.3,MADE_BASKET,33-36,29.8,1,-5,2,0,1,1,0,0,121.3,114.1,2
0022400842,2024-25,1,7,24,1,35.8,MADE_BASKET,33-36,19.7,0,-4,1,3,1,1,0,0,112.3,113.3,-2
0022400842,2024-25,2,7,24,1,36.4,DREB,36-39,21.4,0,-15,2,2,1,1,0,0,112.3,113.3,0
0022400842,2024-25,3,7,24,1,44.5,MADE_BASKET,42-45,31.8,1,-10,0,2,2,1,1,0,112.3,113.3,-2
0022400843,2024-25,1,18,14,0,31.9,MADE_BASKET,30-33,8.8,0,-1,2,4,1,1,0,0,111.7,116.1,-2
0022400843,2024-25,2,14,18,1,30.0,DREB,30-33,10.6,0,-3,2,0,1,1,0,0,120.3,116.6,2
0022400843,2024-25,3,14,18,1,42.5,DREB,42-45,28.7,1,-8,2,0,2,1,1,0,120.3,116.6,2
0022400844,2024-25,1,4,30,1,36.7,MADE_BASKET,36-39,20.2,0,4,0,2,1,1,0,0,121.0,111.9,-2
0022400844,2024-25,2,30,4,0,41.6,DREB,39-42,20.3,0,7,2,0,1,1,0,0,112.8,119.8,2
0022400845,2024-25,2,4,11,1,37.9,DREB,36-39,31.5,1,-10,2,0,2,1,1,0,121.0,124.0,2
0022400845,2024-25,3,11,4,0,32.7,DREB,30-33,29.4,1,12,5,0,2,2,1,1,117.4,119.8,5
0022400846,2024-25,2,3,8,0,31.4,MADE_BASKET,30-33,10.6,0,-8,2,2,1,1,0,0,117.0,110.5,0
0022400846,2024-25,3,3,8,0,43.7,MADE_BASKET,42-45,30.6,1,-17,0,0,2,1,1,0,117.0,110.5,0
0022400847,2024-25,2,11,9,0,39.7,LIVE_TOV,39-42,28.8,1,0,2,2,2,1,1,0,117.4,119.1,0
0022400847,2024-25,3,11,9,0,37.1,MADE_BASKET,36-39,30.6,1,-4,0,2,1,1,0,0,117.4,119.1,-2
0022400848,2024-25,1,11,28,1,35.6,DREB,33-36,31.9,1,10,2,0,2,2,1,1,117.4,113.4,2
0022400848,2024-25,2,28,11,0,40.8,DEAD_BALL,39-42,34.4,1,-9,2,0,2,2,1,1,117.0,124.0,2
0022400849,2024-25,1,26,17,0,38.3,MADE_BASKET,36-39,17.9,0,-2,2,0,1,1,0,0,115.5,116.3,2
0022400849,2024-25,2,26,17,0,34.6,MADE_BASKET,33-36,29.8,1,-3,2,2,2,1,1,0,115.5,116.3,0
0022400849,2024-25,3,17,26,1,31.0,MADE_BASKET,30-33,9.8,0,9,0,0,1,1,0,0,125.5,119.4,0
0022400850,2024-25,1,10,6,1,39.5,DEAD_BALL,39-42,22.5,0,-12,0,2,2,1,1,0,123.1,108.5,-2
0022400850,2024-25,2,6,10,0,39.6,MADE_BASKET,39-42,28.7,1,10,2,2,2,1,1,0,119.4,114.1,0
0022400850,2024-25,3,10,6,1,32.0,DEAD_BALL,30-33,29.2,1,-18,2,0,2,1,1,0,123.1,108.5,2
0022400851,2024-25,1,13,15,0,32.0,DEAD_BALL,30-33,13.0,0,-1,2,2,2,1,1,0,110.5,111.0,0
0022400851,2024-25,2,15,13,1,37.1,MADE_BASKET,36-39,33.3,1,-8,0,2,2,1,1,0,116.4,108.4,-2
0022400851,2024-25,3,13,15,0,38.9,DREB,36-39,28.8,1,12,0,2,1,1,0,0,110.5,111.0,-2
0022400852,2024-25,1,24,30,1,39.4,DREB,39-42,34.7,1,-1,0,0,2,1,1,0,113.7,111.9,0
0022400852,2024-25,2,24,30,1,41.2,MADE_BASKET,39-42,32.6,1,-8,0,2,2,1,1,0,113.7,111.9,-2
0022400852,2024-25,3,24,30,1,42.4,MADE_BASKET,42-45,28.4,1,-7,3,2,2,1,1,0,113.7,111.9,1
0022400853,2024-25,1,20,11,0,33.8,MADE_BASKET,33-36,24.2,0,-5,2,0,1,1,0,0,128.5,124.0,2
0022400853,2024-25,2,20,11,0,40.0,DEAD_BALL,39-42,35.4,1,2,3,4,3,2,1,1,128.5,124.0,-1
0022400853,2024-25,3,20,11,0,40.3,MADE_BASKET,39-42,33.2,1,-5,2,0,1,1,0,0,128.5,124.0,2
0022400854,2024-25,1,8,17,1,35.4,DREB,33-36,33.3,1,1,1,3,2,1,1,0,111.9,116.3,-2
0022400854,2024-25,2,17,8,0,32.2,DREB,30-33,13.9,0,8,3,0,1,1,0,0,125.5,110.5,3
0022400854,2024-25,3,17,8,0,30.6,DREB,30-33,9.9,0,-1,0,2,1,1,0,0,125.5,110.5,-2
0022400855,2024-25,1,25,27,1,43.0,MADE_BASKET,42-45,31.3,1,-2,3,2,2,1,1,0,115.1,116.7,1
0022400855,2024-25,2,25,27,1,35.3,DREB,33-36,18.4,0,9,2,0,1,1,0,0,115.1,116.7,2
0022400855,2024-25,3,25,27,1,38.9,MADE_BASKET,36-39,31.0,1,11,2,0,2,1,1,0,115.1,116.7,2
0022400856,2024-25,1,21,17,1,36.1,DEAD_BALL,36-39,30.6,1,6,2,2,2,1,1,0,121.5,116.3,0
0022400856,2024-25,2,21,17,1,38.1,MADE_BASKET,36-39,28.5,1,2,0,2,2,1,1,0,121.5,116.3,-2
0022400856,2024-25,3,21,17,1,33.0,DREB,33-36,17.0,0,6,3,0,1,1,0,0,121.5,116.3,3
0022400857,2024-25,1,1,3,0,37.3,MADE_BASKET,36-39,15.9,0,-3,2,2,2,1,1,0,109.8,117.7,0
0022400857,2024-25,2,1,3,0,42.0,DREB,42-45,32.2,1,-2,2,0,2,1,1,0,109.8,117.7,2
0022400857,2024-25,3,3,1,1,39.1,DREB,39-42,33.4,1,12,3,3,1,1,0,0,117.0,116.8,0
0022400858,2024-25,1,22,11,1,35.9,DREB,33-36,20.7,0,3,2,2,1,1,0,0,117.9,124.0,0
0022400859,2024-25,1,2,27,0,30.8,DREB,30-33,7.4,0,5,2,3,1,1,0,0,121.3,116.7,-1
0022400859,2024-25,2,27,2,1,31.2,MADE_BASKET,30-33,8.1,0,-6,2,2,1,1,0,0,108.9,119.8,0
0022400859,2024-25,3,27,2,1,40.9,DREB,39-42,32.3,1,3,4,0,2,2,1,1,108.9,119.8,4
0022400860,2024-25,1,21,8,1,30.3,MADE_BASKET,30-33,10.8,0,-18,2,2,2,1,1,0,121.5,110.5,0
0022400860,2024-25,2,8,21,0,31.6,DREB,30-33,19.4,0,30,0,0,1,1,0,0,111.9,107.5,0
0022400860,2024-25,3,21,8,1,32.2,MADE_BASKET,30-33,11.6,0,-40,3,0,1,1,0,0,121.5,110.5,3
0022400861,2024-25,1,5,27,1,41.0,DREB,39-42,29.7,1,9,0,0,2,1,1,0,110.9,116.7,0
0022400861,2024-25,2,27,5,0,39.6,DREB,39-42,25.2,0,-19,1,0,1,1,0,0,108.9,119.7,1
0022400861,2024-25,3,5,27,1,36.6,MADE_BASKET,36-39,28.7,1,18,2,0,2,1,1,0,110.9,116.7,2
0022400862,2024-25,1,1,18,1,38.0,LIVE_TOV,36-39,30.4,1,6,0,0,1,1,0,0,109.8,116.6,0
0022400862,2024-25,2,18,1,0,34.6,MADE_BASKET,33-36,10.6,0,-6,2,0,1,0,0,0,111.7,116.8,2
0022400863,2024-25,1,13,6,1,36.5,DEAD_BALL,36-39,32.8,1,2,3,2,2,1,1,0,110.5,108.5,1
0022400863,2024-25,2,13,6,1,39.4,DREB,39-42,34.7,1,5,2,2,2,2,1,1,110.5,108.5,0
0022400863,2024-25,3,13,6,1,36.9,LIVE_TOV,36-39,31.0,1,7,2,2,1,1,0,0,110.5,108.5,0
0022400864,2024-25,1,3,22,0,41.1,MADE_BASKET,39-42,30.1,1,-7,4,2,2,1,1,0,117.0,119.7,2
0022400864,2024-25,3,22,3,1,41.5,MADE_BASKET,39-42,30.8,1,21,2,2,2,1,1,0,117.9,117.7,0
0022400865,2024-25,1,3,16,1,44.7,DREB,42-45,29.0,1,1,0,2,2,1,1,0,117.0,116.8,-2
0022400865,2024-25,2,3,16,1,34.3,MADE_BASKET,33-36,21.6,0,-3,2,0,1,1,0,0,117.0,116.8,2
0022400865,2024-25,3,16,3,0,43.7,DREB,42-45,31.0,1,3,0,0,2,1,1,0,117.0,117.7,0
0022400866,2024-25,1,27,29,0,30.8,MADE_BASKET,30-33,10.2,0,-2,2,3,2,1,1,0,108.9,115.7,-1
0022400866,2024-25,2,29,27,1,43.8,LIVE_TOV,42-45,31.3,1,1,0,1,2,1,1,0,121.1,116.7,-1
0022400866,2024-25,3,29,27,1,44.6,DREB,42-45,32.2,1,4,0,2,2,2,1,1,121.1,116.7,-2
0022400867,2024-25,2,23,20,1,35.3,DREB,33-36,29.7,1,-10,4,3,2,2,1,1,113.4,116.1,1
0022400867,2024-25,3,20,23,0,30.2,MADE_BASKET,30-33,13.7,0,8,0,0,1,1,0,0,128.5,116.0,0
0022400868,2024-25,1,18,14,0,41.2,MADE_BASKET,39-42,27.2,0,3,2,0,2,1,1,0,111.7,116.1,2
0022400868,2024-25,2,14,18,1,33.8,MADE_BASKET,33-36,29.0,1,-18,4,0,2,1,1,0,120.3,116.6,4
0022400868,2024-25,3,14,18,1,43.3,MADE_BASKET,42-45,31.5,1,-13,4,3,2,1,1,0,120.3,116.6,1
0022400869,2024-25,3,13,24,1,36.2,DREB,36-39,30.6,1,-12,0,0,1,1,0,0,110.5,113.3,0
0022400870,2024-25,1,19,3,1,43.4,DREB,42-45,40.5,1,6,0,2,2,2,1,1,124.0,117.7,-2
0022400870,2024-25,2,19,3,1,37.3,MADE_BASKET,36-39,16.7,0,-8,1,2,1,1,0,0,124.0,117.7,-1
0022400870,2024-25,3,19,3,1,44.2,DREB,42-45,30.7,1,-13,4,2,2,1,1,0,124.0,117.7,2
0022400871,2024-25,2,30,7,1,37.9,MADE_BASKET,36-39,18.6,0,-2,0,2,2,1,1,0,112.8,118.9,-2
0022400871,2024-25,3,7,30,0,33.8,DREB,33-36,28.8,1,-11,0,2,2,1,1,0,112.3,111.9,-2
0022400872,2024-25,2,8,19,0,39.2,MADE_BASKET,39-42,17.8,0,-14,0,1,1,1,0,0,111.9,110.2,-1
0022400872,2024-25,3,19,8,1,41.3,MADE_BASKET,39-42,31.8,1,21,4,2,2,1,1,0,124.0,110.5,2
0022400873,2024-25,1,20,2,0,35.7,DEAD_BALL,33-36,30.6,1,-9,2,0,2,1,1,0,128.5,119.8,2
0022400873,2024-25,2,2,20,1,39.7,MADE_BASKET,39-42,27.5,0,7,0,0,2,1,1,0,121.3,116.1,0
0022400873,2024-25,3,2,20,1,38.0,MADE_BASKET,36-39,32.5,1,-8,1,0,2,1,1,0,121.3,116.1,1
0022400874,2024-25,1,24,22,1,36.0,MADE_BASKET,36-39,24.1,0,4,0,0,1,1,0,0,113.7,119.7,0
0022400874,2024-25,2,24,22,1,41.3,DREB,39-42,29.8,1,-3,3,0,2,1,1,0,113.7,119.7,3
0022400874,2024-25,3,24,22,1,44.3,MADE_BASKET,42-45,31.0,1,1,0,2,2,1,1,0,113.7,119.7,-2
0022400875,2024-25,1,25,24,1,33.6,LIVE_TOV,33-36,27.2,0,2,2,2,2,1,1,0,115.1,113.3,0
0022400875,2024-25,2,25,24,1,42.7,DREB,42-45,41.0,1,-3,0,5,2,2,1,1,115.1,113.3,-5
0022400875,2024-25,3,25,24,1,33.8,LIVE_TOV,33-36,30.8,1,-10,4,0,2,1,1,0,115.1,113.3,4
0022400876,2024-25,1,27,4,1,32.6,MADE_BASKET,30-33,28.4,1,-4,0,4,1,1,0,0,108.9,119.8,-4
0022400876,2024-25,2,27,4,1,34.3,DEAD_BALL,33-36,25.4,0,-18,0,0,1,1,0,0,108.9,119.8,0
0022400876,2024-25,3,4,27,0,40.4,MADE_BASKET,39-42,34.3,1,24,2,2,2,1,1,0,121.0,116.7,0
0022400877,2024-25,1,5,18,0,43.9,MADE_BASKET,42-45,30.0,1,1,3,2,1,1,0,0,110.9,116.6,1
0022400877,2024-25,2,18,5,1,42.1,MADE_BASKET,42-45,36.2,1,-13,2,2,2,2,1,1,111.7,119.7,0
0022400877,2024-25,3,18,5,1,38.5,MADE_BASKET,36-39,29.5,1,-20,0,2,2,1,1,0,111.7,119.7,-2
0022400878,2024-25,2,26,4,0,34.3,MADE_BASKET,33-36,31.7,1,0,3,0,2,1,1,0,115.5,119.8,3
0022400878,2024-25,3,4,26,1,39.9,MADE_BASKET,39-42,29.2,1,0,2,0,1,1,0,0,121.0,119.4,2
0022400879,2024-25,1,18,30,0,38.4,MADE_BASKET,36-39,31.2,1,-3,2,0,1,1,0,0,111.7,111.9,2
0022400879,2024-25,2,18,30,0,35.0,DREB,33-36,21.4,0,7,3,0,1,1,0,0,111.7,111.9,3
0022400879,2024-25,3,18,30,0,39.1,MADE_BASKET,39-42,29.9,1,-2,4,2,2,1,1,0,111.7,111.9,2
0022400880,2024-25,1,3,6,1,31.8,DREB,30-33,21.3,0,8,0,0,1,1,0,0,117.0,108.5,0
0022400880,2024-25,2,3,6,1,40.8,DREB,39-42,27.7,0,9,3,3,2,1,1,0,117.0,108.5,0
0022400880,2024-25,3,3,6,1,35.5,DREB,33-36,15.3,0,13,1,2,1,1,0,0,117.0,108.5,-1
0022400881,2024-25,1,25,12,1,36.9,MADE_BASKET,36-39,24.2,0,0,2,2,1,1,0,0,115.1,116.7,0
0022400881,2024-25,3,12,25,0,33.9,MADE_BASKET,33-36,21.3,0,-14,0,0,1,1,0,0,113.6,112.7,0
0022400882,2024-25,1,18,29,0,34.4,LIVE_TOV,33-36,26.9,0,14,2,0,2,1,1,0,111.7,115.7,2
0022400882,2024-25,2,29,18,1,41.1,MADE_BASKET,39-42,30.1,1,-19,0,2,2,1,1,0,121.1,116.6,-2
0022400882,2024-25,3,29,18,1,36.8,MADE_BASKET,36-39,28.8,1,-21,0,0,2,2,1,1,121.1,116.6,0
0022400883,2024-25,1,14,2,1,34.7,MADE_BASKET,33-36,15.6,0,3,2,0,1,1,0,0,120.3,119.8,2
0022400883,2024-25,2,2,14,0,33.6,MADE_BASKET,33-36,28.6,1,-2,2,0,1,1,0,0,121.3,116.1,2
0022400883,2024-25,3,14,2,1,35.8,DREB,33-36,24.7,0,3,0,0,1,1,0,0,120.3,119.8,0
0022400884,2024-25,1,7,8,0,44.0,MADE_BASKET,42-45,33.6,1,6,3,0,2,1,1,0,112.3,110.5,3
0022400884,2024-25,2,8,7,1,39.4,MADE_BASKET,39-42,20.9,0,0,0,3,2,1,1,0,111.9,118.9,-3
0022400884,2024-25,3,8,7,1,31.1,DEAD_BALL,30-33,28.9,1,-10,1,0,2,1,1,0,111.9,118.9,1
0022400885,2024-25,1,25,16,1,37.4,MADE_BASKET,36-39,23.0,0,0,2,3,1,1,0,0,115.1,116.8,-1
0022400885,2024-25,2,16,25,0,30.9,MADE_BASKET,30-33,6.0,0,7,2,0,1,1,0,0,117.0,112.7,2
0022400885,2024-25,3,16,25,0,31.5,MADE_BASKET,30-33,14.6,0,9,2,1,1,1,0,0,117.0,112.7,1
0022400886,2024-25,1,7,15,1,31.6,MADE_BASKET,30-33,17.4,0,9,2,1,1,1,0,0,112.3,111.0,1
0022400886,2024-25,2,7,15,1,33.1,MADE_BASKET,33-36,12.0,0,7,0,2,1,1,0,0,112.3,111.0,-2
0022400886,2024-25,3,7,15,1,44.9,MADE_BASKET,42-45,38.5,1,10,3,6,3,2,1,1,112.3,111.0,-3
0022400887,2024-25,1,16,12,0,38.5,DEAD_BALL,36-39,27.9,0,0,3,2,2,1,1,0,117.0,116.7,1
0022400887,2024-25,2,16,12,0,41.5,MADE_BASKET,39-42,36.7,1,0,4,2,3,2,1,1,117.0,116.7,2
0022400887,2024-25,3,12,16,1,45.0,LIVE_TOV,42-45,33.3,1,-20,0,2,2,1,1,0,113.6,116.8,-2
0022400888,2024-25,1,23,30,0,30.9,MADE_BASKET,30-33,8.8,0,13,0,3,1,1,0,0,113.4,111.9,-3
0022400888,2024-25,2,23,30,0,41.8,MADE_BASKET,39-42,30.0,1,3,1,2,2,2,1,1,113.4,111.9,-1
0022400888,2024-25,3,30,23,1,43.1,DREB,42-45,32.9,1,1,2,0,2,1,1,0,112.8,116.0,2
0022400889,2024-25,1,1,6,1,42.1,DREB,42-45,31.7,1,-5,3,2,3,2,1,1,109.8,108.5,1
0022400889,2024-25,2,6,1,0,33.5,LIVE_TOV,33-36,28.5,1,5,2,0,1,1,0,0,119.4,116.8,2
0022400890,2024-25,1,17,12,0,30.8,DREB,30-33,20.0,0,-1,2,0,1,1,0,0,125.5,116.7,2
0022400890,2024-25,2,12,17,1,32.6,MADE_BASKET,30-33,12.3,0,3,2,0,1,0,0,0,113.6,116.3,2
0022400890,2024-25,3,12,17,1,36.8,DREB,36-39,20.0,0,2,2,1,1,1,0,0,113.6,116.3,1
0022400891,2024-25,1,9,22,0,42.5,DREB,42-45,34.4,1,2,5,0,2,1,1,0,117.4,119.7,5
0022400891,2024-25,2,9,22,0,35.2,DREB,33-36,28.8,1,-5,2,2,2,1,1,0,117.4,119.7,0
0022400891,2024-25,3,22,9,1,36.4,MADE_BASKET,36-39,30.2,1,-3,0,0,2,1,1,0,117.9,119.1,0
0022400892,2024-25,1,4,13,0,42.9,DREB,42-45,39.7,1,-8,2,5,3,2,1,1,121.0,108.4,-3
0022400892,2024-25,2,13,4,1,42.8,DREB,42-45,33.3,1,-1,3,2,2,1,1,0,110.5,119.8,1
0022400892,2024-25,3,4,13,0,32.7,MADE_BASKET,30-33,28.4,1,-8,0,2,1,1,0,0,121.0,108.4,-2
0022400893,2024-25,1,24,1,1,35.6,DEAD_BALL,33-36,17.5,0,-5,2,3,1,1,0,0,113.7,116.8,-1
0022400893,2024-25,2,1,24,0,37.6,DREB,36-39,23.5,0,18,0,3,1,1,0,0,109.8,113.3,-3
0022400893,2024-25,3,1,24,0,44.4,DREB,42-45,33.1,1,9,0,3,2,1,1,0,109.8,113.3,-3
0022400894,2024-25,1,8,10,0,35.5,MADE_BASKET,33-36,21.3,0,3,3,3,2,1,1,0,111.9,114.1,0
0022400894,2024-25,2,10,8,1,34.6,MADE_BASKET,33-36,31.1,1,1,0,0,3,2,1,1,123.1,110.5,0
0022400894,2024-25,3,8,10,0,42.7,LIVE_TOV,42-45,29.5,1,1,2,0,2,1,1,0,111.9,114.1,2
0022400895,2024-25,1,16,22,1,40.1,DREB,39-42,33.5,1,-4,3,2,2,1,1,0,117.0,119.7,1
0022400895,2024-25,2,16,22,1,42.2,DREB,42-45,30.3,1,-1,2,0,1,1,0,0,117.0,119.7,2
0022400895,2024-25,3,16,22,1,35.6,DREB,33-36,31.1,1,-1,3,2,2,1,1,0,117.0,119.7,1
0022400896,2024-25,1,22,10,0,41.8,MADE_BASKET,39-42,18.2,0,-3,0,3,1,1,0,0,117.9,114.1,-3
0022400896,2024-25,3,10,22,1,39.9,MADE_BASKET,39-42,30.4,1,10,2,4,2,1,1,0,123.1,119.7,-2
0022400897,2024-25,1,5,3,0,42.0,DREB,42-45,27.1,0,3,0,0,2,1,1,0,110.9,117.7,0
0022400897,2024-25,2,5,3,0,38.6,MADE_BASKET,36-39,37.1,1,-4,0,0,2,1,1,0,110.9,117.7,0
0022400899,2024-25,1,1,13,1,30.9,DREB,30-33,10.5,0,1,0,0,1,1,0,0,109.8,108.4,0
0022400899,2024-25,2,13,1,0,37.0,MADE_BASKET,36-39,33.8,1,-1,0,0,2,1,1,0,110.5,116.8,0
0022400899,2024-25,3,13,1,0,41.0,MADE_BASKET,39-42,17.1,0,3,3,2,1,1,0,0,110.5,116.8,1
0022400900,2024-25,1,12,4,0,36.0,MADE_BASKET,36-39,20.0,0,2,3,0,1,1,0,0,113.6,119.8,3
0022400900,2024-25,2,12,4,0,38.1,MADE_BASKET,36-39,30.8,1,3,4,0,2,2,1,1,113.6,119.8,4
0022400900,2024-25,3,12,4,0,33.1,MADE_BASKET,33-36,20.4,0,10,0,0,1,1,0,0,113.6,119.8,0
0022400901,2024-25,1,19,26,0,38.7,DREB,36-39,37.2,1,4,5,2,2,1,1,0,124.0,119.4,3
0022400901,2024-25,2,26,19,1,38.6,LIVE_TOV,36-39,36.9,1,-11,4,3,2,1,1,0,115.5,110.2,1
0022400901,2024-25,3,26,19,1,34.5,MADE_BASKET,33-36,30.4,1,-13,3,0,2,2,1,1,115.5,110.2,3
0022400902,2024-25,1,23,11,1,43.0,DREB,42-45,30.6,1,0,7,0,2,2,1,1,113.4,124.0,7
0022400902,2024-25,2,11,23,0,43.4,DREB,42-45,33.1,1,-10,4,3,2,1,1,0,117.4,116.0,1
0022400902,2024-25,3,23,11,1,40.6,MADE_BASKET,39-42,25.6,0,-5,2,2,2,1,1,0,113.4,124.0,0
0022400903,2024-25,1,1,7,0,36.8,MADE_BASKET,36-39,18.9,0,0,3,2,1,1,0,0,109.8,118.9,1
0022400903,2024-25,3,7,1,1,44.5,MADE_BASKET,42-45,23.4,0,-4,0,3,1,1,0,0,112.3,116.8,-3
0022400904,2024-25,1,13,15,1,38.5,DREB,36-39,35.0,1,2,5,3,2,1,1,0,110.5,111.0,2
0022400904,2024-25,2,15,13,0,37.0,MADE_BASKET,36-39,29.8,1,-15,0,2,2,1,1,0,116.4,108.4,-2
0022400904,2024-25,3,13,15,1,33.6,MADE_BASKET,33-36,12.2,0,14,0,0,1,1,0,0,110.5,111.0,0
0022400905,2024-25,1,20,27,0,34.4,MADE_BASKET,33-36,15.7,0,3,0,0,1,1,0,0,128.5,116.7,0
0022400905,2024-25,2,20,27,0,35.5,DREB,33-36,33.9,1,19,4,2,2,1,1,0,128.5,116.7,2
0022400906,2024-25,1,7,19,1,42.5,MADE_BASKET,42-45,32.8,1,-7,0,0,2,1,1,0,112.3,110.2,0
0022400906,2024-25,2,19,7,0,42.9,DREB,42-45,32.4,1,8,2,1,1,1,0,0,124.0,118.9,1
0022400906,2024-25,3,7,19,1,34.3,MADE_BASKET,33-36,14.0,0,-11,2,3,1,1,0,0,112.3,110.2,-1
0022400907,2024-25,1,16,29,0,36.3,LIVE_TOV,36-39,29.1,1,4,2,2,2,1,1,0,117.0,115.7,0
0022400907,2024-25,3,16,29,0,38.5,DREB,36-39,30.3,1,-4,0,2,2,1,1,0,117.0,115.7,-2
0022400908,2024-25,1,5,27,0,32.7,DEAD_BALL,30-33,28.8,1,-4,3,2,2,2,1,1,110.9,116.7,1
0022400908,2024-25,2,27,5,1,36.0,MADE_BASKET,36-39,32.1,1,-7,1,0,2,2,1,1,108.9,119.7,1
0022400908,2024-25,3,27,5,1,41.7,MADE_BASKET,39-42,34.7,1,-12,5,3,2,2,1,1,108.9,119.7,2
0022400909,2024-25,2,2,12,1,45.0,MADE_BASKET,42-45,28.6,1,0,2,3,2,2,1,1,121.3,116.7,-1
0022400909,2024-25,3,12,2,0,35.5,MADE_BASKET,33-36,24.1,0,0,5,0,1,1,0,0,113.6,119.8,5
0022400910,2024-25,1,5,4,0,37.5,DREB,36-39,25.0,0,3,2,0,1,1,0,0,110.9,119.8,2
0022400910,2024-25,2,4,5,1,37.2,LIVE_TOV,36-39,29.3,1,-9,2,0,2,1,1,0,121.0,119.7,2
0022400910,2024-25,3,5,4,0,34.5,MADE_BASKET,33-36,29.6,1,1,0,0,1,1,0,0,110.9,119.8,0
0022400911,2024-25,1,24,9,1,33.7,DREB,33-36,11.4,0,2,3,0,1,1,0,0,113.7,119.1,3
0022400911,2024-25,2,24,9,1,44.0,LIVE_TOV,42-45,31.3,1,1,3,0,2,1,1,0,113.7,119.1,3
0022400912,2024-25,1,8,11,1,36.5,MADE_BASKET,36-39,30.4,1,3,0,0,2,1,1,0,111.9,124.0,0
0022400912,2024-25,2,8,11,1,39.9,MADE_BASKET,39-42,34.0,1,-8,0,2,2,2,1,1,111.9,124.0,-2
0022400912,2024-25,3,8,11,1,30.2,MADE_BASKET,30-33,18.1,0,-13,2,0,1,1,0,0,111.9,124.0,2
0022400913,2024-25,1,13,23,1,38.2,DREB,36-39,24.3,0,5,0,0,1,1,0,0,110.5,116.0,0
0022400913,2024-25,2,23,13,0,31.1,DREB,30-33,16.2,0,-11,3,0,1,1,0,0,113.4,108.4,3
0022400913,2024-25,3,23,13,0,35.7,DEAD_BALL,33-36,19.6,0,-6,0,0,1,1,0,0,113.4,108.4,0
0022400914,2024-25,1,7,15,0,39.0,DEAD_BALL,39-42,31.5,1,-12,6,0,2,1,1,0,112.3,111.0,6
0022400914,2024-25,2,7,15,0,42.4,MADE_BASKET,42-45,31.4,1,-16,0,3,2,1,1,0,112.3,111.0,-3
0022400915,2024-25,1,3,23,1,40.8,MADE_BASKET,39-42,26.5,0,-9,3,2,2,1,1,0,117.0,116.0,1
0022400915,2024-25,2,3,23,1,36.5,MADE_BASKET,36-39,31.6,1,-10,4,3,2,1,1,0,117.0,116.0,1
0022400915,2024-25,3,3,23,1,33.0,MADE_BASKET,33-36,28.7,1,-9,3,2,2,1,1,0,117.0,116.0,1
0022400916,2024-25,1,29,2,0,37.2,DREB,36-39,22.1,0,-2,2,0,1,1,0,0,121.1,119.8,2
0022400917,2024-25,1,12,30,1,31.8,MADE_BASKET,30-33,6.3,0,0,2,2,1,1,0,0,113.6,111.9,0
0022400917,2024-25,3,30,12,0,31.1,DREB,30-33,18.9,0,-4,2,3,2,1,1,0,112.8,116.7,-1
0022400918,2024-25,1,9,29,0,38.7,DREB,36-39,32.7,1,2,2,3,2,1,1,0,117.4,115.7,-1
0022400918,2024-25,2,9,29,0,43.4,MADE_BASKET,42-45,22.7,0,-2,2,0,1,1,0,0,117.4,115.7,2
0022400918,2024-25,3,9,29,0,44.8,DREB,42-45,35.7,1,8,2,0,2,2,1,1,117.4,115.7,2
0022400919,2024-25,1,3,30,1,36.7,DEAD_BALL,36-39,22.4,0,1,0,1,1,1,0,0,117.0,111.9,-1
0022400919,2024-25,2,3,30,1,45.0,MADE_BASKET,42-45,35.0,1,-11,4,0,2,1,1,0,117.0,111.9,4
0022400919,2024-25,3,30,3,0,33.2,DREB,33-36,14.0,0,5,0,0,1,1,0,0,112.8,117.7,0
0022400920,2024-25,1,23,1,0,35.4,MADE_BASKET,33-36,30.0,1,-5,2,3,2,1,1,0,113.4,116.8,-1
0022400920,2024-25,3,1,23,1,38.4,DREB,36-39,30.8,1,11,2,3,2,1,1,0,109.8,116.0,-1
0022400921,2024-25,1,15,11,0,33.5,LIVE_TOV,33-36,29.4,1,6,3,0,1,1,0,0,116.4,124.0,3
0022400921,2024-25,2,15,11,0,32.5,MADE_BASKET,30-33,19.9,0,7,2,3,1,1,0,0,116.4,124.0,-1
0022400921,2024-25,3,11,15,1,37.1,MADE_BASKET,36-39,32.6,1,-4,2,0,2,2,1,1,117.4,111.0,2
0022400922,2024-25,2,25,30,1,35.9,MADE_BASKET,33-36,18.0,0,7,0,0,1,1,0,0,115.1,111.9,0
0022400922,2024-25,3,25,30,1,41.2,MADE_BASKET,39-42,28.6,1,15,2,0,2,1,1,0,115.1,111.9,2
0022400923,2024-25,1,25,3,0,33.5,DREB,33-36,21.3,0,-7,3,0,1,1,0,0,115.1,117.7,3
0022400923,2024-25,2,25,3,0,33.8,MADE_BASKET,33-36,16.7,0,-3,0,0,1,1,0,0,115.1,117.7,0
0022400923,2024-25,3,25,3,0,30.1,MADE_BASKET,30-33,9.2,0,-11,3,3,2,1,1,0,115.1,117.7,0
0022400924,2024-25,1,20,14,0,39.2,MADE_BASKET,39-42,26.5,0,-3,2,3,2,1,1,0,128.5,116.1,-1
0022400924,2024-25,2,14,20,1,32.2,MADE_BASKET,30-33,30.6,1,-2,0,3,2,1,1,0,120.3,116.1,-3
0022400924,2024-25,3,20,14,0,32.2,MADE_BASKET,30-33,30.6,1,-1,2,2,2,1,1,0,128.5,116.1,0
0022400925,2024-25,1,6,16,1,44.3,DREB,42-45,28.4,1,4,1,2,2,2,1,1,119.4,116.8,-1
0022400925,2024-25,3,16,6,0,34.8,DREB,33-36,33.1,1,0,0,2,2,1,1,0,117.0,108.5,-2
0022400926,2024-25,3,7,21,0,36.1,MADE_BASKET,36-39,20.5,0,-9,3,0,1,1,0,0,112.3,107.5,3
0022400927,2024-25,1,7,4,0,41.4,DREB,39-42,26.4,0,7,3,2,1,1,0,0,112.3,119.8,1
0022400928,2024-25,1,19,14,0,43.6,DEAD_BALL,42-45,33.2,1,3,4,0,2,1,1,0,124.0,116.1,4
0022400928,2024-25,3,14,19,1,44.6,MADE_BASKET,42-45,36.9,1,-25,2,3,2,2,1,1,120.3,110.2,-1
0022400929,2024-25,1,2,23,1,43.7,MADE_BASKET,42-45,33.0,1,1,0,2,2,2,1,1,121.3,116.0,-2
0022400929,2024-25,2,2,23,1,31.0,LIVE_TOV,30-33,9.2,0,-9,2,0,1,1,0,0,121.3,116.0,2
0022400929,2024-25,3,2,23,1,32.8,LIVE_TOV,30-33,17.8,0,-18,2,1,2,1,1,0,121.3,116.0,1
0022400930,2024-25,1,26,12,0,38.6,DREB,36-39,31.3,1,1,6,0,2,2,1,1,115.5,116.7,6
0022400930,2024-25,2,26,12,0,38.9,MADE_BASKET,36-39,28.8,1,16,0,2,2,1,1,0,115.5,116.7,-2
0022400930,2024-25,3,26,12,0,35.0,DREB,33-36,16.1,0,13,2,2,1,1,0,0,115.5,116.7,0
0022400931,2024-25,1,28,4,1,42.2,MADE_BASKET,42-45,39.5,1,0,3,0,2,2,1,1,117.0,119.8,3
0022400931,2024-25,2,4,28,0,40.7,DREB,39-42,29.2,1,-6,4,0,2,1,1,0,121.0,113.4,4
0022400931,2024-25,3,28,4,1,33.5,MADE_BASKET,33-36,28.6,1,-8,0,2,2,1,1,0,117.0,119.8,-2
0022400932,2024-25,1,10,15,0,31.7,MADE_BASKET,30-33,9.7,0,1,0,0,1,1,0,0,123.1,111.0,0
0022400932,2024-25,3,10,15,0,44.0,MADE_BASKET,42-45,32.8,1,6,2,2,2,1,1,0,123.1,111.0,0
0022400933,2024-25,1,24,17,1,44.1,DREB,42-45,28.4,1,-4,2,3,2,1,1,0,113.7,116.3,-1
0022400933,2024-25,2,24,17,1,43.3,DREB,42-45,31.3,1,-5,0,0,1,1,0,0,113.7,116.3,0
0022400933,2024-25,3,24,17,1,40.9,MADE_BASKET,39-42,31.5,1,-2,3,0,2,1,1,0,113.7,116.3,3
0022400934,2024-25,1,13,29,1,37.9,DREB,36-39,25.9,0,-3,0,2,2,1,1,0,110.5,115.7,-2
0022400934,2024-25,2,13,29,1,32.7,DREB,30-33,13.2,0,-5,2,0,1,1,0,0,110.5,115.7,2
0022400935,2024-25,1,12,8,0,44.3,DREB,42-45,34.1,1,1,0,2,2,1,1,0,113.6,110.5,-2
0022400935,2024-25,2,12,8,0,37.3,DREB,36-39,31.0,1,-7,2,0,2,1,1,0,113.6,110.5,2
0022400935,2024-25,3,8,12,1,42.1,DEAD_BALL,42-45,31.9,1,-1,6,0,2,1,1,0,111.9,116.7,6
0022400936,2024-25,1,21,23,1,43.3,MADE_BASKET,42-45,33.9,1,-5,1,2,2,2,1,1,121.5,116.0,-1
0022400936,2024-25,2,21,23,1,42.8,MADE_BASKET,42-45,28.5,1,-11,0,2,2,1,1,0,121.5,116.0,-2
0022400936,2024-25,3,21,23,1,42.8,DEAD_BALL,42-45,32.6,1,-17,4,0,2,2,1,1,121.5,116.0,4
0022400937,2024-25,1,7,23,1,43.9,LIVE_TOV,42-45,35.6,1,13,0,0,2,2,1,1,112.3,116.0,0
0022400937,2024-25,2,7,23,1,43.2,DREB,42-45,30.7,1,7,1,2,2,1,1,0,112.3,116.0,-1
0022400937,2024-25,3,23,7,0,39.9,LIVE_TOV,39-42,33.5,1,-13,0,2,2,1,1,0,113.4,118.9,-2
0022400938,2024-25,1,14,8,1,44.7,MADE_BASKET,42-45,30.5,1,-6,0,2,1,1,0,0,120.3,110.5,-2
0022400938,2024-25,2,14,8,1,36.4,DREB,36-39,27.3,0,-9,0,0,1,1,0,0,120.3,110.5,0
0022400938,2024-25,3,8,14,0,37.4,DREB,36-39,29.3,1,20,5,0,1,1,0,0,111.9,116.1,5
0022400939,2024-25,1,11,10,0,41.8,MADE_BASKET,39-42,29.8,1,-7,2,0,2,1,1,0,117.4,114.1,2
0022400939,2024-25,3,10,11,1,44.0,DEAD_BALL,42-45,32.1,1,4,2,3,2,1,1,0,123.1,124.0,-1
0022400940,2024-25,1,17,29,0,40.4,MADE_BASKET,39-42,15.3,0,-1,6,0,1,1,0,0,125.5,115.7,6
0022400940,2024-25,2,29,17,1,40.3,MADE_BASKET,39-42,22.2,0,0,5,0,1,1,0,0,121.1,116.3,5
0022400940,2024-25,3,17,29,0,39.8,DREB,39-42,23.8,0,-10,0,2,2,1,1,0,125.5,115.7,-2
0022400941,2024-25,1,22,7,0,31.1,MADE_BASKET,30-33,15.5,0,-7,2,0,1,1,0,0,117.9,118.9,2
0022400941,2024-25,2,22,7,0,41.8,MADE_BASKET,39-42,32.8,1,-6,4,3,2,1,1,0,117.9,118.9,1
0022400941,2024-25,3,22,7,0,41.3,DREB,39-42,32.1,1,3,2,2,2,1,1,0,117.9,118.9,0
0022400942,2024-25,1,9,24,1,32.7,DREB,30-33,30.0,1,-4,0,3,2,1,1,0,117.4,113.3,-3
0022400942,2024-25,2,24,9,0,37.1,MADE_BASKET,36-39,32.3,1,8,0,2,2,2,1,1,113.7,119.1,-2
0022400942,2024-25,3,9,24,1,32.4,MADE_BASKET,30-33,18.5,0,-12,0,2,1,1,0,0,117.4,113.3,-2
0022400943,2024-25,1,10,21,1,39.5,MADE_BASKET,39-42,29.3,1,-5,2,0,2,1,1,0,123.1,107.5,2
0022400943,2024-25,3,21,10,0,40.1,MADE_BASKET,39-42,36.7,1,-3,3,3,2,2,1,1,121.5,114.1,0
0022400944,2024-25,1,23,11,0,30.4,MADE_BASKET,30-33,12.2,0,-1,0,2,1,1,0,0,113.4,124.0,-2
0022400944,2024-25,2,23,11,0,35.1,DREB,33-36,24.4,0,-20,3,0,1,1,0,0,113.4,124.0,3
0022400944,2024-25,3,11,23,1,41.7,MADE_BASKET,39-42,36.9,1,20,2,2,2,1,1,0,117.4,116.0,0
0022400945,2024-25,1,26,13,1,40.3,MADE_BASKET,39-42,23.0,0,5,3,0,1,1,0,0,115.5,108.4,3
0022400945,2024-25,2,13,26,0,34.3,MADE_BASKET,33-36,15.9,0,-14,0,2,1,1,0,0,110.5,119.4,-2
0022400945,2024-25,3,26,13,1,38.4,MADE_BASKET,36-39,24.0,0,6,0,2,1,1,0,0,115.5,108.4,-2
0022400946,2024-25,1,19,7,1,35.1,MADE_BASKET,33-36,21.4,0,2,0,0,1,1,0,0,124.0,118.9,0
0022400946,2024-25,2,7,19,0,42.6,DEAD_BALL,42-45,29.7,1,-6,0,3,2,1,1,0,112.3,110.2,-3
0022400946,2024-25,3,19,7,1,44.9,MADE_BASKET,42-45,40.2,1,8,3,3,2,1,1,0,124.0,118.9,0
0022400947,2024-25,1,1,21,0,43.0,DREB,42-45,33.7,1,9,0,3,2,2,1,1,109.8,107.5,-3
0022400948,2024-25,1,26,8,1,31.3,DREB,30-33,19.7,0,7,3,0,1,1,0,0,115.5,110.5,3
0022400948,2024-25,3,26,8,1,42.1,DREB,42-45,28.7,1,3,3,0,1,1,0,0,115.5,110.5,3
0022400949,2024-25,1,10,17,0,35.7,MADE_BASKET,33-36,32.3,1,-4,2,5,2,1,1,0,123.1,116.3,-3
0022400949,2024-25,2,17,10,1,36.9,DREB,36-39,22.7,0,10,2,2,2,1,1,0,125.5,114.1,0
0022400949,2024-25,3,10,17,0,33.9,MADE_BASKET,33-36,17.7,0,-14,0,0,2,1,1,0,123.1,116.3,0
0022400950,2024-25,1,23,15,0,43.4,MADE_BASKET,42-45,28.3,1,9,5,2,2,1,1,0,113.4,111.0,3
0022400950,2024-25,2,15,23,1,34.4,DREB,33-36,21.0,0,-14,0,0,1,1,0,0,116.4,116.0,0
0022400950,2024-25,3,23,15,0,38.2,MADE_BASKET,36-39,27.7,0,4,2,2,2,1,1,0,113.4,111.0,0
0022400951,2024-25,1,1,11,0,43.8,DEAD_BALL,42-45,36.1,1,-9,2,3,2,1,1,0,109.8,124.0,-1
0022400951,2024-25,2,11,1,1,44.3,DEAD_BALL,42-45,31.3,1,5,4,0,2,1,1,0,117.4,116.8,4
0022400952,2024-25,1,28,29,1,43.8,MADE_BASKET,42-45,34.3,1,8,0,0,2,1,1,0,117.0,115.7,0
0022400952,2024-25,2,29,28,0,43.6,MADE_BASKET,42-45,29.0,1,-10,2,0,1,1,0,0,121.1,113.4,2
0022400953,2024-25,1,12,29,0,38.6,MADE_BASKET,36-39,33.8,1,-1,0,0,2,1,1,0,113.6,115.7,0
0022400953,2024-25,2,29,12,1,33.1,DREB,33-36,17.3,0,3,3,2,1,1,0,0,121.1,116.7,1
0022400953,2024-25,3,29,12,1,34.6,MADE_BASKET,33-36,23.4,0,-5,3,2,1,1,0,0,121.1,116.7,1
0022400954,2024-25,1,21,5,0,39.7,DREB,39-42,36.9,1,-2,3,2,2,2,1,1,121.5,119.7,1
0022400954,2024-25,2,5,21,1,39.7,MADE_BASKET,39-42,30.0,1,3,2,0,2,1,1,0,110.9,107.5,2
0022400955,2024-25,1,4,1,1,40.7,MADE_BASKET,39-42,35.5,1,-12,2,0,2,1,1,0,121.0,116.8,2
0022400955,2024-25,2,4,1,1,40.1,MADE_BASKET,39-42,32.4,1,-18,4,0,2,1,1,0,121.0,116.8,4
0022400955,2024-25,3,1,4,0,43.1,DREB,42-45,33.3,1,8,2,0,2,1,1,0,109.8,119.8,2
0022400956,2024-25,2,4,8,1,34.8,DREB,33-36,32.5,1,6,0,2,2,1,1,0,121.0,110.5,-2
0022400956,2024-25,3,8,4,0,36.5,MADE_BASKET,36-39,33.6,1,-9,2,2,2,1,1,0,111.9,119.8,0
0022400957,2024-25,1,30,2,1,37.2,MADE_BASKET,36-39,24.1,0,8,3,0,1,1,0,0,112.8,119.8,3
0022400957,2024-25,2,2,30,0,37.7,MADE_BASKET,36-39,20.8,0,-19,0,0,1,1,0,0,121.3,111.9,0
0022400958,2024-25,1,14,17,1,38.7,DREB,36-39,25.5,0,-6,1,0,1,1,0,0,120.3,116.3,1
0022400958,2024-25,2,14,17,1,37.0,MADE_BASKET,36-39,30.2,1,-5,2,1,1,1,0,0,120.3,116.3,1
0022400958,2024-25,3,14,17,1,32.2,MADE_BASKET,30-33,14.7,0,10,0,3,2,1,1,0,120.3,116.3,-3
0022400959,2024-25,2,24,18,1,33.3,DREB,33-36,11.5,0,2,0,0,1,1,0,0,113.7,116.6,0
0022400959,2024-25,3,18,24,0,34.5,MADE_BASKET,33-36,11.0,0,8,2,0,1,1,0,0,111.7,113.3,2
0022400960,2024-25,1,26,30,1,38.0,LIVE_TOV,36-39,28.4,1,-14,2,2,2,1,1,0,115.5,111.9,0
0022400960,2024-25,2,26,30,1,42.7,MADE_BASKET,42-45,31.0,1,-13,3,0,1,1,0,0,115.5,111.9,3
0022400960,2024-25,3,26,30,1,44.6,DREB,42-45,41.0,1,-7,2,2,3,2,1,1,115.5,111.9,0
0022400961,2024-25,1,27,21,0,42.1,MADE_BASKET,42-45,25.6,0,3,3,0,1,1,0,0,108.9,107.5,3
0022400961,2024-25,2,21,27,1,33.8,MADE_BASKET,33-36,29.6,1,-6,0,3,1,1,0,0,121.5,116.7,-3
0022400962,2024-25,1,19,16,0,34.7,MADE_BASKET,33-36,21.3,0,0,0,2,1,1,0,0,124.0,116.8,-2
0022400962,2024-25,2,16,19,1,37.3,MADE_BASKET,36-39,12.2,0,4,0,3,1,1,0,0,117.0,110.2,-3
0022400962,2024-25,3,19,16,0,35.7,MADE_BASKET,33-36,18.5,0,3,3,0,1,1,0,0,124.0,116.8,3
0022400963,2024-25,1,4,3,0,34.1,DREB,33-36,32.4,1,5,0,4,2,2,1,1,121.0,117.7,-4
0022400963,2024-25,2,4,3,0,40.2,DREB,39-42,28.3,1,2,2,3,2,1,1,0,121.0,117.7,-1
0022400963,2024-25,3,3,4,1,42.9,MADE_BASKET,42-45,33.0,1,4,5,0,2,2,1,1,117.0,119.8,5
0022400964,2024-25,1,30,16,1,33.9,DREB,33-36,17.1,0,-11,0,2,1,1,0,0,112.8,116.8,-2
0022400964,2024-25,2,30,16,1,34.9,DREB,33-36,29.9,1,-11,2,3,2,2,1,1,112.8,116.8,-1
0022400964,2024-25,3,16,30,0,44.4,DREB,42-45,33.3,1,19,2,2,2,2,1,1,117.0,111.9,0
0022400965,2024-25,1,26,9,0,42.8,DREB,42-45,31.8,1,-1,4,0,2,1,1,0,115.5,119.1,4
0022400965,2024-25,2,9,26,1,34.9,DREB,33-36,32.4,1,-2,2,3,2,1,1,0,117.4,119.4,-1
0022400965,2024-25,3,26,9,0,31.3,MADE_BASKET,30-33,10.2,0,0,4,2,1,1,0,0,115.5,119.1,2
0022400966,2024-25,1,28,20,0,39.3,MADE_BASKET,39-42,29.6,1,-11,0,2,2,1,1,0,117.0,116.1,-2
0022400966,2024-25,2,20,28,1,31.1,MADE_BASKET,30-33,7.3,0,16,2,2,1,1,0,0,128.5,113.4,0
0022400966,2024-25,3,20,28,1,32.6,MADE_BASKET,30-33,7.1,0,23,0,3,1,1,0,0,128.5,113.4,-3
0022400967,2024-25,1,8,2,1,39.1,MADE_BASKET,39-42,28.9,1,-9,4,2,2,1,1,0,111.9,119.8,2
0022400967,2024-25,2,2,8,0,35.0,DREB,33-36,28.3,1,6,2,0,2,2,1,1,121.3,110.5,2
0022400967,2024-25,3,2,8,0,43.3,LIVE_TOV,42-45,34.0,1,17,2,3,2,2,1,1,121.3,110.5,-1
0022400968,2024-25,1,19,6,1,36.1,LIVE_TOV,36-39,29.5,1,-6,2,3,2,1,1,0,124.0,108.5,-1
0022400968,2024-25,3,6,19,0,39.0,MADE_BASKET,39-42,23.8,0,-1,2,1,1,1,0,0,119.4,110.2,1
0022400969,2024-25,1,17,16,1,44.5,MADE_BASKET,42-45,38.3,1,-4,3,3,2,2,1,1,125.5,116.8,0
0022400969,2024-25,2,17,16,1,30.5,MADE_BASKET,30-33,10.9,0,-5,0,2,1,1,0,0,125.5,116.8,-2
0022400969,2024-25,3,16,17,0,35.3,DREB,33-36,31.6,1,7,2,2,2,1,1,0,117.0,116.3,0
0022400970,2024-25,1,28,27,0,36.2,MADE_BASKET,36-39,32.1,1,-4,2,2,1,1,0,0,117.0,116.7,0
0022400970,2024-25,2,28,27,0,40.8,MADE_BASKET,39-42,34.6,1,0,0,3,2,1,1,0,117.0,116.7,-3
0022400971,2024-25,1,7,20,0,42.4,DREB,42-45,31.8,1,3,4,2,2,1,1,0,112.3,116.1,2
0022400971,2024-25,3,20,7,1,33.6,DREB,33-36,31.1,1,-9,0,3,2,1,1,0,128.5,118.9,-3
0022400972,2024-25,1,8,24,1,37.6,LIVE_TOV,36-39,29.0,1,-3,0,0,1,1,0,0,111.9,113.3,0
0022400972,2024-25,2,8,24,1,30.0,MADE_BASKET,30-33,7.9,0,5,4,0,1,1,0,0,111.9,113.3,4
0022400973,2024-25,1,28,3,0,43.1,MADE_BASKET,42-45,40.0,1,1,0,0,2,1,1,0,117.0,117.7,0
0022400973,2024-25,2,28,3,0,40.7,MADE_BASKET,39-42,31.0,1,-2,2,0,1,1,0,0,117.0,117.7,2
0022400973,2024-25,3,3,28,1,36.5,MADE_BASKET,36-39,23.8,0,6,0,0,1,1,0,0,117.0,113.4,0
0022400974,2024-25,1,15,18,0,36.1,MADE_BASKET,36-39,19.1,0,-18,2,2,1,1,0,0,116.4,116.6,0
0022400974,2024-25,2,18,15,1,37.2,DREB,36-39,32.2,1,24,2,0,2,2,1,1,111.7,111.0,2
0022400974,2024-25,3,15,18,0,33.3,DEAD_BALL,33-36,31.2,1,-20,2,2,2,1,1,0,116.4,116.6,0
0022400975,2024-25,1,26,8,0,38.9,DREB,36-39,31.5,1,-5,0,3,1,1,0,0,115.5,110.5,-3
0022400975,2024-25,2,26,8,0,36.0,DREB,36-39,30.5,1,-9,0,2,2,1,1,0,115.5,110.5,-2
0022400975,2024-25,3,26,8,0,41.6,DEAD_BALL,39-42,30.0,1,-4,0,2,2,1,1,0,115.5,110.5,-2
0022400976,2024-25,1,6,5,1,32.2,LIVE_TOV,30-33,28.4,1,11,2,0,2,1,1,0,119.4,119.7,2
0022400976,2024-25,3,5,6,0,35.4,MADE_BASKET,33-36,29.7,1,-4,0,2,2,1,1,0,110.9,108.5,-2
0022400977,2024-25,1,29,23,1,35.4,LIVE_TOV,33-36,31.6,1,8,3,0,2,1,1,0,121.1,116.0,3
0022400977,2024-25,2,23,29,0,35.6,DREB,33-36,18.6,0,-17,1,0,1,1,0,0,113.4,115.7,1
0022400977,2024-25,3,29,23,1,40.1,DREB,39-42,18.1,0,25,0,0,1,1,0,0,121.1,116.0,0
0022400978,2024-25,2,15,12,0,33.4,MADE_BASKET,33-36,28.4,1,6,0,0,2,1,1,0,116.4,116.7,0
0022400978,2024-25,3,12,15,1,42.4,MADE_BASKET,42-45,33.1,1,-8,2,2,2,1,1,0,113.6,111.0,0
0022400979,2024-25,1,1,17,0,33.0,DREB,33-36,21.3,0,-3,3,3,1,1,0,0,109.8,116.3,0
0022400979,2024-25,3,17,1,1,41.9,MADE_BASKET,39-42,28.4,1,1,2,0,2,1,1,0,125.5,116.8,2
0022400980,2024-25,1,16,24,1,32.7,MADE_BASKET,30-33,10.6,0,-3,0,0,1,1,0,0,117.0,113.3,0
0022400980,2024-25,2,16,24,1,39.7,DREB,39-42,36.9,1,-10,3,2,3,2,1,1,117.0,113.3,1
0022400980,2024-25,3,16,24,1,42.7,MADE_BASKET,42-45,30.8,1,-11,2,0,2,1,1,0,117.0,113.3,2
0022400981,2024-25,1,29,14,0,35.5,MADE_BASKET,33-36,24.9,0,-3,2,2,1,1,0,0,121.1,116.1,0
0022400981,2024-25,2,14,29,1,31.5,MADE_BASKET,30-33,16.2,0,-1,0,0,1,1,0,0,120.3,115.7,0
0022400982,2024-25,1,16,22,1,40.5,DEAD_BALL,39-42,30.5,1,-4,4,2,2,1,1,0,117.0,119.7,2
0022400982,2024-25,2,16,22,1,39.0,LIVE_TOV,39-42,31.6,1,-4,2,0,2,1,1,0,117.0,119.7,2
0022400982,2024-25,3,16,22,1,36.3,DREB,36-39,13.2,0,4,2,0,1,1,0,0,117.0,119.7,2
0022400983,2024-25,1,15,4,1,38.4,DREB,36-39,35.4,1,-6,0,1,3,2,1,1,116.4,119.8,-1
0022400983,2024-25,2,15,4,1,41.3,DREB,39-42,30.9,1,1,2,0,2,1,1,0,116.4,119.8,2
0022400983,2024-25,3,4,15,0,40.3,MADE_BASKET,39-42,30.2,1,-11,3,3,2,1,1,0,121.0,111.0,0
0022400984,2024-25,1,5,18,1,43.0,MADE_BASKET,42-45,39.3,1,-1,4,2,2,1,1,0,110.9,116.6,2
0022400984,2024-25,3,18,5,0,40.9,DEAD_BALL,39-42,31.8,1,1,0,2,2,1,1,0,111.7,119.7,-2
0022400985,2024-25,1,15,25,1,35.8,LIVE_TOV,33-36,32.8,1,5,2,2,2,1,1,0,116.4,112.7,0
0022400985,2024-25,2,15,25,1,35.2,DREB,33-36,20.7,0,4,0,2,1,1,0,0,116.4,112.7,-2
0022400985,2024-25,3,25,15,0,40.1,MADE_BASKET,39-42,29.2,1,6,2,0,2,2,1,1,115.1,111.0,2
0022400986,2024-25,1,20,16,0,43.0,DEAD_BALL,42-45,24.3,0,7,4,0,1,1,0,0,128.5,116.8,4
0022400986,2024-25,2,20,16,0,38.9,DREB,36-39,35.0,1,18,0,0,2,1,1,0,128.5,116.8,0
0022400986,2024-25,3,16,20,1,36.2,MADE_BASKET,36-39,25.5,0,-12,0,0,1,1,0,0,117.0,116.1,0
0022400987,2024-25,1,21,13,1,42.5,MADE_BASKET,42-45,36.7,1,2,3,0,2,1,1,0,121.5,108.4,3
0022400987,2024-25,2,21,13,1,41.2,MADE_BASKET,39-42,31.1,1,11,4,0,2,1,1,0,121.5,108.4,4
0022400987,2024-25,3,21,13,1,36.5,MADE_BASKET,36-39,31.0,1,16,0,3,1,1,0,0,121.5,108.4,-3
0022400988,2024-25,1,17,13,1,44.1,DREB,42-45,32.6,1,0,2,0,2,1,1,0,125.5,108.4,2
0022400988,2024-25,2,17,13,1,33.8,DREB,33-36,19.1,0,-1,0,0,1,1,0,0,125.5,108.4,0
0022400988,2024-25,3,13,17,0,43.5,MADE_BASKET,42-45,30.2,1,-5,0,0,2,1,1,0,110.5,116.3,0
0022400989,2024-25,1,30,14,1,41.3,MADE_BASKET,39-42,24.0,0,-2,0,2,1,1,0,0,112.8,116.1,-2
0022400989,2024-25,2,14,30,0,39.6,MADE_BASKET,39-42,33.2,1,3,3,2,2,1,1,0,120.3,111.9,1
0022400989,2024-25,3,30,14,1,38.0,DREB,36-39,31.7,1,-5,2,2,2,2,1,1,112.8,116.1,0
0022400990,2024-25,1,15,29,1,35.8,MADE_BASKET,33-36,31.1,1,17,0,2,2,1,1,0,116.4,115.7,-2
0022400990,2024-25,2,29,15,0,35.1,DREB,33-36,16.5,0,-12,2,0,1,1,0,0,121.1,111.0,2
0022400990,2024-25,3,29,15,0,40.2,MADE_BASKET,39-42,31.5,1,-18,0,0,2,1,1,0,121.1,111.0,0
0022400991,2024-25,1,3,23,1,42.3,MADE_BASKET,42-45,32.3,1,-6,2,5,2,2,1,1,117.0,116.0,-3
0022400991,2024-25,2,23,3,0,42.9,LIVE_TOV,42-45,28.5,1,15,2,1,2,1,1,0,113.4,117.7,1
0022400991,2024-25,3,23,3,0,44.7,DREB,42-45,31.3,1,14,3,0,2,1,1,0,113.4,117.7,3
0022400992,2024-25,1,26,22,0,41.7,DREB,39-42,39.3,1,-6,2,2,2,1,1,0,115.5,119.7,0
0022400992,2024-25,2,26,22,0,32.6,MADE_BASKET,30-33,9.0,0,-10,2,0,1,1,0,0,115.5,119.7,2
0022400992,2024-25,3,22,26,1,37.7,DREB,36-39,31.1,1,9,0,0,2,1,1,0,117.9,119.4,0
0022400993,2024-25,1,2,4,0,37.7,DREB,36-39,30.5,1,13,2,2,2,1,1,0,121.3,119.8,0
0022400993,2024-25,2,2,4,0,45.0,MADE_BASKET,42-45,31.2,1,7,2,4,2,1,1,0,121.3,119.8,-2
0022400994,2024-25,1,3,20,1,42.1,DREB,42-45,23.2,0,-5,2,0,1,1,0,0,117.0,116.1,2
0022400994,2024-25,2,20,3,0,42.4,MADE_BASKET,42-45,38.6,1,-1,0,0,2,1,1,0,128.5,117.7,0
0022400994,2024-25,3,20,3,0,40.2,MADE_BASKET,39-42,33.5,1,2,4,0,2,1,1,0,128.5,117.7,4
0022400995,2024-25,2,27,13,1,42.2,MADE_BASKET,42-45,38.5,1,1,3,2,2,2,1,1,108.9,108.4,1
0022400995,2024-25,3,13,27,0,42.8,MADE_BASKET,42-45,33.3,1,2,2,3,1,1,0,0,110.5,116.7,-1
0022400996,2024-25,1,15,18,0,31.9,DREB,30-33,10.4,0,-12,0,0,1,1,0,0,116.4,116.6,0
0022400996,2024-25,2,18,15,1,30.9,MADE_BASKET,30-33,12.0,0,7,3,2,2,1,1,0,111.7,111.0,1
0022400996,2024-25,3,15,18,0,44.2,DEAD_BALL,42-45,31.1,1,-10,1,0,2,1,1,0,116.4,116.6,1
0022400997,2024-25,1,11,12,1,42.5,DREB,42-45,35.1,1,0,3,3,2,1,1,0,117.4,116.7,0
0022400997,2024-25,2,12,11,0,44.4,DREB,42-45,33.9,1,3,3,0,2,2,1,1,113.6,124.0,3
0022400997,2024-25,3,12,11,0,35.6,MADE_BASKET,33-36,31.8,1,-4,0,2,2,1,1,0,113.6,124.0,-2
0022400998,2024-25,1,23,26,1,32.8,MADE_BASKET,30-33,19.2,0,-13,5,0,2,1,1,0,113.4,119.4,5
0022400998,2024-25,2,26,23,0,41.2,DREB,39-42,36.8,1,5,0,0,2,2,1,1,115.5,116.0,0
0022400999,2024-25,1,13,21,1,34.7,MADE_BASKET,33-36,31.2,1,5,3,0,2,1,1,0,110.5,107.5,3
0022400999,2024-25,2,13,21,1,40.5,DEAD_BALL,39-42,23.2,0,2,3,0,1,1,0,0,110.5,107.5,3
0022400999,2024-25,3,13,21,1,41.8,DEAD_BALL,39-42,30.4,1,6,0,3,2,1,1,0,110.5,107.5,-3
0022401000,2024-25,1,10,4,0,41.8,DREB,39-42,36.8,1,3,0,0,2,1,1,0,123.1,119.8,0
0022401000,2024-25,2,4,10,1,38.8,DREB,36-39,29.0,1,-9,4,0,2,1,1,0,121.0,114.1,4
0022401000,2024-25,3,10,4,0,30.3,DREB,30-33,13.8,0,-5,0,0,2,1,1,0,123.1,119.8,0
0022401001,2024-25,1,22,13,1,43.4,DREB,42-45,34.3,1,14,2,2,2,1,1,0,117.9,108.4,0
0022401001,2024-25,2,13,22,0,36.6,DREB,36-39,33.1,1,-6,2,0,2,1,1,0,110.5,119.7,2
0022401001,2024-25,3,13,22,0,43.3,MADE_BASKET,42-45,27.2,0,6,0,1,2,1,1,0,110.5,119.7,-1
0022401002,2024-25,1,1,20,0,32.0,MADE_BASKET,30-33,7.4,0,-2,2,3,2,1,1,0,109.8,116.1,-1
0022401002,2024-25,2,1,20,0,31.2,DREB,30-33,28.6,1,4,2,2,2,1,1,0,109.8,116.1,0
0022401002,2024-25,3,1,20,0,35.4,MADE_BASKET,33-36,29.4,1,-4,1,0,2,1,1,0,109.8,116.1,1
0022401003,2024-25,1,4,25,0,33.5,MADE_BASKET,33-36,29.3,1,3,2,0,2,1,1,0,121.0,112.7,2
0022401003,2024-25,2,4,25,0,37.2,MADE_BASKET,36-39,17.7,0,4,3,0,1,1,0,0,121.0,112.7,3
0022401003,2024-25,3,4,25,0,44.7,LIVE_TOV,42-45,30.1,1,10,0,0,2,1,1,0,121.0,112.7,0
0022401004,2024-25,1,26,12,0,42.2,MADE_BASKET,42-45,31.8,1,-2,0,0,2,2,1,1,115.5,116.7,0
0022401004,2024-25,2,26,12,0,39.3,MADE_BASKET,39-42,34.6,1,0,0,2,2,1,1,0,115.5,116.7,-2
0022401004,2024-25,3,12,26,1,36.7,MADE_BASKET,36-39,30.5,1,-12,4,3,2,1,1,0,113.6,119.4,1
0022401005,2024-25,1,6,26,0,42.8,MADE_BASKET,42-45,30.7,1,-1,2,0,2,1,1,0,119.4,119.4,2
0022401005,2024-25,2,6,26,0,42.5,MADE_BASKET,42-45,38.4,1,-13,2,0,2,2,1,1,119.4,119.4,2
0022401005,2024-25,3,6,26,0,38.1,LIVE_TOV,36-39,29.4,1,-15,2,0,2,1,1,0,119.4,119.4,2
0022401006,2024-25,1,14,29,1,31.2,MADE_BASKET,30-33,5.5,0,-7,0,0,1,1,0,0,120.3,115.7,0
0022401006,2024-25,2,14,29,1,31.6,DREB,30-33,26.6,0,-9,2,2,2,1,1,0,120.3,115.7,0
0022401006,2024-25,3,29,14,0,30.8,MADE_BASKET,30-33,6.9,0,1,2,2,1,1,0,0,121.1,116.1,0
0022401007,2024-25,1,7,17,0,40.1,MADE_BASKET,39-42,18.7,0,-6,2,0,2,1,1,0,112.3,116.3,2
0022401007,2024-25,2,7,17,0,39.5,LIVE_TOV,39-42,28.9,1,-10,2,0,2,1,1,0,112.3,116.3,2
0022401007,2024-25,3,17,7,1,33.9,DEAD_BALL,33-36,30.8,1,4,0,0,2,1,1,0,125.5,118.9,0
0022401008,2024-25,1,28,9,0,35.6,DREB,33-36,30.7,1,-8,0,2,2,1,1,0,117.0,119.1,-2
0022401008,2024-25,2,9,28,1,35.6,MADE_BASKET,33-36,14.1,0,4,0,0,1,1,0,0,117.4,113.4,0
0022401008,2024-25,3,28,9,0,34.5,MADE_BASKET,33-36,28.3,1,1,5,2,2,2,1,1,117.0,119.1,3
0022401009,2024-25,1,10,8,0,32.3,DREB,30-33,23.9,0,8,0,0,1,1,0,0,123.1,110.5,0
0022401009,2024-25,2,10,8,0,44.9,MADE_BASKET,42-45,30.3,1,-2,4,0,2,1,1,0,123.1,110.5,4
0022401010,2024-25,1,19,12,0,34.2,DREB,33-36,21.2,0,-1,0,2,1,1,0,0,124.0,116.7,-2
0022401010,2024-25,2,12,19,1,33.8,DREB,33-36,29.2,1,11,3,2,2,1,1,0,113.6,110.2,1
0022401011,2024-25,1,30,1,1,30.0,MADE_BASKET,30-33,9.4,0,7,0,0,1,1,0,0,112.8,116.8,0
0022401011,2024-25,2,30,1,1,31.3,DREB,30-33,7.8,0,14,0,0,1,1,0,0,112.8,116.8,0
0022401011,2024-25,3,1,30,0,32.4,MADE_BASKET,30-33,8.4,0,-12,0,0,1,1,0,0,109.8,111.9,0
0022401012,2024-25,1,17,21,0,37.4,MADE_BASKET,36-39,34.2,1,-5,0,6,2,2,1,1,125.5,107.5,-6
0022401012,2024-25,2,21,17,1,30.4,DREB,30-33,8.1,0,9,2,0,1,1,0,0,121.5,116.3,2
0022401012,2024-25,3,21,17,1,43.7,MADE_BASKET,42-45,35.2,1,12,2,0,2,2,1,1,121.5,116.3,2
0022401013,2024-25,2,21,13,1,40.4,DREB,39-42,36.9,1,2,3,2,2,1,1,0,121.5,108.4,1
0022401013,2024-25,3,13,21,0,38.1,DREB,36-39,26.5,0,4,2,1,1,1,0,0,110.5,107.5,1
0022401014,2024-25,2,25,6,1,32.2,DREB,30-33,17.7,0,-3,0,0,1,1,0,0,115.1,108.5,0
0022401014,2024-25,3,25,6,1,42.9,MADE_BASKET,42-45,32.9,1,0,2,0,2,2,1,1,115.1,108.5,2
0022401015,2024-25,1,1,8,0,37.7,DREB,36-39,25.8,0,-8,0,0,2,1,1,0,109.8,110.5,0
0022401015,2024-25,2,1,8,0,34.5,MADE_BASKET,33-36,16.5,0,-18,2,0,1,1,0,0,109.8,110.5,2
0022401015,2024-25,3,1,8,0,32.1,DREB,30-33,15.1,0,-14,5,0,2,1,1,0,109.8,110.5,5
0022401016,2024-25,1,18,5,0,39.4,DEAD_BALL,39-42,29.7,1,7,0,5,2,1,1,0,111.7,119.7,-5
0022401016,2024-25,2,18,5,0,42.9,MADE_BASKET,42-45,31.1,1,6,0,0,2,1,1,0,111.7,119.7,0
0022401016,2024-25,3,18,5,0,33.4,DREB,33-36,23.5,0,9,0,0,1,1,0,0,111.7,119.7,0
0022401017,2024-25,2,23,14,1,42.5,DREB,42-45,39.3,1,-3,4,3,2,2,1,1,113.4,116.1,1
0022401017,2024-25,3,23,14,1,34.1,MADE_BASKET,33-36,13.2,0,12,2,2,1,1,0,0,113.4,116.1,0
0022401018,2024-25,1,22,30,1,40.9,MADE_BASKET,39-42,26.5,0,7,1,2,2,1,1,0,117.9,111.9,-1
0022401018,2024-25,3,30,22,0,31.8,DREB,30-33,14.8,0,12,0,2,1,1,0,0,112.8,119.7,-2
0022401019,2024-25,1,15,11,0,34.2,MADE_BASKET,33-36,9.9,0,-2,3,0,1,1,0,0,116.4,124.0,3
0022401019,2024-25,2,15,11,0,36.3,MADE_BASKET,36-39,17.6,0,-6,3,0,1,1,0,0,116.4,124.0,3
0022401019,2024-25,3,15,11,0,43.3,LIVE_TOV,42-45,37.3,1,6,2,5,2,2,1,1,116.4,124.0,-3
0022401020,2024-25,1,8,5,0,34.3,DREB,33-36,24.1,0,-3,2,0,1,1,0,0,111.9,119.7,2
0022401020,2024-25,2,5,8,1,44.4,MADE_BASKET,42-45,38.7,1,6,4,3,2,1,1,0,110.9,110.5,1
0022401021,2024-25,1,13,11,0,34.2,MADE_BASKET,33-36,18.4,0,-3,0,0,1,1,0,0,110.5,124.0,0
0022401021,2024-25,2,13,11,0,38.1,MADE_BASKET,36-39,18.2,0,-2,2,0,1,1,0,0,110.5,124.0,2
0022401021,2024-25,3,13,11,0,42.3,MADE_BASKET,42-45,30.2,1,-6,3,2,2,1,1,0,110.5,124.0,1
0022401022,2024-25,1,30,5,1,43.4,MADE_BASKET,42-45,31.9,1,-9,2,0,2,1,1,0,112.8,119.7,2
0022401022,2024-25,2,30,5,1,38.4,MADE_BASKET,36-39,29.5,1,-3,1,2,1,1,0,0,112.8,119.7,-1
0022401022,2024-25,3,5,30,0,31.2,MADE_BASKET,30-33,7.5,0,3,0,2,2,1,1,0,110.9,111.9,-2
0022401023,2024-25,1,12,3,1,30.9,DREB,30-33,11.2,0,-5,0,3,2,1,1,0,113.6,117.7,-3
0022401023,2024-25,2,3,12,0,31.3,DREB,30-33,19.1,0,-3,0,2,1,1,0,0,117.0,116.7,-2
0022401023,2024-25,3,3,12,0,41.2,LIVE_TOV,39-42,34.0,1,-4,0,2,2,1,1,0,117.0,116.7,-2
0022401024,2024-25,1,22,2,1,43.8,DEAD_BALL,42-45,29.6,1,-1,2,3,2,2,1,1,117.9,119.8,-1
0022401024,2024-25,2,2,22,0,40.9,MADE_BASKET,39-42,34.2,1,-1,4,2,2,2,1,1,121.3,119.7,2
0022401024,2024-25,3,22,2,1,36.0,DREB,36-39,33.2,1,5,2,3,2,2,1,1,117.9,119.8,-1
0022401025,2024-25,2,4,1,0,32.9,MADE_BASKET,30-33,14.0,0,-4,2,2,2,1,1,0,121.0,116.8,0
0022401025,2024-25,3,4,1,0,39.8,DREB,39-42,22.6,0,2,2,0,1,1,0,0,121.0,116.8,2
0022401026,2024-25,1,18,13,0,42.3,LIVE_TOV,42-45,34.9,1,5,4,2,2,1,1,0,111.7,108.4,2
0022401026,2024-25,2,18,13,0,32.2,MADE_BASKET,30-33,12.5,0,-5,0,0,1,1,0,0,111.7,108.4,0
0022401026,2024-25,3,18,13,0,38.1,MADE_BASKET,36-39,34.9,1,-20,0,0,2,1,1,0,111.7,108.4,0
0022401027,2024-25,1,27,15,1,38.5,DREB,36-39,24.1,0,13,0,0,1,1,0,0,108.9,111.0,0
0022401027,2024-25,2,15,27,0,32.7,DEAD_BALL,30-33,17.1,0,-17,2,0,1,1,0,0,116.4,116.7,2
0022401027,2024-25,3,15,27,0,44.6,DREB,42-45,30.1,1,-11,4,0,2,1,1,0,116.4,116.7,4
0022401028,2024-25,2,27,22,1,37.4,DREB,36-39,16.2,0,-14,0,0,1,1,0,0,108.9,119.7,0
0022401028,2024-25,3,22,27,0,38.3,MADE_BASKET,36-39,29.2,1,12,1,2,2,1,1,0,117.9,116.7,-1
0022401029,2024-25,1,6,29,1,43.8,DREB,42-45,29.1,1,-3,2,0,2,1,1,0,119.4,115.7,2
0022401029,2024-25,2,29,6,0,42.5,DREB,42-45,30.9,1,-2,3,0,2,1,1,0,121.1,108.5,3
0022401030,2024-25,3,18,27,1,37.6,DEAD_BALL,36-39,34.2,1,-1,4,2,2,1,1,0,111.7,116.7,2
0022401031,2024-25,3,24,18,1,37.1,MADE_BASKET,36-39,30.7,1,-15,0,0,2,1,1,0,113.7,116.6,0
0022401032,2024-25,1,26,15,0,36.1,MADE_BASKET,36-39,31.2,1,8,0,0,1,1,0,0,115.5,111.0,0
0022401032,2024-25,2,15,26,1,41.8,LIVE_TOV,39-42,33.3,1,0,3,0,1,1,0,0,116.4,119.4,3
0022401032,2024-25,3,26,15,0,30.9,DREB,30-33,10.1,0,-3,3,2,1,1,0,0,115.5,111.0,1
0022401033,2024-25,1,23,8,1,41.2,MADE_BASKET,39-42,35.5,1,-3,0,0,3,2,1,1,113.4,110.5,0
0022401033,2024-25,3,23,8,1,37.4,MADE_BASKET,36-39,22.1,0,-7,0,0,1,1,0,0,113.4,110.5,0
0022401034,2024-25,1,4,26,0,39.4,MADE_BASKET,39-42,16.5,0,5,0,0,1,1,0,0,121.0,119.4,0
0022401034,2024-25,2,4,26,0,39.2,DREB,39-42,32.0,1,4,0,2,2,2,1,1,121.0,119.4,-2
0022401034,2024-25,3,26,4,1,36.9,DEAD_BALL,36-39,30.1,1,-10,0,2,2,2,1,1,115.5,119.8,-2
0022401035,2024-25,1,13,26,1,35.9,DEAD_BALL,33-36,27.1,0,-2,4,2,2,2,1,1,110.5,119.4,2
0022401035,2024-25,3,26,13,0,33.2,DREB,33-36,30.5,1,13,5,3,2,1,1,0,115.5,108.4,2
0022401036,2024-25,1,13,16,0,36.4,DREB,36-39,24.6,0,13,2,0,1,1,0,0,110.5,116.8,2
0022401036,2024-25,2,13,16,0,42.1,MADE_BASKET,42-45,22.2,0,8,0,0,1,1,0,0,110.5,116.8,0
0022401036,2024-25,3,16,13,1,32.6,MADE_BASKET,30-33,12.1,0,-1,0,0,1,1,0,0,117.0,108.4,0
0022401037,2024-25,1,7,16,1,35.0,DREB,33-36,32.7,1,-2,2,3,2,1,1,0,112.3,116.8,-1
0022401037,2024-25,3,7,16,1,42.0,DREB,42-45,34.7,1,-4,4,0,2,2,1,1,112.3,116.8,4
0022401038,2024-25,1,5,27,0,37.5,DREB,36-39,30.8,1,-1,2,2,2,2,1,1,110.9,116.7,0
0022401038,2024-25,3,27,5,1,43.1,DREB,42-45,36.7,1,3,0,0,2,1,1,0,108.9,119.7,0
0022401039,2024-25,1,6,27,1,38.5,MADE_BASKET,36-39,26.8,0,-3,0,2,2,1,1,0,119.4,116.7,-2
0022401039,2024-25,2,27,6,0,39.0,DREB,39-42,22.7,0,-1,2,3,1,1,0,0,108.9,108.5,-1
0022401039,2024-25,3,27,6,0,33.1,MADE_BASKET,33-36,16.2,0,-6,2,2,1,1,0,0,108.9,108.5,0
0022401040,2024-25,1,6,28,0,41.1,MADE_BASKET,39-42,23.9,0,-3,2,0,1,1,0,0,119.4,113.4,2
0022401040,2024-25,2,6,28,0,40.4,DREB,39-42,19.7,0,-6,0,0,1,1,0,0,119.4,113.4,0
0022401040,2024-25,3,6,28,0,42.6,LIVE_TOV,42-45,33.3,1,0,2,2,2,1,1,0,119.4,113.4,0
0022401041,2024-25,1,16,23,1,38.6,DREB,36-39,35.8,1,-9,2,0,2,1,1,0,117.0,116.0,2
0022401041,2024-25,2,23,16,0,30.4,MADE_BASKET,30-33,9.0,0,11,3,1,1,1,0,0,113.4,116.8,2
0022401041,2024-25,3,16,23,1,41.5,MADE_BASKET,39-42,33.8,1,-10,3,2,2,2,1,1,117.0,116.0,1
0022401042,2024-25,1,25,10,1,41.3,LIVE_TOV,39-42,30.8,1,-1,0,0,2,1,1,0,115.1,114.1,0
0022401042,2024-25,2,10,25,0,37.9,DREB,36-39,31.0,1,-2,2,0,2,1,1,0,123.1,112.7,2
0022401043,2024-25,1,5,11,0,44.2,MADE_BASKET,42-45,33.2,1,-3,2,2,2,1,1,0,110.9,124.0,0
0022401043,2024-25,2,5,11,0,33.2,MADE_BASKET,33-36,30.3,1,-5,3,5,2,1,1,0,110.9,124.0,-2
0022401043,2024-25,3,5,11,0,41.9,MADE_BASKET,39-42,30.9,1,-21,0,0,1,1,0,0,110.9,124.0,0
0022401044,2024-25,1,28,30,1,43.7,MADE_BASKET,42-45,30.2,1,7,0,2,2,1,1,0,117.0,111.9,-2
0022401044,2024-25,2,28,30,1,43.8,LIVE_TOV,42-45,32.7,1,3,0,5,3,2,1,1,117.0,111.9,-5
0022401044,2024-25,3,30,28,0,35.1,MADE_BASKET,33-36,31.6,1,0,3,2,2,1,1,0,112.8,113.4,1
0022401045,2024-25,1,4,29,1,36.2,MADE_BASKET,36-39,29.8,1,5,4,2,2,1,1,0,121.0,115.7,2
0022401045,2024-25,2,29,4,0,43.4,DREB,42-45,38.1,1,-5,3,0,2,1,1,0,121.1,119.8,3
0022401045,2024-25,3,29,4,0,42.6,MADE_BASKET,42-45,29.2,1,-4,2,0,1,1,0,0,121.1,119.8,2
0022401046,2024-25,1,5,22,0,40.1,DREB,39-42,30.6,1,7,0,0,2,1,1,0,110.9,119.7,0
0022401047,2024-25,2,21,6,0,37.9,MADE_BASKET,36-39,18.8,0,-8,2,3,1,1,0,0,121.5,108.5,-1
0022401047,2024-25,3,6,21,1,39.2,DREB,39-42,35.5,1,6,0,2,2,1,1,0,119.4,107.5,-2
0022401048,2024-25,3,27,29,1,39.0,MADE_BASKET,39-42,29.6,1,6,3,0,1,1,0,0,108.9,115.7,3
0022401049,2024-25,1,28,26,0,44.3,LIVE_TOV,42-45,32.3,1,1,0,5,2,2,1,1,117.0,119.4,-5
0022401049,2024-25,2,26,28,1,36.7,DREB,36-39,25.4,0,14,5,2,1,1,0,0,115.5,113.4,3
0022401050,2024-25,1,25,22,1,35.7,DREB,33-36,29.7,1,2,0,2,2,1,1,0,115.1,119.7,-2
0022401050,2024-25,2,25,22,1,42.1,DREB,42-45,30.7,1,9,2,0,2,1,1,0,115.1,119.7,2
0022401051,2024-25,1,28,18,1,35.1,MADE_BASKET,33-36,29.3,1,6,0,2,2,1,1,0,117.0,116.6,-2
0022401051,2024-25,3,28,18,1,34.2,MADE_BASKET,33-36,29.6,1,4,3,2,2,1,1,0,117.0,116.6,1
0022401052,2024-25,1,20,18,1,41.2,DREB,39-42,31.5,1,-3,4,6,2,2,1,1,128.5,116.6,-2
0022401052,2024-25,2,18,20,0,39.0,DREB,39-42,17.4,0,9,0,1,1,1,0,0,111.7,116.1,-1
0022401052,2024-25,3,20,18,1,40.4,DEAD_BALL,39-42,33.1,1,-5,2,2,2,2,1,1,128.5,116.6,0
0022401053,2024-25,1,24,11,1,34.8,DREB,33-36,29.2,1,-4,4,3,2,1,1,0,113.7,124.0,1
0022401053,2024-25,2,11,24,0,32.5,DREB,30-33,30.2,1,9,2,0,2,1,1,0,117.4,113.3,2
0022401053,2024-25,3,24,11,1,30.1,MADE_BASKET,30-33,16.1,0,-13,2,2,2,1,1,0,113.7,124.0,0
0022401054,2024-25,1,14,24,0,41.9,DREB,39-42,31.2,1,11,3,2,2,1,1,0,120.3,113.3,1
0022401054,2024-25,2,24,14,1,38.1,MADE_BASKET,36-39,34.1,1,-9,0,0,2,1,1,0,113.7,116.1,0
0022401054,2024-25,3,24,14,1,39.8,MADE_BASKET,39-42,29.7,1,-11,3,0,2,1,1,0,113.7,116.1,3
0022401055,2024-25,1,7,13,1,40.8,MADE_BASKET,39-42,30.6,1,-4,0,2,2,1,1,0,112.3,108.4,-2
0022401055,2024-25,2,13,7,0,35.2,DREB,33-36,31.6,1,19,0,0,2,1,1,0,110.5,118.9,0
0022401056,2024-25,1,19,28,1,36.5,MADE_BASKET,36-39,20.2,0,0,3,2,1,1,0,0,124.0,113.4,1
0022401056,2024-25,2,19,28,1,39.5,DREB,39-42,32.3,1,7,0,0,2,1,1,0,124.0,113.4,0
0022401056,2024-25,3,19,28,1,42.6,MADE_BASKET,42-45,33.2,1,10,2,2,2,1,1,0,124.0,113.4,0
0022401057,2024-25,1,28,17,1,32.6,DREB,30-33,29.6,1,-3,3,2,2,1,1,0,117.0,116.3,1
0022401057,2024-25,3,17,28,0,34.2,MADE_BASKET,33-36,21.7,0,2,0,2,2,1,1,0,125.5,113.4,-2
0022401058,2024-25,1,2,25,1,35.4,MADE_BASKET,33-36,21.0,0,-9,0,0,1,1,0,0,121.3,112.7,0
0022401058,2024-25,2,25,2,0,33.0,MADE_BASKET,33-36,10.4,0,18,2,2,1,1,0,0,115.1,119.8,0
0022401058,2024-25,3,2,25,1,35.7,MADE_BASKET,33-36,29.0,1,-15,3,0,2,1,1,0,121.3,112.7,3
0022401059,2024-25,1,29,3,0,40.8,DEAD_BALL,39-42,36.1,1,-2,3,0,2,2,1,1,121.1,117.7,3
0022401059,2024-25,2,29,3,0,30.7,DREB,30-33,7.5,0,4,3,0,1,1,0,0,121.1,117.7,3
0022401059,2024-25,3,3,29,1,35.7,MADE_BASKET,33-36,18.6,0,-3,0,3,1,1,0,0,117.0,115.7,-3
0022401060,2024-25,1,6,24,1,32.3,DREB,30-33,23.5,0,-13,2,0,2,1,1,0,119.4,113.3,2
0022401060,2024-25,3,6,24,1,35.6,MADE_BASKET,33-36,19.5,0,-5,1,0,2,1,1,0,119.4,113.3,1
0022401061,2024-25,1,26,18,0,31.4,DREB,30-33,14.4,0,-9,0,2,1,1,0,0,115.5,116.6,-2
0022401061,2024-25,2,26,18,0,30.6,DREB,30-33,7.1,0,-8,2,3,1,1,0,0,115.5,116.6,-1
0022401061,2024-25,3,18,26,1,41.2,MADE_BASKET,39-42,34.8,1,11,0,2,2,1,1,0,111.7,119.4,-2
0022401062,2024-25,1,6,29,0,31.5,LIVE_TOV,30-33,17.9,0,-8,0,0,1,1,0,0,119.4,115.7,0
0022401062,2024-25,2,6,29,0,40.3,DREB,39-42,33.1,1,-7,2,0,2,1,1,0,119.4,115.7,2
0022401062,2024-25,3,29,6,1,33.4,DREB,33-36,21.3,0,9,2,3,1,1,0,0,121.1,108.5,-1
0022401063,2024-25,1,19,18,0,30.0,DREB,30-33,10.5,0,-8,0,0,1,0,0,0,124.0,116.6,0
0022401063,2024-25,2,19,18,0,37.9,DREB,36-39,29.8,1,4,0,0,2,1,1,0,124.0,116.6,0
0022401063,2024-25,3,19,18,0,34.1,DREB,33-36,32.1,1,0,4,0,2,1,1,0,124.0,116.6,4
0022401064,2024-25,1,15,16,1,41.2,DREB,39-42,30.4,1,2,2,2,2,2,1,1,116.4,116.8,0
0022401064,2024-25,3,15,16,1,41.4,LIVE_TOV,39-42,29.9,1,-4,2,0,2,1,1,0,116.4,116.8,2
0022401065,2024-25,1,18,28,1,38.2,DREB,36-39,33.2,1,0,3,0,2,1,1,0,111.7,113.4,3
0022401065,2024-25,2,18,28,1,34.3,DREB,33-36,12.8,0,10,0,0,1,1,0,0,111.7,113.4,0
0022401065,2024-25,3,18,28,1,42.2,MADE_BASKET,42-45,36.8,1,5,3,0,2,1,1,0,111.7,113.4,3
0022401066,2024-25,1,6,2,0,37.2,DREB,36-39,23.4,0,3,0,0,1,1,0,0,119.4,119.8,0
0022401066,2024-25,2,6,2,0,38.6,DREB,36-39,27.8,0,-12,2,0,2,1,1,0,119.4,119.8,2
0022401066,2024-25,3,2,6,1,36.6,MADE_BASKET,36-39,25.5,0,7,0,2,1,1,0,0,121.3,108.5,-2
0022401067,2024-25,1,17,3,0,37.8,DREB,36-39,16.3,0,4,0,0,2,1,1,0,125.5,117.7,0
0022401067,2024-25,2,17,3,0,42.5,LIVE_TOV,42-45,30.2,1,-1,4,0,2,2,1,1,125.5,117.7,4
0022401067,2024-25,3,3,17,1,30.6,DREB,30-33,9.3,0,2,0,0,1,1,0,0,117.0,116.3,0
0022401068,2024-25,1,15,25,0,40.1,MADE_BASKET,39-42,30.9,1,-3,2,0,2,1,1,0,116.4,112.7,2
0022401068,2024-25,2,25,15,1,38.3,MADE_BASKET,36-39,33.5,1,-4,0,0,2,1,1,0,115.1,111.0,0
0022401069,2024-25,1,23,18,0,44.0,DREB,42-45,38.7,1,-5,8,0,3,2,1,1,113.4,116.6,8
0022401069,2024-25,2,18,23,1,39.3,LIVE_TOV,39-42,28.7,1,5,2,0,1,1,0,0,111.7,116.0,2
0022401069,2024-25,3,23,18,0,43.2,MADE_BASKET,42-45,31.2,1,-2,4,0,1,1,0,0,113.4,116.6,4
0022401070,2024-25,2,11,20,0,32.6,DREB,30-33,29.1,1,-19,3,1,2,1,1,0,117.4,116.1,2
0022401070,2024-25,3,11,20,0,40.3,MADE_BASKET,39-42,24.8,0,-20,2,0,1,1,0,0,117.4,116.1,2
0022401071,2024-25,1,16,18,0,41.6,DREB,39-42,26.9,0,4,2,0,1,1,0,0,117.0,116.6,2
0022401071,2024-25,2,18,16,1,36.8,DREB,36-39,21.4,0,8,0,0,1,1,0,0,111.7,116.8,0
0022401071,2024-25,3,18,16,1,41.0,MADE_BASKET,39-42,35.5,1,4,2,2,2,1,1,0,111.7,116.8,0
0022401072,2024-25,1,7,13,0,34.4,MADE_BASKET,33-36,15.3,0,-6,6,0,1,1,0,0,112.3,108.4,6
0022401072,2024-25,2,7,13,0,33.3,DREB,33-36,19.5,0,0,2,1,2,1,1,0,112.3,108.4,1
0022401072,2024-25,3,7,13,0,37.9,DREB,36-39,27.3,0,8,4,1,2,1,1,0,112.3,108.4,3
0022401073,2024-25,2,17,29,0,35.0,DREB,33-36,16.6,0,2,2,0,1,1,0,0,125.5,115.7,2
0022401073,2024-25,3,29,17,1,32.8,MADE_BASKET,30-33,14.2,0,-2,2,0,1,0,0,0,121.1,116.3,2
0022401074,2024-25,1,20,13,1,36.6,LIVE_TOV,36-39,30.1,1,2,2,0,2,1,1,0,128.5,108.4,2
0022401074,2024-25,2,20,13,1,31.0,DREB,30-33,10.1,0,0,2,0,1,1,0,0,128.5,108.4,2
0022401074,2024-25,3,20,13,1,38.4,LIVE_TOV,36-39,30.7,1,-9,2,0,2,1,1,0,128.5,108.4,2
0022401075,2024-25,1,4,9,0,43.4,DREB,42-45,34.0,1,-4,4,0,2,2,1,1,121.0,119.1,4
0022401075,2024-25,2,4,9,0,44.0,DREB,42-45,31.3,1,3,0,0,2,1,1,0,121.0,119.1,0
0022401075,2024-25,3,4,9,0,33.1,DREB,33-36,28.9,1,-2,5,2,2,1,1,0,121.0,119.1,3
0022401076,2024-25,1,1,22,0,41.6,MADE_BASKET,39-42,29.7,1,3,0,0,2,1,1,0,109.8,119.7,0
0022401076,2024-25,2,1,22,0,39.5,MADE_BASKET,39-42,25.0,0,-1,1,0,2,1,1,0,109.8,119.7,1
0022401076,2024-25,3,22,1,1,33.9,MADE_BASKET,33-36,14.7,0,-11,0,3,1,1,0,0,117.9,116.8,-3
0022401077,2024-25,1,8,7,0,42.8,DREB,42-45,30.9,1,2,2,2,2,1,1,0,111.9,118.9,0
0022401077,2024-25,2,8,7,0,30.7,DREB,30-33,10.0,0,1,3,0,1,1,0,0,111.9,118.9,3
0022401077,2024-25,3,7,8,1,44.8,MADE_BASKET,42-45,36.5,1,-10,3,3,2,2,1,1,112.3,110.5,0
0022401078,2024-25,2,1,3,1,44.9,DREB,42-45,28.7,1,-9,2,0,2,1,1,0,109.8,117.7,2
0022401078,2024-25,3,3,1,0,41.8,LIVE_TOV,39-42,32.5,1,12,4,0,2,1,1,0,117.0,116.8,4
0022401079,2024-25,1,3,30,0,36.6,DREB,36-39,24.5,0,-5,0,0,2,1,1,0,117.0,111.9,0
0022401079,2024-25,2,30,3,1,36.8,DREB,36-39,29.4,1,-1,2,2,1,1,0,0,112.8,117.7,0
0022401079,2024-25,3,30,3,1,43.5,DREB,42-45,34.4,1,1,2,0,2,2,1,1,112.8,117.7,2
0022401080,2024-25,1,20,10,0,40.8,DREB,39-42,31.5,1,-2,0,2,2,1,1,0,128.5,114.1,-2
0022401080,2024-25,2,20,10,0,42.1,LIVE_TOV,42-45,32.4,1,-1,0,2,2,1,1,0,128.5,114.1,-2
0022401080,2024-25,3,20,10,0,44.5,MADE_BASKET,42-45,32.7,1,-10,2,3,2,1,1,0,128.5,114.1,-1
0022401081,2024-25,1,12,4,1,30.5,DREB,30-33,8.8,0,2,0,0,1,1,0,0,113.6,119.8,0
0022401081,2024-25,2,12,4,1,42.8,MADE_BASKET,42-45,28.8,1,3,1,2,1,1,0,0,113.6,119.8,-1
0022401081,2024-25,3,12,4,1,44.2,DREB,42-45,29.4,1,-8,0,0,2,1,1,0,113.6,119.8,0
0022401082,2024-25,1,10,25,1,33.7,DREB,33-36,15.6,0,7,2,3,1,1,0,0,123.1,112.7,-1
0022401082,2024-25,2,10,25,1,32.4,DREB,30-33,29.7,1,6,2,2,2,1,1,0,123.1,112.7,0
0022401083,2024-25,1,19,20,0,42.6,DREB,42-45,41.1,1,-12,5,0,3,3,1,1,124.0,116.1,5
0022401083,2024-25,2,19,20,0,30.7,MADE_BASKET,30-33,9.0,0,-3,2,3,1,1,0,0,124.0,116.1,-1
0022401083,2024-25,3,19,20,0,43.4,MADE_BASKET,42-45,28.9,1,-9,0,3,2,1,1,0,124.0,116.1,-3
0022401084,2024-25,1,21,19,1,40.7,DREB,39-42,34.5,1,0,0,2,2,1,1,0,121.5,110.2,-2
0022401084,2024-25,2,21,19,1,31.2,DREB,30-33,16.7,0,-5,0,1,1,1,0,0,121.5,110.2,-1
0022401085,2024-25,1,7,19,1,40.1,DREB,39-42,21.9,0,7,0,2,2,1,1,0,112.3,110.2,-2
0022401085,2024-25,2,7,19,1,38.4,MADE_BASKET,36-39,31.7,1,-6,3,0,1,1,0,0,112.3,110.2,3
0022401085,2024-25,3,19,7,0,35.7,MADE_BASKET,33-36,32.1,1,6,4,2,2,1,1,0,124.0,118.9,2
0022401086,2024-25,1,2,9,1,41.1,MADE_BASKET,39-42,32.1,1,3,5,2,2,1,1,0,121.3,119.1,3
0022401086,2024-25,2,2,9,1,38.6,MADE_BASKET,36-39,34.2,1,-7,0,2,2,1,1,0,121.3,119.1,-2
0022401086,2024-25,3,2,9,1,32.5,DREB,30-33,15.6,0,-10,2,0,1,1,0,0,121.3,119.1,2
0022401087,2024-25,1,17,19,1,44.5,DREB,42-45,33.4,1,-4,0,5,3,2,1,1,125.5,110.2,-5
0022401087,2024-25,2,19,17,0,43.9,DREB,42-45,33.9,1,3,0,2,2,2,1,1,124.0,116.3,-2
0022401088,2024-25,1,18,20,0,36.1,MADE_BASKET,36-39,28.8,1,4,3,2,2,1,1,0,111.7,116.1,1
0022401088,2024-25,3,18,20,0,35.3,MADE_BASKET,33-36,20.5,0,-4,0,2,1,1,0,0,111.7,116.1,-2
0022401089,2024-25,1,3,4,1,32.1,MADE_BASKET,30-33,13.1,0,-8,0,0,1,0,0,0,117.0,119.8,0
0022401089,2024-25,2,4,3,0,36.9,MADE_BASKET,36-39,29.2,1,12,2,0,2,1,1,0,121.0,117.7,2
0022401089,2024-25,3,3,4,1,30.1,LIVE_TOV,30-33,25.6,0,-13,0,2,2,1,1,0,117.0,119.8,-2
0022401090,2024-25,1,9,4,0,44.9,MADE_BASKET,42-45,38.2,1,3,0,1,2,2,1,1,117.4,119.8,-1
0022401090,2024-25,2,4,9,1,39.5,LIVE_TOV,39-42,35.1,1,-2,0,2,1,1,0,0,121.0,119.1,-2
0022401090,2024-25,3,4,9,1,40.4,MADE_BASKET,39-42,29.1,1,-24,2,3,2,1,1,0,121.0,119.1,-1
0022401091,2024-25,1,27,24,1,32.5,DREB,30-33,18.7,0,13,0,0,1,1,0,0,108.9,113.3,0
0022401091,2024-25,3,27,24,1,43.8,DREB,42-45,37.1,1,10,2,6,3,2,1,1,108.9,113.3,-4
0022401092,2024-25,1,12,9,1,43.6,MADE_BASKET,42-45,30.6,1,-4,3,2,2,1,1,0,113.6,119.1,1
0022401092,2024-25,2,12,9,1,44.5,MADE_BASKET,42-45,32.1,1,2,3,3,2,1,1,0,113.6,119.1,0
0022401092,2024-25,3,9,12,0,32.5,MADE_BASKET,30-33,16.9,0,-10,3,2,1,1,0,0,117.4,116.7,1
0022401093,2024-25,1,30,27,1,42.4,DREB,42-45,40.1,1,7,3,4,2,1,1,0,112.8,116.7,-1
0022401093,2024-25,2,30,27,1,42.9,DREB,42-45,29.0,1,1,2,0,2,1,1,0,112.8,116.7,2
0022401093,2024-25,3,30,27,1,44.1,DEAD_BALL,42-45,32.2,1,4,2,0,2,1,1,0,112.8,116.7,2
0022401094,2024-25,1,29,8,1,34.5,MADE_BASKET,33-36,19.0,0,4,0,0,1,1,0,0,121.1,110.5,0
0022401094,2024-25,2,29,8,1,36.8,LIVE_TOV,36-39,19.0,0,5,0,2,1,1,0,0,121.1,110.5,-2
0022401094,2024-25,3,8,29,0,31.4,DREB,30-33,15.2,0,-3,2,0,1,1,0,0,111.9,115.7,2
0022401095,2024-25,1,2,3,0,44.6,LIVE_TOV,42-45,36.9,1,-5,4,0,2,2,1,1,121.3,117.7,4
0022401095,2024-25,2,2,3,0,40.1,LIVE_TOV,39-42,37.7,1,-11,4,0,2,2,1,1,121.3,117.7,4
0022401095,2024-25,3,2,3,0,40.3,MADE_BASKET,39-42,33.5,1,0,2,0,2,2,1,1,121.3,117.7,2
0022401096,2024-25,1,7,26,1,30.6,MADE_BASKET,30-33,8.0,0,0,2,0,1,1,0,0,112.3,119.4,2
0022401096,2024-25,2,26,7,0,41.5,MADE_BASKET,39-42,32.6,1,-7,2,3,1,1,0,0,115.5,118.9,-1
0022401097,2024-25,1,20,17,1,40.9,MADE_BASKET,39-42,33.0,1,-6,4,3,2,2,1,1,128.5,116.3,1
0022401097,2024-25,2,17,20,0,33.0,MADE_BASKET,33-36,17.2,0,2,0,2,1,1,0,0,125.5,116.1,-2
0022401098,2024-25,1,14,21,0,38.0,DREB,36-39,20.5,0,4,3,0,1,1,0,0,120.3,107.5,3
0022401098,2024-25,2,14,21,0,43.8,MADE_BASKET,42-45,39.7,1,-1,0,2,2,2,1,1,120.3,107.5,-2
0022401098,2024-25,3,21,14,1,36.5,DREB,36-39,32.7,1,7,0,0,2,1,1,0,121.5,116.1,0
0022401099,2024-25,1,19,21,1,41.2,DREB,39-42,26.8,0,4,0,2,1,1,0,0,124.0,107.5,-2
0022401099,2024-25,2,21,19,0,32.7,MADE_BASKET,30-33,15.0,0,-2,2,0,1,1,0,0,121.5,110.2,2
0022401099,2024-25,3,19,21,1,37.4,DREB,36-39,23.4,0,3,2,3,1,1,0,0,124.0,107.5,-1
0022401100,2024-25,1,18,21,1,36.7,DREB,36-39,29.0,1,-2,3,3,2,1,1,0,111.7,107.5,0
0022401100,2024-25,2,21,18,0,44.3,MADE_BASKET,42-45,40.0,1,-3,2,0,2,2,1,1,121.5,116.6,2
0022401100,2024-25,3,18,21,1,45.0,DREB,42-45,39.7,1,-1,3,4,2,2,1,1,111.7,107.5,-1
0022401101,2024-25,1,26,30,0,35.5,MADE_BASKET,33-36,31.6,1,-4,5,0,2,1,1,0,115.5,111.9,5
0022401102,2024-25,1,20,12,1,30.0,MADE_BASKET,30-33,20.9,0,-11,0,2,2,1,1,0,128.5,116.7,-2
0022401102,2024-25,2,12,20,0,41.4,MADE_BASKET,39-42,29.3,1,5,0,0,1,1,0,0,113.6,116.1,0
0022401102,2024-25,3,20,12,1,39.6,DREB,39-42,27.8,0,-10,0,2,2,1,1,0,128.5,116.7,-2
0022401103,2024-25,1,7,5,1,40.3,DREB,39-42,22.4,0,-16,3,2,1,1,0,0,112.3,119.7,1
0022401103,2024-25,2,5,7,0,31.3,MADE_BASKET,30-33,20.3,0,7,2,0,1,1,0,0,110.9,118.9,2
0022401103,2024-25,3,5,7,0,40.6,DREB,39-42,34.7,1,15,5,0,2,1,1,0,110.9,118.9,5
0022401104,2024-25,2,17,3,1,44.2,DREB,42-45,33.1,1,0,2,0,2,1,1,0,125.5,117.7,2
0022401104,2024-25,3,3,17,0,31.3,MADE_BASKET,30-33,13.1,0,-10,2,3,1,1,0,0,117.0,116.3,-1
0022401105,2024-25,2,15,21,0,43.5,MADE_BASKET,42-45,29.0,1,9,2,0,2,1,1,0,116.4,107.5,2
0022401106,2024-25,1,22,4,1,44.5,MADE_BASKET,42-45,40.4,1,-4,2,2,3,3,1,1,117.9,119.8,0
0022401106,2024-25,2,4,22,0,36.7,DREB,36-39,29.6,1,16,2,2,2,1,1,0,121.0,119.7,0
0022401106,2024-25,3,22,4,1,35.5,MADE_BASKET,33-36,30.0,1,-17,3,0,2,1,1,0,117.9,119.8,3
0022401107,2024-25,1,15,3,1,44.7,MADE_BASKET,42-45,32.8,1,-12,5,3,2,1,1,0,116.4,117.7,2
0022401107,2024-25,2,15,3,1,37.0,MADE_BASKET,36-39,15.8,0,-11,0,2,1,1,0,0,116.4,117.7,-2
0022401107,2024-25,3,15,3,1,41.9,MADE_BASKET,39-42,34.2,1,-16,0,0,2,1,1,0,116.4,117.7,0
0022401108,2024-25,1,23,30,0,33.2,DREB,33-36,28.2,1,0,3,0,2,1,1,0,113.4,111.9,3
0022401108,2024-25,2,30,23,1,32.5,DEAD_BALL,30-33,24.8,0,-16,2,2,1,1,0,0,112.8,116.0,0
0022401108,2024-25,3,30,23,1,33.0,DREB,33-36,22.4,0,-15,2,0,1,1,0,0,112.8,116.0,2
0022401109,2024-25,1,23,29,1,35.1,DREB,33-36,30.0,1,-3,0,0,2,1,1,0,113.4,115.7,0
0022401109,2024-25,2,29,23,0,41.2,MADE_BASKET,39-42,25.4,0,6,3,0,1,1,0,0,121.1,116.0,3
0022401109,2024-25,3,23,29,1,42.6,DREB,42-45,31.6,1,2,0,0,2,1,1,0,113.4,115.7,0
0022401110,2024-25,2,25,7,0,37.2,DREB,36-39,29.0,1,8,0,0,2,1,1,0,115.1,118.9,0
0022401110,2024-25,3,25,7,0,39.4,DREB,39-42,25.3,0,12,1,1,2,1,1,0,115.1,118.9,0
0022401111,2024-25,1,27,15,0,44.6,MADE_BASKET,42-45,34.2,1,-6,0,2,2,1,1,0,108.9,111.0,-2
0022401111,2024-25,2,15,27,1,43.0,MADE_BASKET,42-45,33.0,1,3,2,0,2,1,1,0,116.4,116.7,2
0022401111,2024-25,3,27,15,0,42.0,DREB,42-45,28.0,1,3,0,6,2,1,1,0,108.9,111.0,-6
0022401112,2024-25,1,21,5,1,35.3,LIVE_TOV,33-36,32.3,1,6,0,0,2,1,1,0,121.5,119.7,0
0022401112,2024-25,2,21,5,1,36.2,DREB,36-39,32.8,1,12,5,2,2,1,1,0,121.5,119.7,3
0022401113,2024-25,1,16,29,0,30.7,DREB,30-33,10.5,0,6,2,1,2,1,1,0,117.0,115.7,1
0022401113,2024-25,2,16,29,0,44.8,MADE_BASKET,42-45,36.9,1,13,3,2,2,2,1,1,117.0,115.7,1
0022401113,2024-25,3,16,29,0,43.3,DREB,42-45,39.1,1,14,4,0,2,1,1,0,117.0,115.7,4
0022401114,2024-25,1,8,7,1,37.0,DREB,36-39,32.5,1,-1,2,0,2,1,1,0,111.9,118.9,2
0022401114,2024-25,2,7,8,0,38.9,MADE_BASKET,36-39,20.8,0,-5,0,0,2,1,1,0,112.3,110.5,0
0022401114,2024-25,3,7,8,0,42.0,MADE_BASKET,42-45,30.9,1,-8,0,0,2,1,1,0,112.3,110.5,0
0022401115,2024-25,1,2,18,0,33.6,MADE_BASKET,33-36,15.1,0,1,0,2,2,1,1,0,121.3,116.6,-2
0022401115,2024-25,2,18,2,1,36.1,DEAD_BALL,36-39,30.5,1,8,2,2,2,1,1,0,111.7,119.8,0
0022401115,2024-25,3,18,2,1,35.3,DREB,33-36,31.3,1,4,0,3,2,1,1,0,111.7,119.8,-3
0022401116,2024-25,1,26,10,0,38.3,DREB,36-39,22.7,0,-3,0,2,2,1,1,0,115.5,114.1,-2
0022401116,2024-25,2,26,10,0,35.1,MADE_BASKET,33-36,19.9,0,-11,3,0,1,1,0,0,115.5,114.1,3
0022401117,2024-25,1,14,24,0,33.2,DREB,33-36,16.0,0,4,3,2,1,1,0,0,120.3,113.3,1
0022401117,2024-25,2,14,24,0,35.4,DREB,33-36,33.8,1,-8,4,4,2,1,1,0,120.3,113.3,0
0022401117,2024-25,3,24,14,1,43.1,DREB,42-45,40.7,1,11,2,3,2,2,1,1,113.7,116.1,-1
0022401118,2024-25,1,18,20,1,44.6,DREB,42-45,32.8,1,-6,4,2,2,2,1,1,111.7,116.1,2
0022401118,2024-25,2,18,20,1,41.9,MADE_BASKET,39-42,35.0,1,-4,0,0,2,1,1,0,111.7,116.1,0
0022401118,2024-25,3,18,20,1,32.3,DREB,30-33,23.3,0,-16,0,0,1,1,0,0,111.7,116.1,0
0022401119,2024-25,1,24,19,1,34.3,DREB,33-36,17.8,0,-4,3,0,1,1,0,0,113.7,110.2,3
0022401119,2024-25,2,19,24,0,41.4,DREB,39-42,35.6,1,-2,0,5,2,2,1,1,124.0,113.3,-5
0022401119,2024-25,3,19,24,0,35.9,DREB,33-36,32.2,1,-6,0,2,2,1,1,0,124.0,113.3,-2
0022401120,2024-25,1,24,11,0,36.2,DREB,36-39,33.8,1,4,0,0,2,2,1,1,113.7,124.0,0
0022401120,2024-25,2,24,11,0,34.2,DREB,33-36,20.9,0,13,0,0,1,1,0,0,113.7,124.0,0
0022401120,2024-25,3,24,11,0,39.6,DREB,39-42,30.2,1,13,3,0,2,2,1,1,113.7,124.0,3
0022401121,2024-25,1,1,26,1,31.9,MADE_BASKET,30-33,10.4,0,0,2,0,1,1,0,0,109.8,119.4,2
0022401121,2024-25,2,26,1,0,34.6,DREB,33-36,20.8,0,0,2,2,1,1,0,0,115.5,116.8,0
0022401121,2024-25,3,26,1,0,40.1,MADE_BASKET,39-42,29.6,1,-2,3,0,2,1,1,0,115.5,116.8,3
0022401122,2024-25,1,9,7,0,40.1,MADE_BASKET,39-42,28.0,1,-3,3,0,2,1,1,0,117.4,118.9,3
0022401122,2024-25,2,7,9,1,40.0,DREB,39-42,28.2,1,-3,5,0,2,2,1,1,112.3,119.1,5
0022401122,2024-25,3,9,7,0,34.8,MADE_BASKET,33-36,14.4,0,-3,0,2,1,1,0,0,117.4,118.9,-2
0022401123,2024-25,2,19,4,0,42.2,DREB,42-45,33.7,1,-2,0,2,2,2,1,1,124.0,119.8,-2
0022401123,2024-25,3,4,19,1,44.7,DREB,42-45,32.5,1,15,0,0,2,1,1,0,121.0,110.2,0
0022401124,2024-25,1,12,7,1,36.6,MADE_BASKET,36-39,31.0,1,2,2,0,2,1,1,0,113.6,118.9,2
0022401124,2024-25,2,7,12,0,31.5,MADE_BASKET,30-33,10.1,0,-8,2,2,1,1,0,0,112.3,116.7,0
0022401124,2024-25,3,12,7,1,37.0,MADE_BASKET,36-39,31.9,1,6,0,0,2,2,1,1,113.6,118.9,0
0022401125,2024-25,1,30,14,0,33.2,MADE_BASKET,33-36,16.9,0,3,0,2,2,1,1,0,112.8,116.1,-2
0022401125,2024-25,2,30,14,0,33.7,DREB,33-36,19.8,0,-7,0,2,1,1,0,0,112.8,116.1,-2
0022401125,2024-25,3,14,30,1,38.4,DREB,36-39,30.9,1,11,2,1,2,1,1,0,120.3,111.9,1
0022401126,2024-25,1,27,24,0,44.0,DREB,42-45,34.7,1,1,0,2,2,2,1,1,108.9,113.3,-2
0022401126,2024-25,2,24,27,1,34.0,DREB,33-36,28.9,1,-8,0,2,2,1,1,0,113.7,116.7,-2
0022401127,2024-25,3,2,16,0,36.1,MADE_BASKET,36-39,28.3,1,15,0,0,1,1,0,0,121.3,116.8,0
0022401128,2024-25,1,5,9,1,34.8,DREB,33-36,23.7,0,15,0,0,1,1,0,0,110.9,119.1,0
0022401128,2024-25,2,5,9,1,30.5,DREB,30-33,19.8,0,18,2,2,1,1,0,0,110.9,119.1,0
0022401128,2024-25,3,5,9,1,36.1,DEAD_BALL,36-39,34.0,1,13,2,0,2,2,1,1,110.9,119.1,2
0022401129,2024-25,1,6,18,1,44.5,MADE_BASKET,42-45,34.4,1,11,2,0,2,1,1,0,119.4,116.6,2
0022401129,2024-25,2,6,18,1,33.7,DREB,33-36,17.0,0,14,4,2,2,1,1,0,119.4,116.6,2
0022401129,2024-25,3,6,18,1,34.2,MADE_BASKET,33-36,8.6,0,13,0,0,1,1,0,0,119.4,116.6,0
0022401130,2024-25,1,6,10,1,32.5,DREB,30-33,29.1,1,-1,2,0,2,1,1,0,119.4,114.1,2
0022401130,2024-25,2,10,6,0,41.1,DREB,39-42,27.5,0,2,2,0,2,1,1,0,123.1,108.5,2
0022401130,2024-25,3,6,10,1,34.2,DREB,33-36,24.8,0,0,0,0,1,1,0,0,119.4,114.1,0
0022401131,2024-25,1,24,4,0,34.5,LIVE_TOV,33-36,28.7,1,10,2,3,2,1,1,0,113.7,119.8,-1
0022401131,2024-25,2,4,24,1,35.3,LIVE_TOV,33-36,31.7,1,-4,6,2,2,1,1,0,121.0,113.3,4
0022401131,2024-25,3,4,24,1,41.0,DREB,39-42,35.2,1,1,2,0,3,2,1,1,121.0,113.3,2
0022401132,2024-25,1,17,8,1,40.6,MADE_BASKET,39-42,30.3,1,-1,2,0,1,1,0,0,125.5,110.5,2
0022401132,2024-25,2,17,8,1,33.5,DREB,33-36,20.3,0,1,0,2,2,1,1,0,125.5,110.5,-2
0022401132,2024-25,3,8,17,0,35.8,DREB,33-36,22.6,0,8,2,0,1,1,0,0,111.9,116.3,2
0022401133,2024-25,1,30,11,0,42.8,MADE_BASKET,42-45,21.3,0,-7,2,0,1,1,0,0,112.8,124.0,2
0022401133,2024-25,2,11,30,1,31.3,MADE_BASKET,30-33,8.8,0,0,0,0,1,1,0,0,117.4,111.9,0
0022401133,2024-25,3,11,30,1,39.3,DREB,39-42,34.6,1,1,3,0,2,1,1,0,117.4,111.9,3
0022401134,2024-25,1,30,9,0,36.3,MADE_BASKET,36-39,23.4,0,-6,2,0,1,1,0,0,112.8,119.1,2
0022401134,2024-25,2,9,30,1,33.5,DREB,33-36,17.0,0,3,1,0,1,1,0,0,117.4,111.9,1
0022401134,2024-25,3,9,30,1,44.4,MADE_BASKET,42-45,37.9,1,11,4,0,2,1,1,0,117.4,111.9,4
0022401135,2024-25,1,26,29,0,44.5,MADE_BASKET,42-45,31.3,1,-1,4,6,2,2,1,1,115.5,115.7,-2
0022401135,2024-25,3,26,29,0,39.6,LIVE_TOV,39-42,38.0,1,-3,0,2,2,2,1,1,115.5,115.7,-2
0022401136,2024-25,1,1,25,1,33.7,DREB,33-36,18.5,0,2,3,2,1,1,0,0,109.8,112.7,1
0022401136,2024-25,2,25,1,0,34.2,MADE_BASKET,33-36,17.1,0,-16,0,0,1,1,0,0,115.1,116.8,0
0022401136,2024-25,3,1,25,1,38.1,MADE_BASKET,36-39,17.8,0,10,2,0,1,1,0,0,109.8,112.7,2
0022401137,2024-25,3,11,21,1,43.5,MADE_BASKET,42-45,30.5,1,5,2,3,1,1,0,0,117.4,107.5,-1
0022401138,2024-25,1,24,11,0,35.2,LIVE_TOV,33-36,28.5,1,-2,0,2,2,1,1,0,113.7,124.0,-2
0022401138,2024-25,2,11,24,1,33.8,MADE_BASKET,33-36,28.7,1,0,3,0,2,1,1,0,117.4,113.3,3
0022401138,2024-25,3,11,24,1,42.6,MADE_BASKET,42-45,32.5,1,-5,5,2,2,1,1,0,117.4,113.3,3
0022401139,2024-25,1,30,18,0,36.8,DREB,36-39,34.0,1,8,2,0,2,2,1,1,112.8,116.6,2
0022401139,2024-25,2,18,30,1,31.3,LIVE_TOV,30-33,21.6,0,-9,2,0,2,1,1,0,111.7,111.9,2
0022401139,2024-25,3,30,18,0,40.0,DEAD_BALL,39-42,27.8,0,2,2,0,2,2,1,1,112.8,116.6,2
0022401140,2024-25,1,2,25,0,45.0,DREB,42-45,33.1,1,7,3,2,2,1,1,0,121.3,112.7,1
0022401140,2024-25,2,25,2,1,42.6,DREB,42-45,30.7,1,-9,0,2,1,1,0,0,115.1,119.8,-2
0022401141,2024-25,1,6,14,0,34.6,MADE_BASKET,33-36,16.9,0,0,0,0,1,1,0,0,119.4,116.1,0
0022401141,2024-25,2,14,6,1,32.6,DREB,30-33,12.3,0,-4,5,0,2,1,1,0,120.3,108.5,5
0022401141,2024-25,3,6,14,0,33.0,DREB,33-36,15.0,0,-6,2,2,2,1,1,0,119.4,116.1,0
0022401142,2024-25,1,23,19,0,37.5,MADE_BASKET,36-39,19.3,0,-5,0,0,1,1,0,0,113.4,110.2,0
0022401142,2024-25,2,19,23,1,42.5,DREB,42-45,22.7,0,9,3,0,1,1,0,0,124.0,116.0,3
0022401142,2024-25,3,19,23,1,33.7,MADE_BASKET,33-36,15.5,0,7,2,2,2,1,1,0,124.0,116.0,0
0022401143,2024-25,1,17,19,0,33.5,DREB,33-36,27.3,0,9,3,2,1,1,0,0,125.5,110.2,1
0022401143,2024-25,2,19,17,1,41.1,DREB,39-42,31.2,1,-8,2,2,2,1,1,0,124.0,116.3,0
0022401143,2024-25,3,19,17,1,35.7,DEAD_BALL,33-36,12.3,0,-15,0,0,1,1,0,0,124.0,116.3,0
0022401144,2024-25,1,21,11,1,43.5,DREB,42-45,32.8,1,9,2,3,2,1,1,0,121.5,124.0,-1
0022401144,2024-25,2,11,21,0,31.5,MADE_BASKET,30-33,7.2,0,-5,2,0,1,1,0,0,117.4,107.5,2
0022401144,2024-25,3,11,21,0,43.0,MADE_BASKET,42-45,30.6,1,-12,0,0,2,1,1,0,117.4,107.5,0
0022401145,2024-25,1,12,14,0,30.0,DREB,30-33,7.5,0,6,0,0,1,1,0,0,113.6,116.1,0
0022401145,2024-25,2,14,12,1,39.9,DEAD_BALL,39-42,36.6,1,-2,4,0,2,1,1,0,120.3,116.7,4
0022401145,2024-25,3,14,12,1,35.5,MADE_BASKET,33-36,18.9,0,3,2,0,1,1,0,0,120.3,116.7,2
0022401146,2024-25,1,11,18,1,36.5,DREB,36-39,33.8,1,13,1,2,2,1,1,0,117.4,116.6,-1
0022401146,2024-25,2,18,11,0,33.9,MADE_BASKET,33-36,15.4,0,-19,0,0,1,1,0,0,111.7,124.0,0
0022401146,2024-25,3,18,11,0,30.0,MADE_BASKET,30-33,21.7,0,-29,0,2,2,1,1,0,111.7,124.0,-2
0022401147,2024-25,1,10,24,0,36.5,MADE_BASKET,36-39,29.2,1,-8,2,0,2,1,1,0,123.1,113.3,2
0022401147,2024-25,2,10,24,0,31.0,DREB,30-33,7.9,0,-1,0,0,1,1,0,0,123.1,113.3,0
0022401148,2024-25,1,21,4,0,33.9,MADE_BASKET,33-36,14.9,0,2,0,1,1,1,0,0,121.5,119.8,-1
0022401148,2024-25,2,21,4,0,44.4,MADE_BASKET,42-45,30.8,1,6,2,2,2,2,1,1,121.5,119.8,0
0022401148,2024-25,3,4,21,1,38.9,MADE_BASKET,36-39,33.8,1,-6,3,0,2,2,1,1,121.0,107.5,3
0022401149,2024-25,1,22,18,1,36.3,MADE_BASKET,36-39,29.9,1,-2,2,0,2,1,1,0,117.9,116.6,2
0022401149,2024-25,2,18,22,0,34.3,MADE_BASKET,33-36,30.1,1,6,0,0,2,1,1,0,111.7,119.7,0
0022401149,2024-25,3,18,22,0,41.9,MADE_BASKET,39-42,35.7,1,8,2,2,2,2,1,1,111.7,119.7,0
0022401150,2024-25,1,7,27,0,38.5,DREB,36-39,31.1,1,6,0,1,2,1,1,0,112.3,116.7,-1
0022401150,2024-25,2,27,7,1,38.7,MADE_BASKET,36-39,19.2,0,-3,2,0,1,1,0,0,108.9,118.9,2
0022401151,2024-25,1,5,1,0,42.4,MADE_BASKET,42-45,31.5,1,-2,3,2,1,1,0,0,110.9,116.8,1
0022401151,2024-25,2,1,5,1,35.2,MADE_BASKET,33-36,17.5,0,11,2,2,2,1,1,0,109.8,119.7,0
0022401151,2024-25,3,5,1,0,36.6,MADE_BASKET,36-39,18.7,0,-15,0,3,2,1,1,0,110.9,116.8,-3
0022401152,2024-25,1,15,2,1,43.2,MADE_BASKET,42-45,36.9,1,-3,2,2,1,1,0,0,116.4,119.8,0
0022401152,2024-25,2,15,2,1,42.6,MADE_BASKET,42-45,34.1,1,2,3,2,2,1,1,0,116.4,119.8,1
0022401152,2024-25,3,2,15,0,31.3,MADE_BASKET,30-33,7.6,0,-9,0,0,1,1,0,0,121.3,111.0,0
0022401153,2024-25,1,28,22,1,39.5,DREB,39-42,33.5,1,-7,2,1,2,1,1,0,117.0,119.7,1
0022401153,2024-25,2,28,22,1,37.7,DEAD_BALL,36-39,25.7,0,-8,1,0,2,1,1,0,117.0,119.7,1
0022401153,2024-25,3,22,28,0,38.4,MADE_BASKET,36-39,33.4,1,3,0,3,2,1,1,0,117.9,113.4,-3
0022401154,2024-25,1,6,19,1,37.3,MADE_BASKET,36-39,23.9,0,-5,0,0,1,1,0,0,119.4,110.2,0
0022401154,2024-25,2,6,19,1,31.7,LIVE_TOV,30-33,27.0,0,-10,4,2,2,1,1,0,119.4,110.2,2
0022401155,2024-25,1,3,11,0,44.8,MADE_BASKET,42-45,32.3,1,3,0,3,2,2,1,1,117.0,124.0,-3
0022401155,2024-25,2,11,3,1,34.0,DREB,33-36,24.8,0,3,2,0,1,1,0,0,117.4,117.7,2
0022401155,2024-25,3,11,3,1,41.0,DREB,39-42,24.6,0,8,3,0,1,1,0,0,117.4,117.7,3
0022401156,2024-25,1,14,13,1,34.6,MADE_BASKET,33-36,26.0,0,-9,0,0,2,1,1,0,120.3,108.4,0
0022401156,2024-25,2,14,13,1,36.3,MADE_BASKET,36-39,30.6,1,-16,3,3,2,1,1,0,120.3,108.4,0
0022401156,2024-25,3,14,13,1,39.5,LIVE_TOV,39-42,29.5,1,-14,2,2,1,1,0,0,120.3,108.4,0
0022401157,2024-25,1,1,9,1,31.6,MADE_BASKET,30-33,9.3,0,6,0,0,1,1,0,0,109.8,119.1,0
0022401157,2024-25,2,9,1,0,35.0,MADE_BASKET,33-36,11.5,0,5,3,2,2,1,1,0,117.4,116.8,1
0022401157,2024-25,3,9,1,0,35.8,DREB,33-36,31.7,1,1,3,3,2,1,1,0,117.4,116.8,0
0022401158,2024-25,1,27,30,0,39.5,MADE_BASKET,39-42,22.7,0,3,2,2,2,1,1,0,108.9,111.9,0
0022401158,2024-25,2,30,27,1,32.7,MADE_BASKET,30-33,26.2,0,-1,0,0,1,1,0,0,112.8,116.7,0
0022401158,2024-25,3,30,27,1,44.7,MADE_BASKET,42-45,36.8,1,-3,2,0,2,1,1,0,112.8,116.7,2
0022401159,2024-25,1,28,21,0,36.2,DREB,36-39,30.2,1,11,1,0,2,1,1,0,117.0,107.5,1
0022401159,2024-25,3,21,28,1,36.9,MADE_BASKET,36-39,29.0,1,0,3,3,2,1,1,0,121.5,113.4,0
0022401160,2024-25,1,26,3,1,39.5,MADE_BASKET,39-42,33.4,1,0,2,3,2,1,1,0,115.5,117.7,-1
0022401160,2024-25,3,26,3,1,38.8,MADE_BASKET,36-39,36.5,1,-14,2,1,2,1,1,0,115.5,117.7,1
0022401161,2024-25,1,30,23,0,33.8,MADE_BASKET,33-36,29.4,1,-8,2,0,2,1,1,0,112.8,116.0,2
0022401161,2024-25,2,30,23,0,34.4,MADE_BASKET,33-36,28.5,1,-15,2,0,2,1,1,0,112.8,116.0,2
0022401161,2024-25,3,30,23,0,36.9,MADE_BASKET,36-39,32.8,1,-12,3,0,2,2,1,1,112.8,116.0,3
0022401162,2024-25,1,1,8,1,40.6,MADE_BASKET,39-42,26.2,0,6,0,2,2,1,1,0,109.8,110.5,-2
0022401162,2024-25,2,8,1,0,32.9,MADE_BASKET,30-33,13.9,0,1,0,0,1,0,0,0,111.9,116.8,0
0022401163,2024-25,1,28,2,0,34.6,DREB,33-36,12.1,0,7,2,0,1,1,0,0,117.0,119.8,2
0022401163,2024-25,2,2,28,1,38.9,DEAD_BALL,36-39,36.7,1,4,0,2,2,1,1,0,121.3,113.4,-2
0022401163,2024-25,3,2,28,1,36.2,DREB,36-39,33.8,1,2,0,5,2,1,1,0,121.3,113.4,-5
0022401164,2024-25,2,3,22,1,32.5,DREB,30-33,14.5,0,-13,2,0,2,1,1,0,117.0,119.7,2
0022401164,2024-25,3,22,3,0,31.3,MADE_BASKET,30-33,10.0,0,4,0,2,1,1,0,0,117.9,117.7,-2
0022401165,2024-25,2,7,15,0,34.3,DREB,33-36,30.8,1,2,0,0,2,1,1,0,112.3,111.0,0
0022401165,2024-25,3,15,7,1,42.3,MADE_BASKET,42-45,31.6,1,2,2,0,2,1,1,0,116.4,118.9,2
0022401166,2024-25,1,2,13,1,36.2,MADE_BASKET,36-39,19.9,0,3,3,0,1,1,0,0,121.3,108.4,3
0022401166,2024-25,2,2,13,1,38.2,DREB,36-39,23.4,0,3,0,2,1,1,0,0,121.3,108.4,-2
0022401166,2024-25,3,13,2,0,39.6,LIVE_TOV,39-42,32.2,1,6,0,0,2,1,1,0,110.5,119.8,0
0022401167,2024-25,1,10,23,1,43.3,MADE_BASKET,42-45,33.4,1,-2,5,1,2,1,1,0,123.1,116.0,4
0022401167,2024-25,2,23,10,0,35.9,DREB,33-36,23.7,0,-1,0,2,1,1,0,0,113.4,114.1,-2
0022401168,2024-25,1,12,1,0,41.8,MADE_BASKET,39-42,30.3,1,1,0,2,2,1,1,0,113.6,116.8,-2
0022401168,2024-25,3,1,12,1,34.0,DREB,33-36,26.0,0,12,3,3,1,1,0,0,109.8,116.7,0
0022401169,2024-25,1,20,15,1,43.9,MADE_BASKET,42-45,39.9,1,5,4,3,2,2,1,1,128.5,111.0,1
0022401169,2024-25,2,20,15,1,41.6,MADE_BASKET,39-42,29.6,1,2,2,2,2,2,1,1,128.5,111.0,0
0022401169,2024-25,3,20,15,1,36.2,MADE_BASKET,36-39,22.1,0,-8,4,0,2,1,1,0,128.5,111.0,4
0022401170,2024-25,1,25,6,0,32.3,DREB,30-33,19.7,0,-3,0,0,1,1,0,0,115.1,108.5,0
0022401170,2024-25,2,25,6,0,30.8,MADE_BASKET,30-33,15.4,0,-2,0,3,1,1,0,0,115.1,108.5,-3
0022401170,2024-25,3,25,6,0,30.3,MADE_BASKET,30-33,17.2,0,5,2,0,1,1,0,0,115.1,108.5,2
0022401171,2024-25,1,9,10,0,41.8,DREB,39-42,31.4,1,4,2,2,2,2,1,1,117.4,114.1,0
0022401171,2024-25,2,9,10,0,37.6,MADE_BASKET,36-39,31.0,1,-2,0,4,2,1,1,0,117.4,114.1,-4
0022401171,2024-25,3,10,9,1,41.6,DREB,39-42,30.5,1,10,2,2,2,1,1,0,123.1,119.1,0
0022401172,2024-25,1,28,17,1,44.5,DREB,42-45,40.1,1,3,0,4,2,1,1,0,117.0,116.3,-4
0022401172,2024-25,2,28,17,1,41.4,MADE_BASKET,39-42,33.7,1,-8,5,0,2,1,1,0,117.0,116.3,5
0022401172,2024-25,3,17,28,0,42.2,DREB,42-45,28.3,1,-16,3,3,1,1,0,0,125.5,113.4,0
0022401173,2024-25,1,1,17,1,36.4,MADE_BASKET,36-39,19.8,0,-1,0,0,2,1,1,0,109.8,116.3,0
0022401173,2024-25,2,17,1,0,35.5,DREB,33-36,32.3,1,-6,2,0,2,1,1,0,125.5,116.8,2
0022401173,2024-25,3,17,1,0,37.3,MADE_BASKET,36-39,33.7,1,-4,2,3,2,1,1,0,125.5,116.8,-1
0022401174,2024-25,1,18,13,1,33.8,LIVE_TOV,33-36,29.3,1,-3,2,0,2,2,1,1,111.7,108.4,2
0022401174,2024-25,2,13,18,0,39.2,MADE_BASKET,39-42,22.8,0,-12,2,0,1,1,0,0,110.5,116.6,2
0022401174,2024-25,3,13,18,0,37.5,DREB,36-39,34.6,1,-5,3,3,2,2,1,1,110.5,116.6,0
0022401175,2024-25,1,28,8,0,38.5,DREB,36-39,20.9,0,-6,0,0,1,1,0,0,117.0,110.5,0
0022401175,2024-25,2,28,8,0,41.1,DREB,39-42,31.2,1,-6,0,3,2,1,1,0,117.0,110.5,-3
0022401175,2024-25,3,28,8,0,33.5,MADE_BASKET,33-36,28.4,1,2,0,0,2,1,1,0,117.0,110.5,0
0022401176,2024-25,1,5,26,0,39.7,LIVE_TOV,39-42,29.9,1,3,3,0,2,1,1,0,110.9,119.4,3
0022401176,2024-25,2,5,26,0,38.8,MADE_BASKET,36-39,29.8,1,4,3,0,2,1,1,0,110.9,119.4,3
0022401176,2024-25,3,26,5,1,41.7,MADE_BASKET,39-42,38.0,1,-3,5,0,2,1,1,0,115.5,119.7,5
0022401177,2024-25,1,22,15,0,32.1,MADE_BASKET,30-33,11.6,0,-2,3,0,1,1,0,0,117.9,111.0,3
0022401177,2024-25,2,22,15,0,34.8,DEAD_BALL,33-36,29.1,1,8,4,3,2,2,1,1,117.9,111.0,1
0022401177,2024-25,3,15,22,1,37.8,MADE_BASKET,36-39,29.9,1,-22,2,0,2,1,1,0,116.4,119.7,2
0022401178,2024-25,1,16,17,1,38.4,MADE_BASKET,36-39,23.7,0,-6,2,0,1,1,0,0,117.0,116.3,2
0022401178,2024-25,2,16,17,1,39.6,MADE_BASKET,39-42,35.3,1,-10,3,2,2,1,1,0,117.0,116.3,1
0022401178,2024-25,3,17,16,0,43.3,DREB,42-45,33.8,1,5,3,2,1,1,0,0,125.5,116.8,1
0022401179,2024-25,1,2,27,1,32.8,MADE_BASKET,30-33,17.1,0,6,0,2,1,1,0,0,121.3,116.7,-2
0022401179,2024-25,2,2,27,1,36.9,MADE_BASKET,36-39,19.1,0,2,1,3,2,1,1,0,121.3,116.7,-2
0022401179,2024-25,3,27,2,0,37.6,DREB,36-39,18.8,0,-2,0,2,1,1,0,0,108.9,119.8,-2
0022401180,2024-25,1,28,13,1,42.5,MADE_BASKET,42-45,32.2,1,5,0,2,3,2,1,1,117.0,108.4,-2
0022401180,2024-25,2,28,13,1,31.7,DREB,30-33,14.2,0,-5,2,2,1,1,0,0,117.0,108.4,0
0022401180,2024-25,3,13,28,0,31.8,MADE_BASKET,30-33,7.2,0,3,2,0,1,1,0,0,110.5,113.4,2
0022401181,2024-25,1,4,6,0,31.1,DREB,30-33,17.0,0,5,0,0,1,1,0,0,121.0,108.5,0
0022401181,2024-25,2,4,6,0,32.3,MADE_BASKET,30-33,24.5,0,17,2,3,1,1,0,0,121.0,108.5,-1
0022401182,2024-25,1,16,2,1,41.5,MADE_BASKET,39-42,21.2,0,7,0,0,1,1,0,0,117.0,119.8,0
0022401182,2024-25,2,16,2,1,33.5,MADE_BASKET,33-36,16.7,0,-12,0,0,1,1,0,0,117.0,119.8,0
0022401182,2024-25,3,16,2,1,42.4,DREB,42-45,28.3,1,-16,2,1,2,1,1,0,117.0,119.8,1
0022401183,2024-25,1,23,17,0,41.3,MADE_BASKET,39-42,22.9,0,-1,0,0,1,1,0,0,113.4,116.3,0
0022401183,2024-25,2,23,17,0,31.6,LIVE_TOV,30-33,28.6,1,1,0,0,2,1,1,0,113.4,116.3,0
0022401183,2024-25,3,23,17,0,43.4,MADE_BASKET,42-45,34.3,1,11,0,0,2,1,1,0,113.4,116.3,0
0022401184,2024-25,1,29,6,1,30.4,MADE_BASKET,30-33,14.2,0,6,0,0,1,1,0,0,121.1,108.5,0
0022401184,2024-25,2,6,29,0,37.2,MADE_BASKET,36-39,32.3,1,-8,5,2,2,2,1,1,119.4,115.7,3
0022401184,2024-25,3,6,29,0,39.4,DREB,39-42,35.8,1,-12,2,0,1,1,0,0,119.4,115.7,2
0022401185,2024-25,1,20,25,0,31.0,MADE_BASKET,30-33,21.7,0,-4,2,2,1,1,0,0,128.5,112.7,0
0022401185,2024-25,2,20,25,0,37.5,DREB,36-39,21.0,0,1,3,2,1,1,0,0,128.5,112.7,1
0022401185,2024-25,3,20,25,0,39.4,DREB,39-42,29.2,1,2,2,0,2,1,1,0,128.5,112.7,2
0022401186,2024-25,1,6,25,0,40.7,MADE_BASKET,39-42,27.2,0,-2,2,0,1,1,0,0,119.4,112.7,2
0022401186,2024-25,2,25,6,1,40.6,MADE_BASKET,39-42,30.5,1,3,2,0,2,1,1,0,115.1,108.5,2
0022401186,2024-25,3,25,6,1,31.8,MADE_BASKET,30-33,8.4,0,0,2,0,1,0,0,0,115.1,108.5,2
0022401187,2024-25,1,19,29,1,38.8,MADE_BASKET,36-39,33.7,1,-7,2,3,2,1,1,0,124.0,115.7,-1
0022401187,2024-25,2,29,19,0,34.4,DREB,33-36,15.0,0,8,0,0,1,1,0,0,121.1,110.2,0
0022401187,2024-25,3,29,19,0,34.9,MADE_BASKET,33-36,16.8,0,1,2,0,1,1,0,0,121.1,110.2,2
0022401188,2024-25,2,15,5,0,40.2,DREB,39-42,34.6,1,-16,3,3,2,1,1,0,116.4,119.7,0
0022401188,2024-25,3,5,15,1,37.6,DREB,36-39,32.1,1,14,0,2,2,1,1,0,110.9,111.0,-2
0022401189,2024-25,1,18,4,1,33.4,MADE_BASKET,33-36,10.7,0,-7,3,0,1,0,0,0,111.7,119.8,3
0022401189,2024-25,2,4,18,0,41.7,LIVE_TOV,39-42,37.3,1,-1,2,3,2,1,1,0,121.0,116.6,-1
0022401190,2024-25,1,5,14,0,37.9,MADE_BASKET,36-39,29.6,1,0,3,0,2,1,1,0,110.9,116.1,3
0022401190,2024-25,2,14,5,1,30.1,MADE_BASKET,30-33,5.9,0,-12,3,0,1,1,0,0,120.3,119.7,3
0022401191,2024-25,1,1,20,1,37.8,LIVE_TOV,36-39,28.7,1,-4,0,3,2,1,1,0,109.8,116.1,-3
0022401191,2024-25,2,20,1,0,36.0,LIVE_TOV,36-39,30.0,1,8,1,0,2,1,1,0,128.5,116.8,1
0022401191,2024-25,3,20,1,0,30.6,DEAD_BALL,30-33,7.2,0,8,0,0,1,1,0,0,128.5,116.8,0
0022401192,2024-25,1,12,13,0,40.2,DREB,39-42,30.3,1,-2,0,2,2,1,1,0,113.6,108.4,-2
0022401192,2024-25,2,12,13,0,39.8,MADE_BASKET,39-42,35.9,1,2,2,0,2,1,1,0,113.6,108.4,2
0022401192,2024-25,3,13,12,1,36.2,DREB,36-39,23.1,0,-10,2,0,1,1,0,0,110.5,116.7,2
0022401193,2024-25,1,25,17,1,33.4,DREB,33-36,24.1,0,-1,0,2,1,1,0,0,115.1,116.3,-2
0022401193,2024-25,2,17,25,0,37.0,MADE_BASKET,36-39,18.6,0,-2,0,3,2,1,1,0,125.5,112.7,-3
0022401193,2024-25,3,25,17,1,35.3,DREB,33-36,28.4,1,12,2,0,2,1,1,0,115.1,116.3,2
0022401194,2024-25,2,3,27,1,34.3,MADE_BASKET,33-36,17.6,0,-9,3,0,1,1,0,0,117.0,116.7,3
0022401194,2024-25,3,27,3,0,37.8,MADE_BASKET,36-39,19.7,0,2,3,0,1,1,0,0,108.9,117.7,3
0022401195,2024-25,1,21,28,0,43.1,MADE_BASKET,42-45,33.3,1,-6,2,3,2,2,1,1,121.5,113.4,-1
0022401195,2024-25,3,28,21,1,39.3,DEAD_BALL,39-42,36.0,1,20,4,3,3,3,1,1,117.0,107.5,1
0022401196,2024-25,1,11,19,0,30.5,MADE_BASKET,30-33,17.7,0,0,0,0,1,1,0,0,117.4,110.2,0
0022401196,2024-25,2,19,11,1,30.0,MADE_BASKET,30-33,4.8,0,-7,0,0,1,1,0,0,124.0,124.0,0
0022401196,2024-25,3,11,19,0,35.2,MADE_BASKET,33-36,33.6,1,9,3,2,2,1,1,0,117.4,110.2,1
0022401197,2024-25,1,7,10,0,35.7,MADE_BASKET,33-36,18.9,0,-2,2,0,2,1,1,0,112.3,114.1,2
0022401197,2024-25,2,10,7,1,34.3,MADE_BASKET,33-36,30.1,1,-4,0,0,2,1,1,0,123.1,118.9,0
0022401197,2024-25,3,7,10,0,35.6,DREB,33-36,30.4,1,6,0,0,2,1,1,0,112.3,114.1,0
0022401198,2024-25,1,21,14,0,35.5,MADE_BASKET,33-36,21.9,0,2,3,0,2,1,1,0,121.5,116.1,3
0022401198,2024-25,2,14,21,1,44.6,MADE_BASKET,42-45,29.4,1,-2,2,1,2,1,1,0,120.3,107.5,1
0022401198,2024-25,3,21,14,0,30.3,MADE_BASKET,30-33,7.2,0,3,2,0,1,1,0,0,121.5,116.1,2
0022401199,2024-25,1,2,21,0,31.3,MADE_BASKET,30-33,8.9,0,-9,0,3,1,1,0,0,121.3,107.5,-3
0022401199,2024-25,2,21,2,1,30.9,MADE_BASKET,30-33,7.5,0,17,2,0,1,0,0,0,121.5,119.8,2
0022401199,2024-25,3,21,2,1,39.4,DREB,39-42,30.5,1,13,3,4,2,2,1,1,121.5,119.8,-1
0022401200,2024-25,2,21,19,1,31.5,MADE_BASKET,30-33,8.9,0,8,0,0,1,1,0,0,121.5,110.2,0
0022401201,2024-25,1,6,12,1,42.5,DREB,42-45,29.1,1,-2,2,0,1,1,0,0,119.4,116.7,2
0022401201,2024-25,2,6,12,1,35.8,DREB,33-36,23.6,0,-8,2,0,1,1,0,0,119.4,116.7,2
0022401201,2024-25,3,6,12,1,41.4,DREB,39-42,28.4,1,-2,2,2,2,1,1,0,119.4,116.7,0
0022401202,2024-25,1,21,26,1,42.1,MADE_BASKET,42-45,19.9,0,-9,2,2,1,1,0,0,121.5,119.4,0
0022401202,2024-25,2,21,26,1,40.3,MADE_BASKET,39-42,32.6,1,-18,0,0,2,2,1,1,121.5,119.4,0
0022401202,2024-25,3,21,26,1,40.5,DEAD_BALL,39-42,37.4,1,-18,2,3,2,1,1,0,121.5,119.4,-1
0022401203,2024-25,1,17,6,0,40.2,DREB,39-42,23.5,0,-1,5,0,1,1,0,0,125.5,108.5,5
0022401203,2024-25,2,17,6,0,31.9,MADE_BASKET,30-33,30.1,1,12,2,3,2,2,1,1,125.5,108.5,-1
0022401203,2024-25,3,6,17,1,31.8,MADE_BASKET,30-33,20.8,0,-19,2,0,1,1,0,0,119.4,116.3,2
0022401204,2024-25,1,10,22,0,35.1,DREB,33-36,22.5,0,1,0,3,1,1,0,0,123.1,119.7,-3
0022401204,2024-25,2,22,10,1,43.2,MADE_BASKET,42-45,37.7,1,-7,2,4,2,2,1,1,117.9,114.1,-2
0022401204,2024-25,3,10,22,0,35.6,DREB,33-36,12.1,0,9,0,2,1,1,0,0,123.1,119.7,-2
0022401205,2024-25,1,8,9,0,33.8,MADE_BASKET,33-36,14.6,0,-7,0,0,1,1,0,0,111.9,119.1,0
0022401205,2024-25,3,9,8,1,44.9,MADE_BASKET,42-45,34.1,1,7,2,2,2,2,1,1,117.4,110.5,0
0022401206,2024-25,1,14,6,1,43.5,MADE_BASKET,42-45,32.5,1,1,2,0,1,1,0,0,120.3,108.5,2
0022401206,2024-25,2,6,14,0,35.3,MADE_BASKET,33-36,22.8,0,-4,2,0,1,1,0,0,119.4,116.1,2
0022401206,2024-25,3,6,14,0,33.6,MADE_BASKET,33-36,15.4,0,-7,3,2,2,1,1,0,119.4,116.1,1
0022401207,2024-25,1,8,18,0,38.0,DEAD_BALL,36-39,31.0,1,-6,0,2,2,1,1,0,111.9,116.6,-2
0022401207,2024-25,2,8,18,0,38.3,MADE_BASKET,36-39,25.6,0,-17,2,2,1,1,0,0,111.9,116.6,0
0022401207,2024-25,3,8,18,0,42.9,DREB,42-45,29.1,1,-10,2,2,2,1,1,0,111.9,116.6,0
0022401208,2024-25,2,11,19,1,36.4,LIVE_TOV,36-39,34.4,1,3,2,2,1,1,0,0,117.4,110.2,0
0022401209,2024-25,1,29,5,0,41.3,DREB,39-42,33.8,1,-7,4,0,2,1,1,0,121.1,119.7,4
0022401209,2024-25,2,29,5,0,41.3,DEAD_BALL,39-42,30.6,1,-8,0,0,1,1,0,0,121.1,119.7,0
0022401209,2024-25,3,5,29,1,32.7,DEAD_BALL,30-33,17.1,0,11,0,3,2,1,1,0,110.9,115.7,-3
0022401210,2024-25,1,20,21,0,37.2,DREB,36-39,20.4,0,7,2,0,1,1,0,0,128.5,107.5,2
0022401210,2024-25,2,20,21,0,36.6,DEAD_BALL,36-39,27.6,0,15,2,0,2,1,1,0,128.5,107.5,2
0022401210,2024-25,3,21,20,1,39.2,DREB,39-42,28.1,1,-18,4,0,2,2,1,1,121.5,116.1,4
0022401211,2024-25,1,15,26,1,31.6,DREB,30-33,28.8,1,15,4,0,2,1,1,0,116.4,119.4,4
0022401211,2024-25,2,15,26,1,42.5,MADE_BASKET,42-45,33.8,1,17,0,5,2,2,1,1,116.4,119.4,-5
0022401211,2024-25,3,26,15,0,44.3,MADE_BASKET,42-45,33.5,1,-24,2,0,2,2,1,1,115.5,111.0,2
0022401213,2024-25,1,23,24,1,44.6,MADE_BASKET,42-45,31.1,1,-1,2,0,2,1,1,0,113.4,113.3,2
0022401213,2024-25,3,23,24,1,39.4,MADE_BASKET,39-42,23.2,0,-3,0,2,1,1,0,0,113.4,113.3,-2
0022401214,2024-25,1,3,9,1,39.2,DEAD_BALL,39-42,24.0,0,1,0,0,1,1,0,0,117.0,119.1,0
0022401214,2024-25,2,9,3,0,36.2,MADE_BASKET,36-39,30.6,1,-7,0,5,2,1,1,0,117.4,117.7,-5
0022401214,2024-25,3,9,3,0,35.8,MADE_BASKET,33-36,14.8,0,-14,1,0,1,1,0,0,117.4,117.7,1
0022401215,2024-25,1,8,5,0,40.2,DREB,39-42,27.1,0,1,2,1,2,1,1,0,111.9,119.7,1
0022401215,2024-25,2,8,5,0,39.2,DREB,39-42,32.7,1,5,4,2,2,2,1,1,111.9,119.7,2
0022401215,2024-25,3,8,5,0,39.6,DREB,39-42,24.0,0,8,2,2,1,1,0,0,111.9,119.7,0
0022401216,2024-25,2,1,27,1,35.7,MADE_BASKET,33-36,13.7,0,-6,0,3,1,1,0,0,109.8,116.7,-3
0022401216,2024-25,3,1,27,1,30.7,DREB,30-33,7.3,0,3,2,0,1,1,0,0,109.8,116.7,2
0022401217,2024-25,1,9,28,0,36.3,MADE_BASKET,36-39,20.3,0,-1,2,0,1,1,0,0,117.4,113.4,2
0022401217,2024-25,2,28,9,1,35.8,DREB,33-36,29.2,1,4,0,2,2,1,1,0,117.0,119.1,-2
0022401217,2024-25,3,28,9,1,34.7,DREB,33-36,30.4,1,6,2,0,2,1,1,0,117.0,119.1,2
0022401218,2024-25,1,9,22,1,40.6,MADE_BASKET,39-42,36.7,1,10,2,2,2,1,1,0,117.4,119.7,0
0022401218,2024-25,2,9,22,1,41.8,DREB,39-42,34.0,1,17,0,3,1,1,0,0,117.4,119.7,-3
0022401218,2024-25,3,9,22,1,36.9,MADE_BASKET,36-39,18.7,0,11,0,0,1,1,0,0,117.4,119.7,0
0022401219,2024-25,1,17,11,0,41.0,LIVE_TOV,39-42,33.9,1,-1,3,3,2,1,1,0,125.5,124.0,0
0022401219,2024-25,2,11,17,1,34.5,MADE_BASKET,33-36,18.0,0,11,0,3,2,1,1,0,117.4,116.3,-3
0022401219,2024-25,3,11,17,1,35.9,MADE_BASKET,33-36,31.8,1,6,0,4,2,1,1,0,117.4,116.3,-4
0022401220,2024-25,1,22,13,0,37.5,DREB,36-39,28.6,1,2,1,2,2,1,1,0,117.9,108.4,-1
0022401220,2024-25,2,22,13,0,40.9,DREB,39-42,37.5,1,13,3,0,2,1,1,0,117.9,108.4,3
0022401221,2024-25,1,5,15,0,36.3,MADE_BASKET,36-39,28.0,1,-7,0,0,2,1,1,0,110.9,111.0,0
0022401221,2024-25,2,5,15,0,42.1,MADE_BASKET,42-45,29.6,1,-5,2,0,2,1,1,0,110.9,111.0,2
0022401222,2024-25,1,27,5,0,43.5,DREB,42-45,28.4,1,4,1,3,2,1,1,0,108.9,119.7,-2
0022401222,2024-25,2,27,5,0,43.2,MADE_BASKET,42-45,30.9,1,-2,4,0,2,1,1,0,108.9,119.7,4
0022401223,2024-25,1,1,3,1,30.9,MADE_BASKET,30-33,15.6,0,-2,1,0,1,1,0,0,109.8,117.7,1
0022401223,2024-25,2,3,1,0,34.5,MADE_BASKET,33-36,14.8,0,-12,0,2,2,1,1,0,117.0,116.8,-2
0022401224,2024-25,1,7,17,0,31.7,DREB,30-33,19.0,0,-3,0,3,2,1,1,0,112.3,116.3,-3
0022401224,2024-25,2,17,7,1,32.9,DREB,30-33,31.2,1,11,2,0,2,1,1,0,125.5,118.9,2
0022401224,2024-25,3,7,17,0,39.6,MADE_BASKET,39-42,33.6,1,-15,3,0,2,2,1,1,112.3,116.3,3
0022401225,2024-25,1,12,25,1,35.5,MADE_BASKET,33-36,19.2,0,-1,3,0,1,1,0,0,113.6,112.7,3
0022401225,2024-25,2,25,12,0,39.8,DREB,39-42,37.6,1,-12,3,0,3,2,1,1,115.1,116.7,3
0022401225,2024-25,3,12,25,1,42.9,DREB,42-45,31.3,1,7,4,2,2,1,1,0,113.6,112.7,2
0022401226,2024-25,1,2,11,1,40.7,MADE_BASKET,39-42,32.0,1,1,5,2,2,1,1,0,121.3,124.0,3
0022401226,2024-25,2,11,2,0,32.0,DREB,30-33,29.0,1,-4,2,0,2,1,1,0,117.4,119.8,2
0022401226,2024-25,3,2,11,1,42.8,MADE_BASKET,42-45,31.7,1,1,5,3,2,1,1,0,121.3,124.0,2
0022401227,2024-25,1,29,10,0,36.5,MADE_BASKET,36-39,15.3,0,-2,2,0,1,1,0,0,121.1,114.1,2
0022401227,2024-25,2,10,29,1,38.8,DREB,36-39,34.4,1,-6,3,0,2,2,1,1,123.1,115.7,3
0022401227,2024-25,3,10,29,1,31.1,DREB,30-33,18.3,0,3,0,1,1,1,0,0,123.1,115.7,-1
0022401228,2024-25,1,3,14,1,39.1,DREB,39-42,30.4,1,3,0,0,2,1,1,0,117.0,116.1,0
0022401228,2024-25,2,3,14,1,37.7,DREB,36-39,30.9,1,3,1,2,2,1,1,0,117.0,116.1,-1
0022401228,2024-25,3,14,3,0,39.0,MADE_BASKET,39-42,30.8,1,-5,2,2,2,1,1,0,120.3,117.7,0
0022401229,2024-25,1,21,5,1,32.7,DREB,30-33,20.0,0,-3,2,2,1,1,0,0,121.5,119.7,0
0022401229,2024-25,2,5,21,0,36.6,LIVE_TOV,36-39,30.8,1,4,3,2,2,1,1,0,110.9,107.5,1
0022401229,2024-25,3,21,5,1,36.3,MADE_BASKET,36-39,14.3,0,2,2,0,1,1,0,0,121.5,119.7,2
0022401230,2024-25,1,29,1,1,34.7,MADE_BASKET,33-36,25.1,0,9,2,0,1,1,0,0,121.1,116.8,2
0022401230,2024-25,3,29,1,1,31.8,MADE_BASKET,30-33,12.4,0,1,4,0,1,1,0,0,121.1,116.8,4
